movimentacao_id,lote_id,produto_id,tipo_movimentacao,quantidade,motivo_desperdicio,usuario_id,data_hora,dia_semana,eh_feriado,clima,temp_media_c,evento_regiao
M1000,L001,101,ENTRADA,60.0,,1,2026-09-10 08:00:00,Quinta,0,Ensolarado,24.0,0
M1001,L002,101,ENTRADA,40.0,,1,2026-09-18 08:00:00,Quinta,0,Ensolarado,24.0,0
M1002,L003,102,ENTRADA,45.0,,1,2026-09-10 08:00:00,Quinta,0,Ensolarado,24.0,0
M1003,L004,103,ENTRADA,24.0,,1,2026-09-10 08:00:00,Quinta,0,Ensolarado,24.0,0
M1004,L005,103,ENTRADA,16.0,,1,2026-09-18 08:00:00,Quinta,0,Ensolarado,24.0,0
M1005,L006,104,ENTRADA,15.0,,1,2026-09-10 08:00:00,Quinta,0,Ensolarado,24.0,0
M1006,L007,105,ENTRADA,45.0,,1,2026-09-10 08:00:00,Quinta,0,Ensolarado,24.0,0
M1007,L008,105,ENTRADA,30.0,,1,2026-09-18 08:00:00,Quinta,0,Ensolarado,24.0,0
M1008,L009,106,ENTRADA,30.0,,1,2026-09-10 08:00:00,Quinta,0,Ensolarado,24.0,0
M1009,L010,107,ENTRADA,30.0,,1,2026-09-10 08:00:00,Quinta,0,Ensolarado,24.0,0
M1010,L011,107,ENTRADA,20.0,,1,2026-09-18 08:00:00,Quinta,0,Ensolarado,24.0,0
M1011,L012,108,ENTRADA,36.0,,1,2026-09-10 08:00:00,Quinta,0,Ensolarado,24.0,0
M1012,L013,109,ENTRADA,90.0,,1,2026-09-10 08:00:00,Quinta,0,Ensolarado,24.0,0
M1013,L014,109,ENTRADA,60.0,,1,2026-09-18 08:00:00,Quinta,0,Ensolarado,24.0,0
M1014,L015,110,ENTRADA,12.0,,1,2026-09-10 08:00:00,Quinta,0,Ensolarado,24.0,0
M1015,L001,101,SAIDA_CONSUMO,23.89,,2,2025-10-01 21:30:00,Quarta,1,Ensolarado,34.4,0
M1016,L003,102,SAIDA_CONSUMO,29.45,,2,2025-10-01 21:30:00,Quarta,1,Ensolarado,34.4,0
M1017,L004,103,SAIDA_CONSUMO,9.83,,2,2025-10-01 21:30:00,Quarta,1,Ensolarado,34.4,0
M1018,L004,103,DESPERDICIO,1.46,Sobras de Prato,2,2025-10-01 22:00:00,Quarta,1,Ensolarado,34.4,0
M1019,L006,104,SAIDA_CONSUMO,6.39,,2,2025-10-01 21:30:00,Quarta,1,Ensolarado,34.4,0
M1020,L007,105,SAIDA_CONSUMO,24.28,,2,2025-10-01 21:30:00,Quarta,1,Ensolarado,34.4,0
M1021,L007,105,DESPERDICIO,0.23,Quebra de Embalagem,2,2025-10-01 22:00:00,Quarta,1,Ensolarado,34.4,0
M1022,L009,106,SAIDA_CONSUMO,16.22,,2,2025-10-01 21:30:00,Quarta,1,Ensolarado,34.4,0
M1023,L010,107,SAIDA_CONSUMO,15.39,,2,2025-10-01 21:30:00,Quarta,1,Ensolarado,34.4,0
M1024,L012,108,SAIDA_CONSUMO,21.32,,2,2025-10-01 21:30:00,Quarta,1,Ensolarado,34.4,0
M1025,L013,109,SAIDA_CONSUMO,26.77,,2,2025-10-01 21:30:00,Quarta,1,Ensolarado,34.4,0
M1026,L015,110,SAIDA_CONSUMO,2.38,,2,2025-10-01 21:30:00,Quarta,1,Ensolarado,34.4,0
M1027,L001,101,SAIDA_CONSUMO,17.55,,2,2025-10-02 21:30:00,Quinta,0,Ensolarado,29.9,0
M1028,L003,102,SAIDA_CONSUMO,22.45,,2,2025-10-02 21:30:00,Quinta,0,Ensolarado,29.9,0
M1029,L004,103,SAIDA_CONSUMO,6.89,,2,2025-10-02 21:30:00,Quinta,0,Ensolarado,29.9,0
M1030,L006,104,SAIDA_CONSUMO,4.77,,2,2025-10-02 21:30:00,Quinta,0,Ensolarado,29.9,0
M1031,L006,104,DESPERDICIO,1.38,Sobras de Prato,2,2025-10-02 22:00:00,Quinta,0,Ensolarado,29.9,0
M1032,L007,105,SAIDA_CONSUMO,18.34,,2,2025-10-02 21:30:00,Quinta,0,Ensolarado,29.9,0
M1033,L009,106,SAIDA_CONSUMO,11.72,,2,2025-10-02 21:30:00,Quinta,0,Ensolarado,29.9,0
M1034,L010,107,SAIDA_CONSUMO,11.77,,2,2025-10-02 21:30:00,Quinta,0,Ensolarado,29.9,0
M1035,L012,108,SAIDA_CONSUMO,16.85,,2,2025-10-02 21:30:00,Quinta,0,Ensolarado,29.9,0
M1036,L013,109,SAIDA_CONSUMO,21.3,,2,2025-10-02 21:30:00,Quinta,0,Ensolarado,29.9,0
M1037,L015,110,SAIDA_CONSUMO,1.79,,2,2025-10-02 21:30:00,Quinta,0,Ensolarado,29.9,0
M1038,L001,101,SAIDA_CONSUMO,58.55,,2,2025-10-03 21:30:00,Sexta,0,Ensolarado,28.8,1
M1039,L003,102,SAIDA_CONSUMO,36.82,,2,2025-10-03 21:30:00,Sexta,0,Ensolarado,28.8,1
M1040,L004,103,SAIDA_CONSUMO,26.01,,2,2025-10-03 21:30:00,Sexta,0,Ensolarado,28.8,1
M1041,L006,104,SAIDA_CONSUMO,14.61,,2,2025-10-03 21:30:00,Sexta,0,Ensolarado,28.8,1
M1042,L007,105,SAIDA_CONSUMO,25.59,,2,2025-10-03 21:30:00,Sexta,0,Ensolarado,28.8,1
M1043,L009,106,SAIDA_CONSUMO,24.24,,2,2025-10-03 21:30:00,Sexta,0,Ensolarado,28.8,1
M1044,L009,106,DESPERDICIO,0.46,Sobras de Prato,2,2025-10-03 22:00:00,Sexta,0,Ensolarado,28.8,1
M1045,L010,107,SAIDA_CONSUMO,17.82,,2,2025-10-03 21:30:00,Sexta,0,Ensolarado,28.8,1
M1046,L012,108,SAIDA_CONSUMO,11.82,,2,2025-10-03 21:30:00,Sexta,0,Ensolarado,28.8,1
M1047,L013,109,SAIDA_CONSUMO,130.82,,2,2025-10-03 21:30:00,Sexta,0,Ensolarado,28.8,1
M1048,L015,110,SAIDA_CONSUMO,4.48,,2,2025-10-03 21:30:00,Sexta,0,Ensolarado,28.8,1
M1049,L001,101,SAIDA_CONSUMO,57.46,,2,2025-10-04 21:30:00,Sábado,0,Ensolarado,31.5,1
M1050,L003,102,SAIDA_CONSUMO,37.25,,2,2025-10-04 21:30:00,Sábado,0,Ensolarado,31.5,1
M1051,L004,103,SAIDA_CONSUMO,26.25,,2,2025-10-04 21:30:00,Sábado,0,Ensolarado,31.5,1
M1052,L006,104,SAIDA_CONSUMO,15.17,,2,2025-10-04 21:30:00,Sábado,0,Ensolarado,31.5,1
M1053,L007,105,SAIDA_CONSUMO,25.04,,2,2025-10-04 21:30:00,Sábado,0,Ensolarado,31.5,1
M1054,L007,105,DESPERDICIO,0.34,Quebra de Embalagem,2,2025-10-04 22:00:00,Sábado,0,Ensolarado,31.5,1
M1055,L009,106,SAIDA_CONSUMO,25.78,,2,2025-10-04 21:30:00,Sábado,0,Ensolarado,31.5,1
M1056,L010,107,SAIDA_CONSUMO,18.86,,2,2025-10-04 21:30:00,Sábado,0,Ensolarado,31.5,1
M1057,L012,108,SAIDA_CONSUMO,11.11,,2,2025-10-04 21:30:00,Sábado,0,Ensolarado,31.5,1
M1058,L013,109,SAIDA_CONSUMO,138.56,,2,2025-10-04 21:30:00,Sábado,0,Ensolarado,31.5,1
M1059,L015,110,SAIDA_CONSUMO,4.66,,2,2025-10-04 21:30:00,Sábado,0,Ensolarado,31.5,1
M1060,L001,101,SAIDA_CONSUMO,48.59,,2,2025-10-05 21:30:00,Domingo,0,Ensolarado,31.0,0
M1061,L003,102,SAIDA_CONSUMO,31.12,,2,2025-10-05 21:30:00,Domingo,0,Ensolarado,31.0,0
M1062,L004,103,SAIDA_CONSUMO,20.27,,2,2025-10-05 21:30:00,Domingo,0,Ensolarado,31.0,0
M1063,L006,104,SAIDA_CONSUMO,11.89,,2,2025-10-05 21:30:00,Domingo,0,Ensolarado,31.0,0
M1064,L007,105,SAIDA_CONSUMO,21.92,,2,2025-10-05 21:30:00,Domingo,0,Ensolarado,31.0,0
M1065,L009,106,SAIDA_CONSUMO,20.75,,2,2025-10-05 21:30:00,Domingo,0,Ensolarado,31.0,0
M1066,L010,107,SAIDA_CONSUMO,14.91,,2,2025-10-05 21:30:00,Domingo,0,Ensolarado,31.0,0
M1067,L010,107,DESPERDICIO,0.66,Quebra de Embalagem,2,2025-10-05 22:00:00,Domingo,0,Ensolarado,31.0,0
M1068,L012,108,SAIDA_CONSUMO,9.08,,2,2025-10-05 21:30:00,Domingo,0,Ensolarado,31.0,0
M1069,L012,108,DESPERDICIO,0.86,Validade / Avaria,2,2025-10-05 22:00:00,Domingo,0,Ensolarado,31.0,0
M1070,L013,109,SAIDA_CONSUMO,119.42,,2,2025-10-05 21:30:00,Domingo,0,Ensolarado,31.0,0
M1071,L015,110,SAIDA_CONSUMO,3.58,,2,2025-10-05 21:30:00,Domingo,0,Ensolarado,31.0,0
M1072,L001,101,SAIDA_CONSUMO,16.43,,2,2025-10-06 21:30:00,Segunda,0,Ensolarado,24.8,0
M1073,L003,102,SAIDA_CONSUMO,22.74,,2,2025-10-06 21:30:00,Segunda,0,Ensolarado,24.8,0
M1074,L004,103,SAIDA_CONSUMO,7.45,,2,2025-10-06 21:30:00,Segunda,0,Ensolarado,24.8,0
M1075,L006,104,SAIDA_CONSUMO,4.59,,2,2025-10-06 21:30:00,Segunda,0,Ensolarado,24.8,0
M1076,L007,105,SAIDA_CONSUMO,14.36,,2,2025-10-06 21:30:00,Segunda,0,Ensolarado,24.8,0
M1077,L007,105,DESPERDICIO,0.65,Validade / Avaria,2,2025-10-06 22:00:00,Segunda,0,Ensolarado,24.8,0
M1078,L009,106,SAIDA_CONSUMO,9.74,,2,2025-10-06 21:30:00,Segunda,0,Ensolarado,24.8,0
M1079,L010,107,SAIDA_CONSUMO,11.98,,2,2025-10-06 21:30:00,Segunda,0,Ensolarado,24.8,0
M1080,L012,108,SAIDA_CONSUMO,15.98,,2,2025-10-06 21:30:00,Segunda,0,Ensolarado,24.8,0
M1081,L013,109,SAIDA_CONSUMO,15.09,,2,2025-10-06 21:30:00,Segunda,0,Ensolarado,24.8,0
M1082,L015,110,SAIDA_CONSUMO,1.86,,2,2025-10-06 21:30:00,Segunda,0,Ensolarado,24.8,0
M1083,L001,101,SAIDA_CONSUMO,18.44,,2,2025-10-07 21:30:00,Terça,0,Ensolarado,30.2,0
M1084,L003,102,SAIDA_CONSUMO,23.57,,2,2025-10-07 21:30:00,Terça,0,Ensolarado,30.2,0
M1085,L004,103,SAIDA_CONSUMO,6.9,,2,2025-10-07 21:30:00,Terça,0,Ensolarado,30.2,0
M1086,L004,103,DESPERDICIO,0.97,Quebra de Embalagem,2,2025-10-07 22:00:00,Terça,0,Ensolarado,30.2,0
M1087,L006,104,SAIDA_CONSUMO,4.69,,2,2025-10-07 21:30:00,Terça,0,Ensolarado,30.2,0
M1088,L007,105,SAIDA_CONSUMO,18.53,,2,2025-10-07 21:30:00,Terça,0,Ensolarado,30.2,0
M1089,L009,106,SAIDA_CONSUMO,12.24,,2,2025-10-07 21:30:00,Terça,0,Ensolarado,30.2,0
M1090,L010,107,SAIDA_CONSUMO,11.93,,2,2025-10-07 21:30:00,Terça,0,Ensolarado,30.2,0
M1091,L012,108,SAIDA_CONSUMO,17.23,,2,2025-10-07 21:30:00,Terça,0,Ensolarado,30.2,0
M1092,L013,109,SAIDA_CONSUMO,21.58,,2,2025-10-07 21:30:00,Terça,0,Ensolarado,30.2,0
M1093,L015,110,SAIDA_CONSUMO,1.87,,2,2025-10-07 21:30:00,Terça,0,Ensolarado,30.2,0
M1094,L001,101,SAIDA_CONSUMO,14.02,,2,2025-10-08 21:30:00,Quarta,0,Chuvoso,25.0,0
M1095,L003,102,SAIDA_CONSUMO,18.47,,2,2025-10-08 21:30:00,Quarta,0,Chuvoso,25.0,0
M1096,L004,103,SAIDA_CONSUMO,7.5,,2,2025-10-08 21:30:00,Quarta,0,Chuvoso,25.0,0
M1097,L006,104,SAIDA_CONSUMO,4.83,,2,2025-10-08 21:30:00,Quarta,0,Chuvoso,25.0,0
M1098,L007,105,SAIDA_CONSUMO,14.89,,2,2025-10-08 21:30:00,Quarta,0,Chuvoso,25.0,0
M1099,L009,106,SAIDA_CONSUMO,9.79,,2,2025-10-08 21:30:00,Quarta,0,Chuvoso,25.0,0
M1100,L010,107,SAIDA_CONSUMO,12.43,,2,2025-10-08 21:30:00,Quarta,0,Chuvoso,25.0,0
M1101,L012,108,SAIDA_CONSUMO,18.05,,2,2025-10-08 21:30:00,Quarta,0,Chuvoso,25.0,0
M1102,L013,109,SAIDA_CONSUMO,7.11,,2,2025-10-08 21:30:00,Quarta,0,Chuvoso,25.0,0
M1103,L015,110,SAIDA_CONSUMO,1.65,,2,2025-10-08 21:30:00,Quarta,0,Chuvoso,25.0,0
M1104,L001,101,SAIDA_CONSUMO,17.0,,2,2025-10-09 21:30:00,Quinta,0,Ensolarado,22.2,0
M1105,L003,102,SAIDA_CONSUMO,21.58,,2,2025-10-09 21:30:00,Quinta,0,Ensolarado,22.2,0
M1106,L004,103,SAIDA_CONSUMO,6.91,,2,2025-10-09 21:30:00,Quinta,0,Ensolarado,22.2,0
M1107,L006,104,SAIDA_CONSUMO,5.02,,2,2025-10-09 21:30:00,Quinta,0,Ensolarado,22.2,0
M1108,L007,105,SAIDA_CONSUMO,13.61,,2,2025-10-09 21:30:00,Quinta,0,Ensolarado,22.2,0
M1109,L009,106,SAIDA_CONSUMO,9.89,,2,2025-10-09 21:30:00,Quinta,0,Ensolarado,22.2,0
M1110,L010,107,SAIDA_CONSUMO,12.46,,2,2025-10-09 21:30:00,Quinta,0,Ensolarado,22.2,0
M1111,L012,108,SAIDA_CONSUMO,16.78,,2,2025-10-09 21:30:00,Quinta,0,Ensolarado,22.2,0
M1112,L013,109,SAIDA_CONSUMO,15.22,,2,2025-10-09 21:30:00,Quinta,0,Ensolarado,22.2,0
M1113,L015,110,SAIDA_CONSUMO,1.89,,2,2025-10-09 21:30:00,Quinta,0,Ensolarado,22.2,0
M1114,L001,101,SAIDA_CONSUMO,54.03,,2,2025-10-10 21:30:00,Sexta,0,Ensolarado,29.4,1
M1115,L003,102,SAIDA_CONSUMO,35.7,,2,2025-10-10 21:30:00,Sexta,0,Ensolarado,29.4,1
M1116,L004,103,SAIDA_CONSUMO,25.81,,2,2025-10-10 21:30:00,Sexta,0,Ensolarado,29.4,1
M1117,L006,104,SAIDA_CONSUMO,14.57,,2,2025-10-10 21:30:00,Sexta,0,Ensolarado,29.4,1
M1118,L007,105,SAIDA_CONSUMO,26.29,,2,2025-10-10 21:30:00,Sexta,0,Ensolarado,29.4,1
M1119,L009,106,SAIDA_CONSUMO,24.78,,2,2025-10-10 21:30:00,Sexta,0,Ensolarado,29.4,1
M1120,L010,107,SAIDA_CONSUMO,16.48,,2,2025-10-10 21:30:00,Sexta,0,Ensolarado,29.4,1
M1121,L012,108,SAIDA_CONSUMO,10.87,,2,2025-10-10 21:30:00,Sexta,0,Ensolarado,29.4,1
M1122,L013,109,SAIDA_CONSUMO,131.99,,2,2025-10-10 21:30:00,Sexta,0,Ensolarado,29.4,1
M1123,L015,110,SAIDA_CONSUMO,4.53,,2,2025-10-10 21:30:00,Sexta,0,Ensolarado,29.4,1
M1124,L001,101,SAIDA_CONSUMO,40.9,,2,2025-10-11 21:30:00,Sábado,0,Ensolarado,33.0,0
M1125,L003,102,SAIDA_CONSUMO,27.22,,2,2025-10-11 21:30:00,Sábado,0,Ensolarado,33.0,0
M1126,L004,103,SAIDA_CONSUMO,18.59,,2,2025-10-11 21:30:00,Sábado,0,Ensolarado,33.0,0
M1127,L006,104,SAIDA_CONSUMO,9.28,,2,2025-10-11 21:30:00,Sábado,0,Ensolarado,33.0,0
M1128,L006,104,DESPERDICIO,1.02,Sobras de Prato,2,2025-10-11 22:00:00,Sábado,0,Ensolarado,33.0,0
M1129,L007,105,SAIDA_CONSUMO,19.75,,2,2025-10-11 21:30:00,Sábado,0,Ensolarado,33.0,0
M1130,L009,106,SAIDA_CONSUMO,18.19,,2,2025-10-11 21:30:00,Sábado,0,Ensolarado,33.0,0
M1131,L010,107,SAIDA_CONSUMO,11.31,,2,2025-10-11 21:30:00,Sábado,0,Ensolarado,33.0,0
M1132,L012,108,SAIDA_CONSUMO,7.4,,2,2025-10-11 21:30:00,Sábado,0,Ensolarado,33.0,0
M1133,L013,109,SAIDA_CONSUMO,94.12,,2,2025-10-11 21:30:00,Sábado,0,Ensolarado,33.0,0
M1134,L015,110,SAIDA_CONSUMO,2.92,,2,2025-10-11 21:30:00,Sábado,0,Ensolarado,33.0,0
M1135,L001,101,SAIDA_CONSUMO,50.21,,2,2025-10-12 21:30:00,Domingo,1,Ensolarado,22.4,0
M1136,L003,102,SAIDA_CONSUMO,32.08,,2,2025-10-12 21:30:00,Domingo,1,Ensolarado,22.4,0
M1137,L004,103,SAIDA_CONSUMO,23.89,,2,2025-10-12 21:30:00,Domingo,1,Ensolarado,22.4,0
M1138,L006,104,SAIDA_CONSUMO,12.36,,2,2025-10-12 21:30:00,Domingo,1,Ensolarado,22.4,0
M1139,L007,105,SAIDA_CONSUMO,21.29,,2,2025-10-12 21:30:00,Domingo,1,Ensolarado,22.4,0
M1140,L009,106,SAIDA_CONSUMO,19.49,,2,2025-10-12 21:30:00,Domingo,1,Ensolarado,22.4,0
M1141,L010,107,SAIDA_CONSUMO,15.61,,2,2025-10-12 21:30:00,Domingo,1,Ensolarado,22.4,0
M1142,L012,108,SAIDA_CONSUMO,10.58,,2,2025-10-12 21:30:00,Domingo,1,Ensolarado,22.4,0
M1143,L013,109,SAIDA_CONSUMO,83.06,,2,2025-10-12 21:30:00,Domingo,1,Ensolarado,22.4,0
M1144,L015,110,SAIDA_CONSUMO,3.65,,2,2025-10-12 21:30:00,Domingo,1,Ensolarado,22.4,0
M1145,L015,110,DESPERDICIO,1.45,Quebra de Embalagem,2,2025-10-12 22:00:00,Domingo,1,Ensolarado,22.4,0
M1146,L001,101,SAIDA_CONSUMO,13.84,,2,2025-10-13 21:30:00,Segunda,0,Ensolarado,31.0,0
M1147,L003,102,SAIDA_CONSUMO,17.69,,2,2025-10-13 21:30:00,Segunda,0,Ensolarado,31.0,0
M1148,L004,103,SAIDA_CONSUMO,6.06,,2,2025-10-13 21:30:00,Segunda,0,Ensolarado,31.0,0
M1149,L006,104,SAIDA_CONSUMO,4.12,,2,2025-10-13 21:30:00,Segunda,0,Ensolarado,31.0,0
M1150,L007,105,SAIDA_CONSUMO,15.99,,2,2025-10-13 21:30:00,Segunda,0,Ensolarado,31.0,0
M1151,L007,105,DESPERDICIO,0.94,Quebra de Embalagem,2,2025-10-13 22:00:00,Segunda,0,Ensolarado,31.0,0
M1152,L009,106,SAIDA_CONSUMO,9.81,,2,2025-10-13 21:30:00,Segunda,0,Ensolarado,31.0,0
M1153,L010,107,SAIDA_CONSUMO,10.22,,2,2025-10-13 21:30:00,Segunda,0,Ensolarado,31.0,0
M1154,L012,108,SAIDA_CONSUMO,14.54,,2,2025-10-13 21:30:00,Segunda,0,Ensolarado,31.0,0
M1155,L013,109,SAIDA_CONSUMO,15.46,,2,2025-10-13 21:30:00,Segunda,0,Ensolarado,31.0,0
M1156,L015,110,SAIDA_CONSUMO,1.42,,2,2025-10-13 21:30:00,Segunda,0,Ensolarado,31.0,0
M1157,L001,101,SAIDA_CONSUMO,14.67,,2,2025-10-14 21:30:00,Terça,0,Ensolarado,30.0,0
M1158,L003,102,SAIDA_CONSUMO,18.12,,2,2025-10-14 21:30:00,Terça,0,Ensolarado,30.0,0
M1159,L004,103,SAIDA_CONSUMO,6.35,,2,2025-10-14 21:30:00,Terça,0,Ensolarado,30.0,0
M1160,L006,104,SAIDA_CONSUMO,4.0,,2,2025-10-14 21:30:00,Terça,0,Ensolarado,30.0,0
M1161,L007,105,SAIDA_CONSUMO,15.12,,2,2025-10-14 21:30:00,Terça,0,Ensolarado,30.0,0
M1162,L007,105,DESPERDICIO,0.96,Quebra de Embalagem,2,2025-10-14 22:00:00,Terça,0,Ensolarado,30.0,0
M1163,L009,106,SAIDA_CONSUMO,9.76,,2,2025-10-14 21:30:00,Terça,0,Ensolarado,30.0,0
M1164,L010,107,SAIDA_CONSUMO,10.37,,2,2025-10-14 21:30:00,Terça,0,Ensolarado,30.0,0
M1165,L012,108,SAIDA_CONSUMO,15.27,,2,2025-10-14 21:30:00,Terça,0,Ensolarado,30.0,0
M1166,L013,109,SAIDA_CONSUMO,17.67,,2,2025-10-14 21:30:00,Terça,0,Ensolarado,30.0,0
M1167,L015,110,SAIDA_CONSUMO,1.59,,2,2025-10-14 21:30:00,Terça,0,Ensolarado,30.0,0
M1168,L001,101,SAIDA_CONSUMO,14.59,,2,2025-10-15 21:30:00,Quarta,0,Ensolarado,25.6,0
M1169,L001,101,DESPERDICIO,1.0,Quebra de Embalagem,2,2025-10-15 22:00:00,Quarta,0,Ensolarado,25.6,0
M1170,L003,102,SAIDA_CONSUMO,16.86,,2,2025-10-15 21:30:00,Quarta,0,Ensolarado,25.6,0
M1171,L004,103,SAIDA_CONSUMO,6.27,,2,2025-10-15 21:30:00,Quarta,0,Ensolarado,25.6,0
M1172,L004,103,DESPERDICIO,1.26,Validade / Avaria,2,2025-10-15 22:00:00,Quarta,0,Ensolarado,25.6,0
M1173,L006,104,SAIDA_CONSUMO,3.91,,2,2025-10-15 21:30:00,Quarta,0,Ensolarado,25.6,0
M1174,L007,105,SAIDA_CONSUMO,11.37,,2,2025-10-15 21:30:00,Quarta,0,Ensolarado,25.6,0
M1175,L009,106,SAIDA_CONSUMO,8.53,,2,2025-10-15 21:30:00,Quarta,0,Ensolarado,25.6,0
M1176,L009,106,DESPERDICIO,0.74,Validade / Avaria,2,2025-10-15 22:00:00,Quarta,0,Ensolarado,25.6,0
M1177,L010,107,SAIDA_CONSUMO,9.59,,2,2025-10-15 21:30:00,Quarta,0,Ensolarado,25.6,0
M1178,L012,108,SAIDA_CONSUMO,13.61,,2,2025-10-15 21:30:00,Quarta,0,Ensolarado,25.6,0
M1179,L013,109,SAIDA_CONSUMO,11.99,,2,2025-10-15 21:30:00,Quarta,0,Ensolarado,25.6,0
M1180,L015,110,SAIDA_CONSUMO,1.51,,2,2025-10-15 21:30:00,Quarta,0,Ensolarado,25.6,0
M1181,L001,101,SAIDA_CONSUMO,14.84,,2,2025-10-16 21:30:00,Quinta,0,Ensolarado,34.1,0
M1182,L003,102,SAIDA_CONSUMO,18.99,,2,2025-10-16 21:30:00,Quinta,0,Ensolarado,34.1,0
M1183,L004,103,SAIDA_CONSUMO,6.39,,2,2025-10-16 21:30:00,Quinta,0,Ensolarado,34.1,0
M1184,L006,104,SAIDA_CONSUMO,4.0,,2,2025-10-16 21:30:00,Quinta,0,Ensolarado,34.1,0
M1185,L007,105,SAIDA_CONSUMO,15.19,,2,2025-10-16 21:30:00,Quinta,0,Ensolarado,34.1,0
M1186,L009,106,SAIDA_CONSUMO,9.95,,2,2025-10-16 21:30:00,Quinta,0,Ensolarado,34.1,0
M1187,L010,107,SAIDA_CONSUMO,9.59,,2,2025-10-16 21:30:00,Quinta,0,Ensolarado,34.1,0
M1188,L012,108,SAIDA_CONSUMO,15.46,,2,2025-10-16 21:30:00,Quinta,0,Ensolarado,34.1,0
M1189,L013,109,SAIDA_CONSUMO,18.09,,2,2025-10-16 21:30:00,Quinta,0,Ensolarado,34.1,0
M1190,L015,110,SAIDA_CONSUMO,1.56,,2,2025-10-16 21:30:00,Quinta,0,Ensolarado,34.1,0
M1191,L001,101,SAIDA_CONSUMO,35.82,,2,2025-10-17 21:30:00,Sexta,0,Ensolarado,28.4,0
M1192,L003,102,SAIDA_CONSUMO,27.21,,2,2025-10-17 21:30:00,Sexta,0,Ensolarado,28.4,0
M1193,L004,103,SAIDA_CONSUMO,18.55,,2,2025-10-17 21:30:00,Sexta,0,Ensolarado,28.4,0
M1194,L006,104,SAIDA_CONSUMO,10.68,,2,2025-10-17 21:30:00,Sexta,0,Ensolarado,28.4,0
M1195,L007,105,SAIDA_CONSUMO,18.43,,2,2025-10-17 21:30:00,Sexta,0,Ensolarado,28.4,0
M1196,L009,106,SAIDA_CONSUMO,17.64,,2,2025-10-17 21:30:00,Sexta,0,Ensolarado,28.4,0
M1197,L010,107,SAIDA_CONSUMO,12.69,,2,2025-10-17 21:30:00,Sexta,0,Ensolarado,28.4,0
M1198,L012,108,SAIDA_CONSUMO,7.81,,2,2025-10-17 21:30:00,Sexta,0,Ensolarado,28.4,0
M1199,L013,109,SAIDA_CONSUMO,92.09,,2,2025-10-17 21:30:00,Sexta,0,Ensolarado,28.4,0
M1200,L015,110,SAIDA_CONSUMO,3.2,,2,2025-10-17 21:30:00,Sexta,0,Ensolarado,28.4,0
M1201,L001,101,SAIDA_CONSUMO,47.96,,2,2025-10-18 21:30:00,Sábado,0,Ensolarado,27.5,1
M1202,L001,101,DESPERDICIO,0.81,Erro de Preparo,2,2025-10-18 22:00:00,Sábado,0,Ensolarado,27.5,1
M1203,L003,102,SAIDA_CONSUMO,28.75,,2,2025-10-18 21:30:00,Sábado,0,Ensolarado,27.5,1
M1204,L004,103,SAIDA_CONSUMO,22.18,,2,2025-10-18 21:30:00,Sábado,0,Ensolarado,27.5,1
M1205,L006,104,SAIDA_CONSUMO,12.27,,2,2025-10-18 21:30:00,Sábado,0,Ensolarado,27.5,1
M1206,L007,105,SAIDA_CONSUMO,17.6,,2,2025-10-18 21:30:00,Sábado,0,Ensolarado,27.5,1
M1207,L009,106,SAIDA_CONSUMO,15.81,,2,2025-10-18 21:30:00,Sábado,0,Ensolarado,27.5,1
M1208,L010,107,SAIDA_CONSUMO,12.86,,2,2025-10-18 21:30:00,Sábado,0,Ensolarado,27.5,1
M1209,L012,108,SAIDA_CONSUMO,10.06,,2,2025-10-18 21:30:00,Sábado,0,Ensolarado,27.5,1
M1210,L013,109,SAIDA_CONSUMO,71.84,,2,2025-10-18 21:30:00,Sábado,0,Ensolarado,27.5,1
M1211,L013,109,DESPERDICIO,1.4,Sobras de Prato,2,2025-10-18 22:00:00,Sábado,0,Ensolarado,27.5,1
M1212,L015,110,SAIDA_CONSUMO,3.69,,2,2025-10-18 21:30:00,Sábado,0,Ensolarado,27.5,1
M1213,L001,101,SAIDA_CONSUMO,44.55,,2,2025-10-19 21:30:00,Domingo,0,Ensolarado,34.6,0
M1214,L003,102,SAIDA_CONSUMO,25.51,,2,2025-10-19 21:30:00,Domingo,0,Ensolarado,34.6,0
M1215,L004,103,SAIDA_CONSUMO,19.08,,2,2025-10-19 21:30:00,Domingo,0,Ensolarado,34.6,0
M1216,L006,104,SAIDA_CONSUMO,10.91,,2,2025-10-19 21:30:00,Domingo,0,Ensolarado,34.6,0
M1217,L006,104,DESPERDICIO,0.57,Sobras de Prato,2,2025-10-19 22:00:00,Domingo,0,Ensolarado,34.6,0
M1218,L007,105,SAIDA_CONSUMO,18.64,,2,2025-10-19 21:30:00,Domingo,0,Ensolarado,34.6,0
M1219,L009,106,SAIDA_CONSUMO,17.08,,2,2025-10-19 21:30:00,Domingo,0,Ensolarado,34.6,0
M1220,L010,107,SAIDA_CONSUMO,12.28,,2,2025-10-19 21:30:00,Domingo,0,Ensolarado,34.6,0
M1221,L012,108,SAIDA_CONSUMO,7.58,,2,2025-10-19 21:30:00,Domingo,0,Ensolarado,34.6,0
M1222,L013,109,SAIDA_CONSUMO,91.66,,2,2025-10-19 21:30:00,Domingo,0,Ensolarado,34.6,0
M1223,L015,110,SAIDA_CONSUMO,2.8,,2,2025-10-19 21:30:00,Domingo,0,Ensolarado,34.6,0
M1224,L001,101,SAIDA_CONSUMO,16.3,,2,2025-10-20 21:30:00,Segunda,0,Ensolarado,25.6,0
M1225,L003,102,SAIDA_CONSUMO,16.66,,2,2025-10-20 21:30:00,Segunda,0,Ensolarado,25.6,0
M1226,L004,103,SAIDA_CONSUMO,6.51,,2,2025-10-20 21:30:00,Segunda,0,Ensolarado,25.6,0
M1227,L006,104,SAIDA_CONSUMO,3.65,,2,2025-10-20 21:30:00,Segunda,0,Ensolarado,25.6,0
M1228,L007,105,SAIDA_CONSUMO,12.09,,2,2025-10-20 21:30:00,Segunda,0,Ensolarado,25.6,0
M1229,L009,106,SAIDA_CONSUMO,8.41,,2,2025-10-20 21:30:00,Segunda,0,Ensolarado,25.6,0
M1230,L010,107,SAIDA_CONSUMO,9.95,,2,2025-10-20 21:30:00,Segunda,0,Ensolarado,25.6,0
M1231,L012,108,SAIDA_CONSUMO,15.07,,2,2025-10-20 21:30:00,Segunda,0,Ensolarado,25.6,0
M1232,L013,109,SAIDA_CONSUMO,11.63,,2,2025-10-20 21:30:00,Segunda,0,Ensolarado,25.6,0
M1233,L015,110,SAIDA_CONSUMO,1.61,,2,2025-10-20 21:30:00,Segunda,0,Ensolarado,25.6,0
M1234,L001,101,SAIDA_CONSUMO,15.16,,2,2025-10-21 21:30:00,Terça,0,Ensolarado,22.5,0
M1235,L003,102,SAIDA_CONSUMO,17.56,,2,2025-10-21 21:30:00,Terça,0,Ensolarado,22.5,0
M1236,L004,103,SAIDA_CONSUMO,6.05,,2,2025-10-21 21:30:00,Terça,0,Ensolarado,22.5,0
M1237,L006,104,SAIDA_CONSUMO,4.16,,2,2025-10-21 21:30:00,Terça,0,Ensolarado,22.5,0
M1238,L007,105,SAIDA_CONSUMO,11.19,,2,2025-10-21 21:30:00,Terça,0,Ensolarado,22.5,0
M1239,L009,106,SAIDA_CONSUMO,7.75,,2,2025-10-21 21:30:00,Terça,0,Ensolarado,22.5,0
M1240,L010,107,SAIDA_CONSUMO,9.56,,2,2025-10-21 21:30:00,Terça,0,Ensolarado,22.5,0
M1241,L012,108,SAIDA_CONSUMO,13.53,,2,2025-10-21 21:30:00,Terça,0,Ensolarado,22.5,0
M1242,L013,109,SAIDA_CONSUMO,12.0,,2,2025-10-21 21:30:00,Terça,0,Ensolarado,22.5,0
M1243,L015,110,SAIDA_CONSUMO,1.47,,2,2025-10-21 21:30:00,Terça,0,Ensolarado,22.5,0
M1244,L001,101,SAIDA_CONSUMO,15.31,,2,2025-10-22 21:30:00,Quarta,0,Ensolarado,32.6,0
M1245,L003,102,SAIDA_CONSUMO,19.21,,2,2025-10-22 21:30:00,Quarta,0,Ensolarado,32.6,0
M1246,L004,103,SAIDA_CONSUMO,6.18,,2,2025-10-22 21:30:00,Quarta,0,Ensolarado,32.6,0
M1247,L006,104,SAIDA_CONSUMO,4.24,,2,2025-10-22 21:30:00,Quarta,0,Ensolarado,32.6,0
M1248,L007,105,SAIDA_CONSUMO,15.12,,2,2025-10-22 21:30:00,Quarta,0,Ensolarado,32.6,0
M1249,L009,106,SAIDA_CONSUMO,10.02,,2,2025-10-22 21:30:00,Quarta,0,Ensolarado,32.6,0
M1250,L010,107,SAIDA_CONSUMO,9.57,,2,2025-10-22 21:30:00,Quarta,0,Ensolarado,32.6,0
M1251,L012,108,SAIDA_CONSUMO,14.08,,2,2025-10-22 21:30:00,Quarta,0,Ensolarado,32.6,0
M1252,L013,109,SAIDA_CONSUMO,17.92,,2,2025-10-22 21:30:00,Quarta,0,Ensolarado,32.6,0
M1253,L015,110,SAIDA_CONSUMO,1.49,,2,2025-10-22 21:30:00,Quarta,0,Ensolarado,32.6,0
M1254,L001,101,SAIDA_CONSUMO,13.66,,2,2025-10-23 21:30:00,Quinta,0,Chuvoso,32.4,0
M1255,L003,102,SAIDA_CONSUMO,15.17,,2,2025-10-23 21:30:00,Quinta,0,Chuvoso,32.4,0
M1256,L004,103,SAIDA_CONSUMO,6.04,,2,2025-10-23 21:30:00,Quinta,0,Chuvoso,32.4,0
M1257,L006,104,SAIDA_CONSUMO,3.9,,2,2025-10-23 21:30:00,Quinta,0,Chuvoso,32.4,0
M1258,L007,105,SAIDA_CONSUMO,13.91,,2,2025-10-23 21:30:00,Quinta,0,Chuvoso,32.4,0
M1259,L009,106,SAIDA_CONSUMO,10.37,,2,2025-10-23 21:30:00,Quinta,0,Chuvoso,32.4,0
M1260,L010,107,SAIDA_CONSUMO,9.12,,2,2025-10-23 21:30:00,Quinta,0,Chuvoso,32.4,0
M1261,L012,108,SAIDA_CONSUMO,15.05,,2,2025-10-23 21:30:00,Quinta,0,Chuvoso,32.4,0
M1262,L013,109,SAIDA_CONSUMO,8.25,,2,2025-10-23 21:30:00,Quinta,0,Chuvoso,32.4,0
M1263,L015,110,SAIDA_CONSUMO,1.63,,2,2025-10-23 21:30:00,Quinta,0,Chuvoso,32.4,0
M1264,L001,101,SAIDA_CONSUMO,38.99,,2,2025-10-24 21:30:00,Sexta,0,Frio,29.8,0
M1265,L003,102,SAIDA_CONSUMO,26.31,,2,2025-10-24 21:30:00,Sexta,0,Frio,29.8,0
M1266,L003,102,DESPERDICIO,0.91,Validade / Avaria,2,2025-10-24 22:00:00,Sexta,0,Frio,29.8,0
M1267,L004,103,SAIDA_CONSUMO,16.71,,2,2025-10-24 21:30:00,Sexta,0,Frio,29.8,0
M1268,L006,104,SAIDA_CONSUMO,9.9,,2,2025-10-24 21:30:00,Sexta,0,Frio,29.8,0
M1269,L007,105,SAIDA_CONSUMO,12.11,,2,2025-10-24 21:30:00,Sexta,0,Frio,29.8,0
M1270,L009,106,SAIDA_CONSUMO,11.4,,2,2025-10-24 21:30:00,Sexta,0,Frio,29.8,0
M1271,L010,107,SAIDA_CONSUMO,12.51,,2,2025-10-24 21:30:00,Sexta,0,Frio,29.8,0
M1272,L012,108,SAIDA_CONSUMO,7.75,,2,2025-10-24 21:30:00,Sexta,0,Frio,29.8,0
M1273,L013,109,SAIDA_CONSUMO,45.35,,2,2025-10-24 21:30:00,Sexta,0,Frio,29.8,0
M1274,L015,110,SAIDA_CONSUMO,2.82,,2,2025-10-24 21:30:00,Sexta,0,Frio,29.8,0
M1275,L001,101,SAIDA_CONSUMO,63.55,,2,2025-10-25 21:30:00,Sábado,1,Ensolarado,28.0,1
M1276,L003,102,SAIDA_CONSUMO,39.39,,2,2025-10-25 21:30:00,Sábado,1,Ensolarado,28.0,1
M1277,L004,103,SAIDA_CONSUMO,27.96,,2,2025-10-25 21:30:00,Sábado,1,Ensolarado,28.0,1
M1278,L006,104,SAIDA_CONSUMO,15.12,,2,2025-10-25 21:30:00,Sábado,1,Ensolarado,28.0,1
M1279,L007,105,SAIDA_CONSUMO,28.68,,2,2025-10-25 21:30:00,Sábado,1,Ensolarado,28.0,1
M1280,L007,105,DESPERDICIO,0.62,Quebra de Embalagem,2,2025-10-25 22:00:00,Sábado,1,Ensolarado,28.0,1
M1281,L009,106,SAIDA_CONSUMO,26.3,,2,2025-10-25 21:30:00,Sábado,1,Ensolarado,28.0,1
M1282,L010,107,SAIDA_CONSUMO,17.78,,2,2025-10-25 21:30:00,Sábado,1,Ensolarado,28.0,1
M1283,L012,108,SAIDA_CONSUMO,12.56,,2,2025-10-25 21:30:00,Sábado,1,Ensolarado,28.0,1
M1284,L013,109,SAIDA_CONSUMO,151.4,,2,2025-10-25 21:30:00,Sábado,1,Ensolarado,28.0,1
M1285,L015,110,SAIDA_CONSUMO,4.48,,2,2025-10-25 21:30:00,Sábado,1,Ensolarado,28.0,1
M1286,L001,101,SAIDA_CONSUMO,36.96,,2,2025-10-26 21:30:00,Domingo,0,Chuvoso,29.3,0
M1287,L003,102,SAIDA_CONSUMO,23.73,,2,2025-10-26 21:30:00,Domingo,0,Chuvoso,29.3,0
M1288,L004,103,SAIDA_CONSUMO,18.2,,2,2025-10-26 21:30:00,Domingo,0,Chuvoso,29.3,0
M1289,L006,104,SAIDA_CONSUMO,10.42,,2,2025-10-26 21:30:00,Domingo,0,Chuvoso,29.3,0
M1290,L007,105,SAIDA_CONSUMO,19.12,,2,2025-10-26 21:30:00,Domingo,0,Chuvoso,29.3,0
M1291,L007,105,DESPERDICIO,0.49,Erro de Preparo,2,2025-10-26 22:00:00,Domingo,0,Chuvoso,29.3,0
M1292,L009,106,SAIDA_CONSUMO,17.36,,2,2025-10-26 21:30:00,Domingo,0,Chuvoso,29.3,0
M1293,L010,107,SAIDA_CONSUMO,11.77,,2,2025-10-26 21:30:00,Domingo,0,Chuvoso,29.3,0
M1294,L012,108,SAIDA_CONSUMO,7.83,,2,2025-10-26 21:30:00,Domingo,0,Chuvoso,29.3,0
M1295,L013,109,SAIDA_CONSUMO,38.99,,2,2025-10-26 21:30:00,Domingo,0,Chuvoso,29.3,0
M1296,L015,110,SAIDA_CONSUMO,3.1,,2,2025-10-26 21:30:00,Domingo,0,Chuvoso,29.3,0
M1297,L001,101,SAIDA_CONSUMO,15.18,,2,2025-10-27 21:30:00,Segunda,0,Ensolarado,34.6,0
M1298,L003,102,SAIDA_CONSUMO,18.25,,2,2025-10-27 21:30:00,Segunda,0,Ensolarado,34.6,0
M1299,L004,103,SAIDA_CONSUMO,6.16,,2,2025-10-27 21:30:00,Segunda,0,Ensolarado,34.6,0
M1300,L006,104,SAIDA_CONSUMO,4.04,,2,2025-10-27 21:30:00,Segunda,0,Ensolarado,34.6,0
M1301,L007,105,SAIDA_CONSUMO,15.56,,2,2025-10-27 21:30:00,Segunda,0,Ensolarado,34.6,0
M1302,L009,106,SAIDA_CONSUMO,9.7,,2,2025-10-27 21:30:00,Segunda,0,Ensolarado,34.6,0
M1303,L010,107,SAIDA_CONSUMO,10.14,,2,2025-10-27 21:30:00,Segunda,0,Ensolarado,34.6,0
M1304,L012,108,SAIDA_CONSUMO,12.08,,2,2025-10-27 21:30:00,Segunda,0,Ensolarado,34.6,0
M1305,L013,109,SAIDA_CONSUMO,16.49,,2,2025-10-27 21:30:00,Segunda,0,Ensolarado,34.6,0
M1306,L015,110,SAIDA_CONSUMO,1.56,,2,2025-10-27 21:30:00,Segunda,0,Ensolarado,34.6,0
M1307,L001,101,SAIDA_CONSUMO,14.89,,2,2025-10-28 21:30:00,Terça,0,Ensolarado,28.9,0
M1308,L003,102,SAIDA_CONSUMO,17.63,,2,2025-10-28 21:30:00,Terça,0,Ensolarado,28.9,0
M1309,L004,103,SAIDA_CONSUMO,5.82,,2,2025-10-28 21:30:00,Terça,0,Ensolarado,28.9,0
M1310,L006,104,SAIDA_CONSUMO,4.15,,2,2025-10-28 21:30:00,Terça,0,Ensolarado,28.9,0
M1311,L007,105,SAIDA_CONSUMO,14.57,,2,2025-10-28 21:30:00,Terça,0,Ensolarado,28.9,0
M1312,L009,106,SAIDA_CONSUMO,10.97,,2,2025-10-28 21:30:00,Terça,0,Ensolarado,28.9,0
M1313,L010,107,SAIDA_CONSUMO,10.08,,2,2025-10-28 21:30:00,Terça,0,Ensolarado,28.9,0
M1314,L012,108,SAIDA_CONSUMO,14.06,,2,2025-10-28 21:30:00,Terça,0,Ensolarado,28.9,0
M1315,L013,109,SAIDA_CONSUMO,17.69,,2,2025-10-28 21:30:00,Terça,0,Ensolarado,28.9,0
M1316,L015,110,SAIDA_CONSUMO,1.62,,2,2025-10-28 21:30:00,Terça,0,Ensolarado,28.9,0
M1317,L001,101,SAIDA_CONSUMO,12.51,,2,2025-10-29 21:30:00,Quarta,0,Chuvoso,24.6,0
M1318,L003,102,SAIDA_CONSUMO,15.01,,2,2025-10-29 21:30:00,Quarta,0,Chuvoso,24.6,0
M1319,L004,103,SAIDA_CONSUMO,5.34,,2,2025-10-29 21:30:00,Quarta,0,Chuvoso,24.6,0
M1320,L006,104,SAIDA_CONSUMO,4.07,,2,2025-10-29 21:30:00,Quarta,0,Chuvoso,24.6,0
M1321,L007,105,SAIDA_CONSUMO,11.85,,2,2025-10-29 21:30:00,Quarta,0,Chuvoso,24.6,0
M1322,L009,106,SAIDA_CONSUMO,8.52,,2,2025-10-29 21:30:00,Quarta,0,Chuvoso,24.6,0
M1323,L010,107,SAIDA_CONSUMO,10.53,,2,2025-10-29 21:30:00,Quarta,0,Chuvoso,24.6,0
M1324,L012,108,SAIDA_CONSUMO,13.41,,2,2025-10-29 21:30:00,Quarta,0,Chuvoso,24.6,0
M1325,L013,109,SAIDA_CONSUMO,5.86,,2,2025-10-29 21:30:00,Quarta,0,Chuvoso,24.6,0
M1326,L015,110,SAIDA_CONSUMO,1.56,,2,2025-10-29 21:30:00,Quarta,0,Chuvoso,24.6,0
M1327,L001,101,SAIDA_CONSUMO,12.87,,2,2025-10-30 21:30:00,Quinta,0,Chuvoso,23.5,0
M1328,L003,102,SAIDA_CONSUMO,15.81,,2,2025-10-30 21:30:00,Quinta,0,Chuvoso,23.5,0
M1329,L004,103,SAIDA_CONSUMO,6.15,,2,2025-10-30 21:30:00,Quinta,0,Chuvoso,23.5,0
M1330,L006,104,SAIDA_CONSUMO,4.25,,2,2025-10-30 21:30:00,Quinta,0,Chuvoso,23.5,0
M1331,L007,105,SAIDA_CONSUMO,11.71,,2,2025-10-30 21:30:00,Quinta,0,Chuvoso,23.5,0
M1332,L009,106,SAIDA_CONSUMO,8.16,,2,2025-10-30 21:30:00,Quinta,0,Chuvoso,23.5,0
M1333,L010,107,SAIDA_CONSUMO,10.75,,2,2025-10-30 21:30:00,Quinta,0,Chuvoso,23.5,0
M1334,L012,108,SAIDA_CONSUMO,14.28,,2,2025-10-30 21:30:00,Quinta,0,Chuvoso,23.5,0
M1335,L013,109,SAIDA_CONSUMO,6.77,,2,2025-10-30 21:30:00,Quinta,0,Chuvoso,23.5,0
M1336,L015,110,SAIDA_CONSUMO,1.47,,2,2025-10-30 21:30:00,Quinta,0,Chuvoso,23.5,0
M1337,L001,101,SAIDA_CONSUMO,41.63,,2,2025-10-31 21:30:00,Sexta,0,Chuvoso,31.4,1
M1338,L003,102,SAIDA_CONSUMO,27.85,,2,2025-10-31 21:30:00,Sexta,0,Chuvoso,31.4,1
M1339,L004,103,SAIDA_CONSUMO,20.0,,2,2025-10-31 21:30:00,Sexta,0,Chuvoso,31.4,1
M1340,L006,104,SAIDA_CONSUMO,12.75,,2,2025-10-31 21:30:00,Sexta,0,Chuvoso,31.4,1
M1341,L007,105,SAIDA_CONSUMO,22.71,,2,2025-10-31 21:30:00,Sexta,0,Chuvoso,31.4,1
M1342,L009,106,SAIDA_CONSUMO,20.21,,2,2025-10-31 21:30:00,Sexta,0,Chuvoso,31.4,1
M1343,L010,107,SAIDA_CONSUMO,14.47,,2,2025-10-31 21:30:00,Sexta,0,Chuvoso,31.4,1
M1344,L012,108,SAIDA_CONSUMO,9.89,,2,2025-10-31 21:30:00,Sexta,0,Chuvoso,31.4,1
M1345,L013,109,SAIDA_CONSUMO,53.98,,2,2025-10-31 21:30:00,Sexta,0,Chuvoso,31.4,1
M1346,L015,110,SAIDA_CONSUMO,3.67,,2,2025-10-31 21:30:00,Sexta,0,Chuvoso,31.4,1
M1347,L001,101,SAIDA_CONSUMO,74.7,,2,2025-11-01 21:30:00,Sábado,1,Ensolarado,31.6,1
M1348,L003,102,SAIDA_CONSUMO,47.78,,2,2025-11-01 21:30:00,Sábado,1,Ensolarado,31.6,1
M1349,L004,103,SAIDA_CONSUMO,35.98,,2,2025-11-01 21:30:00,Sábado,1,Ensolarado,31.6,1
M1350,L006,104,SAIDA_CONSUMO,18.98,,2,2025-11-01 21:30:00,Sábado,1,Ensolarado,31.6,1
M1351,L007,105,SAIDA_CONSUMO,35.9,,2,2025-11-01 21:30:00,Sábado,1,Ensolarado,31.6,1
M1352,L007,105,DESPERDICIO,0.63,Quebra de Embalagem,2,2025-11-01 22:00:00,Sábado,1,Ensolarado,31.6,1
M1353,L009,106,SAIDA_CONSUMO,32.35,,2,2025-11-01 21:30:00,Sábado,1,Ensolarado,31.6,1
M1354,L010,107,SAIDA_CONSUMO,21.53,,2,2025-11-01 21:30:00,Sábado,1,Ensolarado,31.6,1
M1355,L012,108,SAIDA_CONSUMO,13.86,,2,2025-11-01 21:30:00,Sábado,1,Ensolarado,31.6,1
M1356,L013,109,SAIDA_CONSUMO,177.97,,2,2025-11-01 21:30:00,Sábado,1,Ensolarado,31.6,1
M1357,L015,110,SAIDA_CONSUMO,5.39,,2,2025-11-01 21:30:00,Sábado,1,Ensolarado,31.6,1
M1358,L015,110,DESPERDICIO,0.6,Validade / Avaria,2,2025-11-01 22:00:00,Sábado,1,Ensolarado,31.6,1
M1359,L001,101,SAIDA_CONSUMO,47.46,,2,2025-11-02 21:30:00,Domingo,0,Ensolarado,30.2,0
M1360,L003,102,SAIDA_CONSUMO,28.62,,2,2025-11-02 21:30:00,Domingo,0,Ensolarado,30.2,0
M1361,L004,103,SAIDA_CONSUMO,23.92,,2,2025-11-02 21:30:00,Domingo,0,Ensolarado,30.2,0
M1362,L006,104,SAIDA_CONSUMO,12.03,,2,2025-11-02 21:30:00,Domingo,0,Ensolarado,30.2,0
M1363,L007,105,SAIDA_CONSUMO,22.65,,2,2025-11-02 21:30:00,Domingo,0,Ensolarado,30.2,0
M1364,L009,106,SAIDA_CONSUMO,20.9,,2,2025-11-02 21:30:00,Domingo,0,Ensolarado,30.2,0
M1365,L010,107,SAIDA_CONSUMO,14.38,,2,2025-11-02 21:30:00,Domingo,0,Ensolarado,30.2,0
M1366,L012,108,SAIDA_CONSUMO,9.38,,2,2025-11-02 21:30:00,Domingo,0,Ensolarado,30.2,0
M1367,L013,109,SAIDA_CONSUMO,112.27,,2,2025-11-02 21:30:00,Domingo,0,Ensolarado,30.2,0
M1368,L015,110,SAIDA_CONSUMO,3.83,,2,2025-11-02 21:30:00,Domingo,0,Ensolarado,30.2,0
M1369,L001,101,SAIDA_CONSUMO,17.74,,2,2025-11-03 21:30:00,Segunda,0,Ensolarado,29.3,0
M1370,L003,102,SAIDA_CONSUMO,21.27,,2,2025-11-03 21:30:00,Segunda,0,Ensolarado,29.3,0
M1371,L004,103,SAIDA_CONSUMO,6.78,,2,2025-11-03 21:30:00,Segunda,0,Ensolarado,29.3,0
M1372,L006,104,SAIDA_CONSUMO,4.64,,2,2025-11-03 21:30:00,Segunda,0,Ensolarado,29.3,0
M1373,L007,105,SAIDA_CONSUMO,18.56,,2,2025-11-03 21:30:00,Segunda,0,Ensolarado,29.3,0
M1374,L007,105,DESPERDICIO,0.49,Sobras de Prato,2,2025-11-03 22:00:00,Segunda,0,Ensolarado,29.3,0
M1375,L009,106,SAIDA_CONSUMO,12.51,,2,2025-11-03 21:30:00,Segunda,0,Ensolarado,29.3,0
M1376,L010,107,SAIDA_CONSUMO,13.29,,2,2025-11-03 21:30:00,Segunda,0,Ensolarado,29.3,0
M1377,L012,108,SAIDA_CONSUMO,16.9,,2,2025-11-03 21:30:00,Segunda,0,Ensolarado,29.3,0
M1378,L013,109,SAIDA_CONSUMO,20.97,,2,2025-11-03 21:30:00,Segunda,0,Ensolarado,29.3,0
M1379,L015,110,SAIDA_CONSUMO,1.87,,2,2025-11-03 21:30:00,Segunda,0,Ensolarado,29.3,0
M1380,L001,101,SAIDA_CONSUMO,16.73,,2,2025-11-04 21:30:00,Terça,0,Frio,29.8,0
M1381,L003,102,SAIDA_CONSUMO,20.79,,2,2025-11-04 21:30:00,Terça,0,Frio,29.8,0
M1382,L004,103,SAIDA_CONSUMO,7.41,,2,2025-11-04 21:30:00,Terça,0,Frio,29.8,0
M1383,L006,104,SAIDA_CONSUMO,4.89,,2,2025-11-04 21:30:00,Terça,0,Frio,29.8,0
M1384,L007,105,SAIDA_CONSUMO,12.52,,2,2025-11-04 21:30:00,Terça,0,Frio,29.8,0
M1385,L009,106,SAIDA_CONSUMO,8.18,,2,2025-11-04 21:30:00,Terça,0,Frio,29.8,0
M1386,L010,107,SAIDA_CONSUMO,12.5,,2,2025-11-04 21:30:00,Terça,0,Frio,29.8,0
M1387,L012,108,SAIDA_CONSUMO,16.44,,2,2025-11-04 21:30:00,Terça,0,Frio,29.8,0
M1388,L012,108,DESPERDICIO,1.28,Validade / Avaria,2,2025-11-04 22:00:00,Terça,0,Frio,29.8,0
M1389,L013,109,SAIDA_CONSUMO,11.19,,2,2025-11-04 21:30:00,Terça,0,Frio,29.8,0
M1390,L015,110,SAIDA_CONSUMO,1.64,,2,2025-11-04 21:30:00,Terça,0,Frio,29.8,0
M1391,L001,101,SAIDA_CONSUMO,18.73,,2,2025-11-05 21:30:00,Quarta,0,Frio,31.9,0
M1392,L003,102,SAIDA_CONSUMO,21.57,,2,2025-11-05 21:30:00,Quarta,0,Frio,31.9,0
M1393,L004,103,SAIDA_CONSUMO,7.85,,2,2025-11-05 21:30:00,Quarta,0,Frio,31.9,0
M1394,L006,104,SAIDA_CONSUMO,4.93,,2,2025-11-05 21:30:00,Quarta,0,Frio,31.9,0
M1395,L007,105,SAIDA_CONSUMO,10.93,,2,2025-11-05 21:30:00,Quarta,0,Frio,31.9,0
M1396,L009,106,SAIDA_CONSUMO,7.84,,2,2025-11-05 21:30:00,Quarta,0,Frio,31.9,0
M1397,L009,106,DESPERDICIO,1.39,Validade / Avaria,2,2025-11-05 22:00:00,Quarta,0,Frio,31.9,0
M1398,L010,107,SAIDA_CONSUMO,12.0,,2,2025-11-05 21:30:00,Quarta,0,Frio,31.9,0
M1399,L012,108,SAIDA_CONSUMO,17.75,,2,2025-11-05 21:30:00,Quarta,0,Frio,31.9,0
M1400,L013,109,SAIDA_CONSUMO,11.53,,2,2025-11-05 21:30:00,Quarta,0,Frio,31.9,0
M1401,L015,110,SAIDA_CONSUMO,1.8,,2,2025-11-05 21:30:00,Quarta,0,Frio,31.9,0
M1402,L001,101,SAIDA_CONSUMO,17.32,,2,2025-11-06 21:30:00,Quinta,0,Ensolarado,25.5,0
M1403,L003,102,SAIDA_CONSUMO,22.36,,2,2025-11-06 21:30:00,Quinta,0,Ensolarado,25.5,0
M1404,L004,103,SAIDA_CONSUMO,7.56,,2,2025-11-06 21:30:00,Quinta,0,Ensolarado,25.5,0
M1405,L006,104,SAIDA_CONSUMO,4.85,,2,2025-11-06 21:30:00,Quinta,0,Ensolarado,25.5,0
M1406,L007,105,SAIDA_CONSUMO,13.29,,2,2025-11-06 21:30:00,Quinta,0,Ensolarado,25.5,0
M1407,L009,106,SAIDA_CONSUMO,9.2,,2,2025-11-06 21:30:00,Quinta,0,Ensolarado,25.5,0
M1408,L010,107,SAIDA_CONSUMO,12.07,,2,2025-11-06 21:30:00,Quinta,0,Ensolarado,25.5,0
M1409,L012,108,SAIDA_CONSUMO,16.64,,2,2025-11-06 21:30:00,Quinta,0,Ensolarado,25.5,0
M1410,L013,109,SAIDA_CONSUMO,14.89,,2,2025-11-06 21:30:00,Quinta,0,Ensolarado,25.5,0
M1411,L015,110,SAIDA_CONSUMO,1.79,,2,2025-11-06 21:30:00,Quinta,0,Ensolarado,25.5,0
M1412,L001,101,SAIDA_CONSUMO,57.5,,2,2025-11-07 21:30:00,Sexta,0,Frio,27.2,1
M1413,L003,102,SAIDA_CONSUMO,34.6,,2,2025-11-07 21:30:00,Sexta,0,Frio,27.2,1
M1414,L004,103,SAIDA_CONSUMO,26.18,,2,2025-11-07 21:30:00,Sexta,0,Frio,27.2,1
M1415,L006,104,SAIDA_CONSUMO,14.26,,2,2025-11-07 21:30:00,Sexta,0,Frio,27.2,1
M1416,L007,105,SAIDA_CONSUMO,14.32,,2,2025-11-07 21:30:00,Sexta,0,Frio,27.2,1
M1417,L009,106,SAIDA_CONSUMO,12.37,,2,2025-11-07 21:30:00,Sexta,0,Frio,27.2,1
M1418,L010,107,SAIDA_CONSUMO,16.65,,2,2025-11-07 21:30:00,Sexta,0,Frio,27.2,1
M1419,L012,108,SAIDA_CONSUMO,10.81,,2,2025-11-07 21:30:00,Sexta,0,Frio,27.2,1
M1420,L013,109,SAIDA_CONSUMO,44.21,,2,2025-11-07 21:30:00,Sexta,0,Frio,27.2,1
M1421,L015,110,SAIDA_CONSUMO,4.31,,2,2025-11-07 21:30:00,Sexta,0,Frio,27.2,1
M1422,L015,110,DESPERDICIO,1.46,Erro de Preparo,2,2025-11-07 22:00:00,Sexta,0,Frio,27.2,1
M1423,L001,101,SAIDA_CONSUMO,47.85,,2,2025-11-08 21:30:00,Sábado,0,Ensolarado,26.7,0
M1424,L003,102,SAIDA_CONSUMO,30.78,,2,2025-11-08 21:30:00,Sábado,0,Ensolarado,26.7,0
M1425,L004,103,SAIDA_CONSUMO,21.94,,2,2025-11-08 21:30:00,Sábado,0,Ensolarado,26.7,0
M1426,L006,104,SAIDA_CONSUMO,12.31,,2,2025-11-08 21:30:00,Sábado,0,Ensolarado,26.7,0
M1427,L007,105,SAIDA_CONSUMO,18.63,,2,2025-11-08 21:30:00,Sábado,0,Ensolarado,26.7,0
M1428,L009,106,SAIDA_CONSUMO,17.12,,2,2025-11-08 21:30:00,Sábado,0,Ensolarado,26.7,0
M1429,L010,107,SAIDA_CONSUMO,14.66,,2,2025-11-08 21:30:00,Sábado,0,Ensolarado,26.7,0
M1430,L012,108,SAIDA_CONSUMO,9.68,,2,2025-11-08 21:30:00,Sábado,0,Ensolarado,26.7,0
M1431,L013,109,SAIDA_CONSUMO,74.49,,2,2025-11-08 21:30:00,Sábado,0,Ensolarado,26.7,0
M1432,L015,110,SAIDA_CONSUMO,3.76,,2,2025-11-08 21:30:00,Sábado,0,Ensolarado,26.7,0
M1433,L001,101,SAIDA_CONSUMO,48.06,,2,2025-11-09 21:30:00,Domingo,0,Frio,28.2,0
M1434,L003,102,SAIDA_CONSUMO,30.04,,2,2025-11-09 21:30:00,Domingo,0,Frio,28.2,0
M1435,L004,103,SAIDA_CONSUMO,21.69,,2,2025-11-09 21:30:00,Domingo,0,Frio,28.2,0
M1436,L006,104,SAIDA_CONSUMO,11.77,,2,2025-11-09 21:30:00,Domingo,0,Frio,28.2,0
M1437,L007,105,SAIDA_CONSUMO,14.79,,2,2025-11-09 21:30:00,Domingo,0,Frio,28.2,0
M1438,L009,106,SAIDA_CONSUMO,13.31,,2,2025-11-09 21:30:00,Domingo,0,Frio,28.2,0
M1439,L010,107,SAIDA_CONSUMO,14.29,,2,2025-11-09 21:30:00,Domingo,0,Frio,28.2,0
M1440,L012,108,SAIDA_CONSUMO,9.42,,2,2025-11-09 21:30:00,Domingo,0,Frio,28.2,0
M1441,L013,109,SAIDA_CONSUMO,59.9,,2,2025-11-09 21:30:00,Domingo,0,Frio,28.2,0
M1442,L015,110,SAIDA_CONSUMO,3.38,,2,2025-11-09 21:30:00,Domingo,0,Frio,28.2,0
M1443,L001,101,SAIDA_CONSUMO,18.06,,2,2025-11-10 21:30:00,Segunda,0,Ensolarado,22.3,0
M1444,L003,102,SAIDA_CONSUMO,22.56,,2,2025-11-10 21:30:00,Segunda,0,Ensolarado,22.3,0
M1445,L004,103,SAIDA_CONSUMO,7.04,,2,2025-11-10 21:30:00,Segunda,0,Ensolarado,22.3,0
M1446,L006,104,SAIDA_CONSUMO,5.08,,2,2025-11-10 21:30:00,Segunda,0,Ensolarado,22.3,0
M1447,L007,105,SAIDA_CONSUMO,14.13,,2,2025-11-10 21:30:00,Segunda,0,Ensolarado,22.3,0
M1448,L009,106,SAIDA_CONSUMO,10.18,,2,2025-11-10 21:30:00,Segunda,0,Ensolarado,22.3,0
M1449,L010,107,SAIDA_CONSUMO,11.79,,2,2025-11-10 21:30:00,Segunda,0,Ensolarado,22.3,0
M1450,L012,108,SAIDA_CONSUMO,16.6,,2,2025-11-10 21:30:00,Segunda,0,Ensolarado,22.3,0
M1451,L013,109,SAIDA_CONSUMO,13.8,,2,2025-11-10 21:30:00,Segunda,0,Ensolarado,22.3,0
M1452,L013,109,DESPERDICIO,0.22,Erro de Preparo,2,2025-11-10 22:00:00,Segunda,0,Ensolarado,22.3,0
M1453,L015,110,SAIDA_CONSUMO,1.74,,2,2025-11-10 21:30:00,Segunda,0,Ensolarado,22.3,0
M1454,L015,110,DESPERDICIO,0.34,Validade / Avaria,2,2025-11-10 22:00:00,Segunda,0,Ensolarado,22.3,0
M1455,L001,101,SAIDA_CONSUMO,12.63,,2,2025-11-11 21:30:00,Terça,0,Chuvoso,24.8,0
M1456,L003,102,SAIDA_CONSUMO,14.56,,2,2025-11-11 21:30:00,Terça,0,Chuvoso,24.8,0
M1457,L004,103,SAIDA_CONSUMO,6.69,,2,2025-11-11 21:30:00,Terça,0,Chuvoso,24.8,0
M1458,L006,104,SAIDA_CONSUMO,3.87,,2,2025-11-11 21:30:00,Terça,0,Chuvoso,24.8,0
M1459,L007,105,SAIDA_CONSUMO,12.7,,2,2025-11-11 21:30:00,Terça,0,Chuvoso,24.8,0
M1460,L009,106,SAIDA_CONSUMO,8.65,,2,2025-11-11 21:30:00,Terça,0,Chuvoso,24.8,0
M1461,L010,107,SAIDA_CONSUMO,9.74,,2,2025-11-11 21:30:00,Terça,0,Chuvoso,24.8,0
M1462,L012,108,SAIDA_CONSUMO,13.58,,2,2025-11-11 21:30:00,Terça,0,Chuvoso,24.8,0
M1463,L013,109,SAIDA_CONSUMO,5.7,,2,2025-11-11 21:30:00,Terça,0,Chuvoso,24.8,0
M1464,L015,110,SAIDA_CONSUMO,1.49,,2,2025-11-11 21:30:00,Terça,0,Chuvoso,24.8,0
M1465,L001,101,SAIDA_CONSUMO,19.22,,2,2025-11-12 21:30:00,Quarta,1,Frio,34.9,0
M1466,L003,102,SAIDA_CONSUMO,22.34,,2,2025-11-12 21:30:00,Quarta,1,Frio,34.9,0
M1467,L004,103,SAIDA_CONSUMO,7.9,,2,2025-11-12 21:30:00,Quarta,1,Frio,34.9,0
M1468,L006,104,SAIDA_CONSUMO,5.12,,2,2025-11-12 21:30:00,Quarta,1,Frio,34.9,0
M1469,L007,105,SAIDA_CONSUMO,14.09,,2,2025-11-12 21:30:00,Quarta,1,Frio,34.9,0
M1470,L009,106,SAIDA_CONSUMO,8.83,,2,2025-11-12 21:30:00,Quarta,1,Frio,34.9,0
M1471,L010,107,SAIDA_CONSUMO,12.82,,2,2025-11-12 21:30:00,Quarta,1,Frio,34.9,0
M1472,L012,108,SAIDA_CONSUMO,18.61,,2,2025-11-12 21:30:00,Quarta,1,Frio,34.9,0
M1473,L013,109,SAIDA_CONSUMO,11.64,,2,2025-11-12 21:30:00,Quarta,1,Frio,34.9,0
M1474,L015,110,SAIDA_CONSUMO,2.03,,2,2025-11-12 21:30:00,Quarta,1,Frio,34.9,0
M1475,L001,101,SAIDA_CONSUMO,15.66,,2,2025-11-13 21:30:00,Quinta,0,Ensolarado,26.8,0
M1476,L003,102,SAIDA_CONSUMO,17.14,,2,2025-11-13 21:30:00,Quinta,0,Ensolarado,26.8,0
M1477,L004,103,SAIDA_CONSUMO,6.21,,2,2025-11-13 21:30:00,Quinta,0,Ensolarado,26.8,0
M1478,L006,104,SAIDA_CONSUMO,3.79,,2,2025-11-13 21:30:00,Quinta,0,Ensolarado,26.8,0
M1479,L007,105,SAIDA_CONSUMO,9.91,,2,2025-11-13 21:30:00,Quinta,0,Ensolarado,26.8,0
M1480,L009,106,SAIDA_CONSUMO,7.65,,2,2025-11-13 21:30:00,Quinta,0,Ensolarado,26.8,0
M1481,L010,107,SAIDA_CONSUMO,10.66,,2,2025-11-13 21:30:00,Quinta,0,Ensolarado,26.8,0
M1482,L012,108,SAIDA_CONSUMO,13.21,,2,2025-11-13 21:30:00,Quinta,0,Ensolarado,26.8,0
M1483,L013,109,SAIDA_CONSUMO,12.14,,2,2025-11-13 21:30:00,Quinta,0,Ensolarado,26.8,0
M1484,L015,110,SAIDA_CONSUMO,1.52,,2,2025-11-13 21:30:00,Quinta,0,Ensolarado,26.8,0
M1485,L001,101,SAIDA_CONSUMO,50.13,,2,2025-11-14 21:30:00,Sexta,0,Nublado,31.2,1
M1486,L003,102,SAIDA_CONSUMO,31.46,,2,2025-11-14 21:30:00,Sexta,0,Nublado,31.2,1
M1487,L004,103,SAIDA_CONSUMO,21.45,,2,2025-11-14 21:30:00,Sexta,0,Nublado,31.2,1
M1488,L006,104,SAIDA_CONSUMO,12.07,,2,2025-11-14 21:30:00,Sexta,0,Nublado,31.2,1
M1489,L007,105,SAIDA_CONSUMO,22.78,,2,2025-11-14 21:30:00,Sexta,0,Nublado,31.2,1
M1490,L009,106,SAIDA_CONSUMO,20.72,,2,2025-11-14 21:30:00,Sexta,0,Nublado,31.2,1
M1491,L010,107,SAIDA_CONSUMO,14.51,,2,2025-11-14 21:30:00,Sexta,0,Nublado,31.2,1
M1492,L012,108,SAIDA_CONSUMO,9.62,,2,2025-11-14 21:30:00,Sexta,0,Nublado,31.2,1
M1493,L013,109,SAIDA_CONSUMO,115.2,,2,2025-11-14 21:30:00,Sexta,0,Nublado,31.2,1
M1494,L015,110,SAIDA_CONSUMO,3.92,,2,2025-11-14 21:30:00,Sexta,0,Nublado,31.2,1
M1495,L001,101,SAIDA_CONSUMO,43.22,,2,2025-11-15 21:30:00,Sábado,0,Chuvoso,29.0,1
M1496,L003,102,SAIDA_CONSUMO,23.7,,2,2025-11-15 21:30:00,Sábado,0,Chuvoso,29.0,1
M1497,L004,103,SAIDA_CONSUMO,21.76,,2,2025-11-15 21:30:00,Sábado,0,Chuvoso,29.0,1
M1498,L006,104,SAIDA_CONSUMO,12.2,,2,2025-11-15 21:30:00,Sábado,0,Chuvoso,29.0,1
M1499,L007,105,SAIDA_CONSUMO,22.23,,2,2025-11-15 21:30:00,Sábado,0,Chuvoso,29.0,1
M1500,L009,106,SAIDA_CONSUMO,21.12,,2,2025-11-15 21:30:00,Sábado,0,Chuvoso,29.0,1
M1501,L010,107,SAIDA_CONSUMO,14.11,,2,2025-11-15 21:30:00,Sábado,0,Chuvoso,29.0,1
M1502,L012,108,SAIDA_CONSUMO,9.65,,2,2025-11-15 21:30:00,Sábado,0,Chuvoso,29.0,1
M1503,L013,109,SAIDA_CONSUMO,57.74,,2,2025-11-15 21:30:00,Sábado,0,Chuvoso,29.0,1
M1504,L013,109,DESPERDICIO,0.23,Erro de Preparo,2,2025-11-15 22:00:00,Sábado,0,Chuvoso,29.0,1
M1505,L015,110,SAIDA_CONSUMO,3.52,,2,2025-11-15 21:30:00,Sábado,0,Chuvoso,29.0,1
M1506,L001,101,SAIDA_CONSUMO,41.36,,2,2025-11-16 21:30:00,Domingo,0,Nublado,25.3,0
M1507,L003,102,SAIDA_CONSUMO,24.94,,2,2025-11-16 21:30:00,Domingo,0,Nublado,25.3,0
M1508,L004,103,SAIDA_CONSUMO,19.17,,2,2025-11-16 21:30:00,Domingo,0,Nublado,25.3,0
M1509,L006,104,SAIDA_CONSUMO,10.05,,2,2025-11-16 21:30:00,Domingo,0,Nublado,25.3,0
M1510,L007,105,SAIDA_CONSUMO,14.46,,2,2025-11-16 21:30:00,Domingo,0,Nublado,25.3,0
M1511,L009,106,SAIDA_CONSUMO,14.51,,2,2025-11-16 21:30:00,Domingo,0,Nublado,25.3,0
M1512,L010,107,SAIDA_CONSUMO,12.26,,2,2025-11-16 21:30:00,Domingo,0,Nublado,25.3,0
M1513,L012,108,SAIDA_CONSUMO,8.1,,2,2025-11-16 21:30:00,Domingo,0,Nublado,25.3,0
M1514,L013,109,SAIDA_CONSUMO,63.88,,2,2025-11-16 21:30:00,Domingo,0,Nublado,25.3,0
M1515,L015,110,SAIDA_CONSUMO,3.23,,2,2025-11-16 21:30:00,Domingo,0,Nublado,25.3,0
M1516,L001,101,SAIDA_CONSUMO,13.02,,2,2025-11-17 21:30:00,Segunda,0,Chuvoso,31.7,0
M1517,L003,102,SAIDA_CONSUMO,15.04,,2,2025-11-17 21:30:00,Segunda,0,Chuvoso,31.7,0
M1518,L004,103,SAIDA_CONSUMO,6.75,,2,2025-11-17 21:30:00,Segunda,0,Chuvoso,31.7,0
M1519,L006,104,SAIDA_CONSUMO,3.67,,2,2025-11-17 21:30:00,Segunda,0,Chuvoso,31.7,0
M1520,L007,105,SAIDA_CONSUMO,15.98,,2,2025-11-17 21:30:00,Segunda,0,Chuvoso,31.7,0
M1521,L007,105,DESPERDICIO,1.24,Sobras de Prato,2,2025-11-17 22:00:00,Segunda,0,Chuvoso,31.7,0
M1522,L009,106,SAIDA_CONSUMO,9.01,,2,2025-11-17 21:30:00,Segunda,0,Chuvoso,31.7,0
M1523,L009,106,DESPERDICIO,1.4,Quebra de Embalagem,2,2025-11-17 22:00:00,Segunda,0,Chuvoso,31.7,0
M1524,L010,107,SAIDA_CONSUMO,9.92,,2,2025-11-17 21:30:00,Segunda,0,Chuvoso,31.7,0
M1525,L010,107,DESPERDICIO,0.98,Erro de Preparo,2,2025-11-17 22:00:00,Segunda,0,Chuvoso,31.7,0
M1526,L012,108,SAIDA_CONSUMO,13.06,,2,2025-11-17 21:30:00,Segunda,0,Chuvoso,31.7,0
M1527,L013,109,SAIDA_CONSUMO,7.89,,2,2025-11-17 21:30:00,Segunda,0,Chuvoso,31.7,0
M1528,L015,110,SAIDA_CONSUMO,1.48,,2,2025-11-17 21:30:00,Segunda,0,Chuvoso,31.7,0
M1529,L001,101,SAIDA_CONSUMO,14.52,,2,2025-11-18 21:30:00,Terça,0,Ensolarado,25.5,0
M1530,L003,102,SAIDA_CONSUMO,18.9,,2,2025-11-18 21:30:00,Terça,0,Ensolarado,25.5,0
M1531,L003,102,DESPERDICIO,0.29,Sobras de Prato,2,2025-11-18 22:00:00,Terça,0,Ensolarado,25.5,0
M1532,L004,103,SAIDA_CONSUMO,6.1,,2,2025-11-18 21:30:00,Terça,0,Ensolarado,25.5,0
M1533,L006,104,SAIDA_CONSUMO,3.99,,2,2025-11-18 21:30:00,Terça,0,Ensolarado,25.5,0
M1534,L007,105,SAIDA_CONSUMO,12.15,,2,2025-11-18 21:30:00,Terça,0,Ensolarado,25.5,0
M1535,L009,106,SAIDA_CONSUMO,8.19,,2,2025-11-18 21:30:00,Terça,0,Ensolarado,25.5,0
M1536,L010,107,SAIDA_CONSUMO,10.08,,2,2025-11-18 21:30:00,Terça,0,Ensolarado,25.5,0
M1537,L010,107,DESPERDICIO,0.83,Sobras de Prato,2,2025-11-18 22:00:00,Terça,0,Ensolarado,25.5,0
M1538,L012,108,SAIDA_CONSUMO,13.36,,2,2025-11-18 21:30:00,Terça,0,Ensolarado,25.5,0
M1539,L013,109,SAIDA_CONSUMO,11.87,,2,2025-11-18 21:30:00,Terça,0,Ensolarado,25.5,0
M1540,L015,110,SAIDA_CONSUMO,1.5,,2,2025-11-18 21:30:00,Terça,0,Ensolarado,25.5,0
M1541,L001,101,SAIDA_CONSUMO,14.25,,2,2025-11-19 21:30:00,Quarta,0,Ensolarado,26.6,0
M1542,L003,102,SAIDA_CONSUMO,17.75,,2,2025-11-19 21:30:00,Quarta,0,Ensolarado,26.6,0
M1543,L004,103,SAIDA_CONSUMO,5.83,,2,2025-11-19 21:30:00,Quarta,0,Ensolarado,26.6,0
M1544,L006,104,SAIDA_CONSUMO,4.11,,2,2025-11-19 21:30:00,Quarta,0,Ensolarado,26.6,0
M1545,L007,105,SAIDA_CONSUMO,12.84,,2,2025-11-19 21:30:00,Quarta,0,Ensolarado,26.6,0
M1546,L007,105,DESPERDICIO,1.42,Quebra de Embalagem,2,2025-11-19 22:00:00,Quarta,0,Ensolarado,26.6,0
M1547,L009,106,SAIDA_CONSUMO,8.37,,2,2025-11-19 21:30:00,Quarta,0,Ensolarado,26.6,0
M1548,L010,107,SAIDA_CONSUMO,10.19,,2,2025-11-19 21:30:00,Quarta,0,Ensolarado,26.6,0
M1549,L012,108,SAIDA_CONSUMO,13.88,,2,2025-11-19 21:30:00,Quarta,0,Ensolarado,26.6,0
M1550,L013,109,SAIDA_CONSUMO,12.31,,2,2025-11-19 21:30:00,Quarta,0,Ensolarado,26.6,0
M1551,L015,110,SAIDA_CONSUMO,1.6,,2,2025-11-19 21:30:00,Quarta,0,Ensolarado,26.6,0
M1552,L001,101,SAIDA_CONSUMO,14.92,,2,2025-11-20 21:30:00,Quinta,0,Ensolarado,29.8,0
M1553,L001,101,DESPERDICIO,0.41,Erro de Preparo,2,2025-11-20 22:00:00,Quinta,0,Ensolarado,29.8,0
M1554,L003,102,SAIDA_CONSUMO,19.35,,2,2025-11-20 21:30:00,Quinta,0,Ensolarado,29.8,0
M1555,L004,103,SAIDA_CONSUMO,5.69,,2,2025-11-20 21:30:00,Quinta,0,Ensolarado,29.8,0
M1556,L006,104,SAIDA_CONSUMO,3.89,,2,2025-11-20 21:30:00,Quinta,0,Ensolarado,29.8,0
M1557,L007,105,SAIDA_CONSUMO,16.78,,2,2025-11-20 21:30:00,Quinta,0,Ensolarado,29.8,0
M1558,L009,106,SAIDA_CONSUMO,9.96,,2,2025-11-20 21:30:00,Quinta,0,Ensolarado,29.8,0
M1559,L010,107,SAIDA_CONSUMO,9.44,,2,2025-11-20 21:30:00,Quinta,0,Ensolarado,29.8,0
M1560,L012,108,SAIDA_CONSUMO,14.39,,2,2025-11-20 21:30:00,Quinta,0,Ensolarado,29.8,0
M1561,L013,109,SAIDA_CONSUMO,18.05,,2,2025-11-20 21:30:00,Quinta,0,Ensolarado,29.8,0
M1562,L015,110,SAIDA_CONSUMO,1.49,,2,2025-11-20 21:30:00,Quinta,0,Ensolarado,29.8,0
M1563,L001,101,SAIDA_CONSUMO,40.45,,2,2025-11-21 21:30:00,Sexta,0,Ensolarado,26.5,0
M1564,L003,102,SAIDA_CONSUMO,26.31,,2,2025-11-21 21:30:00,Sexta,0,Ensolarado,26.5,0
M1565,L004,103,SAIDA_CONSUMO,18.97,,2,2025-11-21 21:30:00,Sexta,0,Ensolarado,26.5,0
M1566,L006,104,SAIDA_CONSUMO,9.98,,2,2025-11-21 21:30:00,Sexta,0,Ensolarado,26.5,0
M1567,L007,105,SAIDA_CONSUMO,15.49,,2,2025-11-21 21:30:00,Sexta,0,Ensolarado,26.5,0
M1568,L009,106,SAIDA_CONSUMO,12.9,,2,2025-11-21 21:30:00,Sexta,0,Ensolarado,26.5,0
M1569,L010,107,SAIDA_CONSUMO,12.89,,2,2025-11-21 21:30:00,Sexta,0,Ensolarado,26.5,0
M1570,L012,108,SAIDA_CONSUMO,8.55,,2,2025-11-21 21:30:00,Sexta,0,Ensolarado,26.5,0
M1571,L013,109,SAIDA_CONSUMO,66.61,,2,2025-11-21 21:30:00,Sexta,0,Ensolarado,26.5,0
M1572,L015,110,SAIDA_CONSUMO,3.04,,2,2025-11-21 21:30:00,Sexta,0,Ensolarado,26.5,0
M1573,L001,101,SAIDA_CONSUMO,44.7,,2,2025-11-22 21:30:00,Sábado,0,Frio,24.4,1
M1574,L003,102,SAIDA_CONSUMO,29.94,,2,2025-11-22 21:30:00,Sábado,0,Frio,24.4,1
M1575,L004,103,SAIDA_CONSUMO,19.59,,2,2025-11-22 21:30:00,Sábado,0,Frio,24.4,1
M1576,L006,104,SAIDA_CONSUMO,12.12,,2,2025-11-22 21:30:00,Sábado,0,Frio,24.4,1
M1577,L007,105,SAIDA_CONSUMO,11.98,,2,2025-11-22 21:30:00,Sábado,0,Frio,24.4,1
M1578,L009,106,SAIDA_CONSUMO,10.86,,2,2025-11-22 21:30:00,Sábado,0,Frio,24.4,1
M1579,L010,107,SAIDA_CONSUMO,15.06,,2,2025-11-22 21:30:00,Sábado,0,Frio,24.4,1
M1580,L012,108,SAIDA_CONSUMO,9.32,,2,2025-11-22 21:30:00,Sábado,0,Frio,24.4,1
M1581,L013,109,SAIDA_CONSUMO,33.94,,2,2025-11-22 21:30:00,Sábado,0,Frio,24.4,1
M1582,L015,110,SAIDA_CONSUMO,3.56,,2,2025-11-22 21:30:00,Sábado,0,Frio,24.4,1
M1583,L001,101,SAIDA_CONSUMO,39.48,,2,2025-11-23 21:30:00,Domingo,0,Ensolarado,26.4,0
M1584,L003,102,SAIDA_CONSUMO,26.54,,2,2025-11-23 21:30:00,Domingo,0,Ensolarado,26.4,0
M1585,L004,103,SAIDA_CONSUMO,17.25,,2,2025-11-23 21:30:00,Domingo,0,Ensolarado,26.4,0
M1586,L006,104,SAIDA_CONSUMO,10.26,,2,2025-11-23 21:30:00,Domingo,0,Ensolarado,26.4,0
M1587,L006,104,DESPERDICIO,1.16,Validade / Avaria,2,2025-11-23 22:00:00,Domingo,0,Ensolarado,26.4,0
M1588,L007,105,SAIDA_CONSUMO,16.12,,2,2025-11-23 21:30:00,Domingo,0,Ensolarado,26.4,0
M1589,L009,106,SAIDA_CONSUMO,14.12,,2,2025-11-23 21:30:00,Domingo,0,Ensolarado,26.4,0
M1590,L010,107,SAIDA_CONSUMO,12.1,,2,2025-11-23 21:30:00,Domingo,0,Ensolarado,26.4,0
M1591,L012,108,SAIDA_CONSUMO,8.44,,2,2025-11-23 21:30:00,Domingo,0,Ensolarado,26.4,0
M1592,L012,108,DESPERDICIO,1.48,Validade / Avaria,2,2025-11-23 22:00:00,Domingo,0,Ensolarado,26.4,0
M1593,L013,109,SAIDA_CONSUMO,67.36,,2,2025-11-23 21:30:00,Domingo,0,Ensolarado,26.4,0
M1594,L013,109,DESPERDICIO,0.36,Erro de Preparo,2,2025-11-23 22:00:00,Domingo,0,Ensolarado,26.4,0
M1595,L015,110,SAIDA_CONSUMO,3.01,,2,2025-11-23 21:30:00,Domingo,0,Ensolarado,26.4,0
M1596,L001,101,SAIDA_CONSUMO,16.29,,2,2025-11-24 21:30:00,Segunda,0,Ensolarado,23.3,0
M1597,L003,102,SAIDA_CONSUMO,18.69,,2,2025-11-24 21:30:00,Segunda,0,Ensolarado,23.3,0
M1598,L004,103,SAIDA_CONSUMO,5.54,,2,2025-11-24 21:30:00,Segunda,0,Ensolarado,23.3,0
M1599,L006,104,SAIDA_CONSUMO,4.1,,2,2025-11-24 21:30:00,Segunda,0,Ensolarado,23.3,0
M1600,L007,105,SAIDA_CONSUMO,11.36,,2,2025-11-24 21:30:00,Segunda,0,Ensolarado,23.3,0
M1601,L009,106,SAIDA_CONSUMO,8.04,,2,2025-11-24 21:30:00,Segunda,0,Ensolarado,23.3,0
M1602,L010,107,SAIDA_CONSUMO,10.03,,2,2025-11-24 21:30:00,Segunda,0,Ensolarado,23.3,0
M1603,L012,108,SAIDA_CONSUMO,14.08,,2,2025-11-24 21:30:00,Segunda,0,Ensolarado,23.3,0
M1604,L013,109,SAIDA_CONSUMO,11.57,,2,2025-11-24 21:30:00,Segunda,0,Ensolarado,23.3,0
M1605,L015,110,SAIDA_CONSUMO,1.54,,2,2025-11-24 21:30:00,Segunda,0,Ensolarado,23.3,0
M1606,L001,101,SAIDA_CONSUMO,19.46,,2,2025-11-25 21:30:00,Terça,1,Ensolarado,30.6,0
M1607,L001,101,DESPERDICIO,0.52,Erro de Preparo,2,2025-11-25 22:00:00,Terça,1,Ensolarado,30.6,0
M1608,L003,102,SAIDA_CONSUMO,23.58,,2,2025-11-25 21:30:00,Terça,1,Ensolarado,30.6,0
M1609,L004,103,SAIDA_CONSUMO,7.67,,2,2025-11-25 21:30:00,Terça,1,Ensolarado,30.6,0
M1610,L006,104,SAIDA_CONSUMO,5.21,,2,2025-11-25 21:30:00,Terça,1,Ensolarado,30.6,0
M1611,L007,105,SAIDA_CONSUMO,18.85,,2,2025-11-25 21:30:00,Terça,1,Ensolarado,30.6,0
M1612,L009,106,SAIDA_CONSUMO,13.27,,2,2025-11-25 21:30:00,Terça,1,Ensolarado,30.6,0
M1613,L010,107,SAIDA_CONSUMO,12.61,,2,2025-11-25 21:30:00,Terça,1,Ensolarado,30.6,0
M1614,L012,108,SAIDA_CONSUMO,18.41,,2,2025-11-25 21:30:00,Terça,1,Ensolarado,30.6,0
M1615,L013,109,SAIDA_CONSUMO,23.22,,2,2025-11-25 21:30:00,Terça,1,Ensolarado,30.6,0
M1616,L015,110,SAIDA_CONSUMO,1.93,,2,2025-11-25 21:30:00,Terça,1,Ensolarado,30.6,0
M1617,L001,101,SAIDA_CONSUMO,11.49,,2,2025-11-26 21:30:00,Quarta,0,Chuvoso,33.4,0
M1618,L003,102,SAIDA_CONSUMO,14.46,,2,2025-11-26 21:30:00,Quarta,0,Chuvoso,33.4,0
M1619,L004,103,SAIDA_CONSUMO,6.22,,2,2025-11-26 21:30:00,Quarta,0,Chuvoso,33.4,0
M1620,L006,104,SAIDA_CONSUMO,4.13,,2,2025-11-26 21:30:00,Quarta,0,Chuvoso,33.4,0
M1621,L007,105,SAIDA_CONSUMO,15.07,,2,2025-11-26 21:30:00,Quarta,0,Chuvoso,33.4,0
M1622,L007,105,DESPERDICIO,0.62,Sobras de Prato,2,2025-11-26 22:00:00,Quarta,0,Chuvoso,33.4,0
M1623,L009,106,SAIDA_CONSUMO,9.59,,2,2025-11-26 21:30:00,Quarta,0,Chuvoso,33.4,0
M1624,L010,107,SAIDA_CONSUMO,8.99,,2,2025-11-26 21:30:00,Quarta,0,Chuvoso,33.4,0
M1625,L012,108,SAIDA_CONSUMO,14.75,,2,2025-11-26 21:30:00,Quarta,0,Chuvoso,33.4,0
M1626,L013,109,SAIDA_CONSUMO,7.41,,2,2025-11-26 21:30:00,Quarta,0,Chuvoso,33.4,0
M1627,L013,109,DESPERDICIO,0.96,Sobras de Prato,2,2025-11-26 22:00:00,Quarta,0,Chuvoso,33.4,0
M1628,L015,110,SAIDA_CONSUMO,1.63,,2,2025-11-26 21:30:00,Quarta,0,Chuvoso,33.4,0
M1629,L001,101,SAIDA_CONSUMO,13.49,,2,2025-11-27 21:30:00,Quinta,0,Chuvoso,28.0,0
M1630,L003,102,SAIDA_CONSUMO,15.01,,2,2025-11-27 21:30:00,Quinta,0,Chuvoso,28.0,0
M1631,L004,103,SAIDA_CONSUMO,5.58,,2,2025-11-27 21:30:00,Quinta,0,Chuvoso,28.0,0
M1632,L006,104,SAIDA_CONSUMO,3.67,,2,2025-11-27 21:30:00,Quinta,0,Chuvoso,28.0,0
M1633,L007,105,SAIDA_CONSUMO,15.83,,2,2025-11-27 21:30:00,Quinta,0,Chuvoso,28.0,0
M1634,L009,106,SAIDA_CONSUMO,10.23,,2,2025-11-27 21:30:00,Quinta,0,Chuvoso,28.0,0
M1635,L010,107,SAIDA_CONSUMO,10.38,,2,2025-11-27 21:30:00,Quinta,0,Chuvoso,28.0,0
M1636,L012,108,SAIDA_CONSUMO,14.2,,2,2025-11-27 21:30:00,Quinta,0,Chuvoso,28.0,0
M1637,L013,109,SAIDA_CONSUMO,8.25,,2,2025-11-27 21:30:00,Quinta,0,Chuvoso,28.0,0
M1638,L015,110,SAIDA_CONSUMO,1.48,,2,2025-11-27 21:30:00,Quinta,0,Chuvoso,28.0,0
M1639,L001,101,SAIDA_CONSUMO,44.18,,2,2025-11-28 21:30:00,Sexta,0,Ensolarado,26.0,1
M1640,L003,102,SAIDA_CONSUMO,30.5,,2,2025-11-28 21:30:00,Sexta,0,Ensolarado,26.0,1
M1641,L004,103,SAIDA_CONSUMO,21.06,,2,2025-11-28 21:30:00,Sexta,0,Ensolarado,26.0,1
M1642,L006,104,SAIDA_CONSUMO,11.21,,2,2025-11-28 21:30:00,Sexta,0,Ensolarado,26.0,1
M1643,L007,105,SAIDA_CONSUMO,17.27,,2,2025-11-28 21:30:00,Sexta,0,Ensolarado,26.0,1
M1644,L009,106,SAIDA_CONSUMO,17.19,,2,2025-11-28 21:30:00,Sexta,0,Ensolarado,26.0,1
M1645,L010,107,SAIDA_CONSUMO,14.5,,2,2025-11-28 21:30:00,Sexta,0,Ensolarado,26.0,1
M1646,L012,108,SAIDA_CONSUMO,9.23,,2,2025-11-28 21:30:00,Sexta,0,Ensolarado,26.0,1
M1647,L013,109,SAIDA_CONSUMO,82.54,,2,2025-11-28 21:30:00,Sexta,0,Ensolarado,26.0,1
M1648,L015,110,SAIDA_CONSUMO,3.59,,2,2025-11-28 21:30:00,Sexta,0,Ensolarado,26.0,1
M1649,L015,110,DESPERDICIO,1.02,Quebra de Embalagem,2,2025-11-28 22:00:00,Sexta,0,Ensolarado,26.0,1
M1650,L001,101,SAIDA_CONSUMO,42.65,,2,2025-11-29 21:30:00,Sábado,0,Ensolarado,30.3,0
M1651,L003,102,SAIDA_CONSUMO,25.53,,2,2025-11-29 21:30:00,Sábado,0,Ensolarado,30.3,0
M1652,L004,103,SAIDA_CONSUMO,18.67,,2,2025-11-29 21:30:00,Sábado,0,Ensolarado,30.3,0
M1653,L006,104,SAIDA_CONSUMO,9.87,,2,2025-11-29 21:30:00,Sábado,0,Ensolarado,30.3,0
M1654,L007,105,SAIDA_CONSUMO,18.11,,2,2025-11-29 21:30:00,Sábado,0,Ensolarado,30.3,0
M1655,L009,106,SAIDA_CONSUMO,16.76,,2,2025-11-29 21:30:00,Sábado,0,Ensolarado,30.3,0
M1656,L010,107,SAIDA_CONSUMO,12.62,,2,2025-11-29 21:30:00,Sábado,0,Ensolarado,30.3,0
M1657,L012,108,SAIDA_CONSUMO,8.23,,2,2025-11-29 21:30:00,Sábado,0,Ensolarado,30.3,0
M1658,L013,109,SAIDA_CONSUMO,90.54,,2,2025-11-29 21:30:00,Sábado,0,Ensolarado,30.3,0
M1659,L015,110,SAIDA_CONSUMO,2.96,,2,2025-11-29 21:30:00,Sábado,0,Ensolarado,30.3,0
M1660,L001,101,SAIDA_CONSUMO,38.91,,2,2025-11-30 21:30:00,Domingo,0,Ensolarado,29.0,0
M1661,L003,102,SAIDA_CONSUMO,23.83,,2,2025-11-30 21:30:00,Domingo,0,Ensolarado,29.0,0
M1662,L004,103,SAIDA_CONSUMO,16.81,,2,2025-11-30 21:30:00,Domingo,0,Ensolarado,29.0,0
M1663,L006,104,SAIDA_CONSUMO,10.38,,2,2025-11-30 21:30:00,Domingo,0,Ensolarado,29.0,0
M1664,L007,105,SAIDA_CONSUMO,18.42,,2,2025-11-30 21:30:00,Domingo,0,Ensolarado,29.0,0
M1665,L009,106,SAIDA_CONSUMO,17.02,,2,2025-11-30 21:30:00,Domingo,0,Ensolarado,29.0,0
M1666,L010,107,SAIDA_CONSUMO,10.88,,2,2025-11-30 21:30:00,Domingo,0,Ensolarado,29.0,0
M1667,L012,108,SAIDA_CONSUMO,7.21,,2,2025-11-30 21:30:00,Domingo,0,Ensolarado,29.0,0
M1668,L012,108,DESPERDICIO,0.64,Erro de Preparo,2,2025-11-30 22:00:00,Domingo,0,Ensolarado,29.0,0
M1669,L013,109,SAIDA_CONSUMO,95.23,,2,2025-11-30 21:30:00,Domingo,0,Ensolarado,29.0,0
M1670,L015,110,SAIDA_CONSUMO,2.92,,2,2025-11-30 21:30:00,Domingo,0,Ensolarado,29.0,0
M1671,L001,101,SAIDA_CONSUMO,22.57,,2,2025-12-01 21:30:00,Segunda,1,Ensolarado,23.1,0
M1672,L003,102,SAIDA_CONSUMO,27.44,,2,2025-12-01 21:30:00,Segunda,1,Ensolarado,23.1,0
M1673,L004,103,SAIDA_CONSUMO,9.13,,2,2025-12-01 21:30:00,Segunda,1,Ensolarado,23.1,0
M1674,L006,104,SAIDA_CONSUMO,6.25,,2,2025-12-01 21:30:00,Segunda,1,Ensolarado,23.1,0
M1675,L007,105,SAIDA_CONSUMO,19.34,,2,2025-12-01 21:30:00,Segunda,1,Ensolarado,23.1,0
M1676,L009,106,SAIDA_CONSUMO,12.52,,2,2025-12-01 21:30:00,Segunda,1,Ensolarado,23.1,0
M1677,L010,107,SAIDA_CONSUMO,15.01,,2,2025-12-01 21:30:00,Segunda,1,Ensolarado,23.1,0
M1678,L012,108,SAIDA_CONSUMO,20.98,,2,2025-12-01 21:30:00,Segunda,1,Ensolarado,23.1,0
M1679,L013,109,SAIDA_CONSUMO,19.14,,2,2025-12-01 21:30:00,Segunda,1,Ensolarado,23.1,0
M1680,L015,110,SAIDA_CONSUMO,2.49,,2,2025-12-01 21:30:00,Segunda,1,Ensolarado,23.1,0
M1681,L001,101,SAIDA_CONSUMO,17.26,,2,2025-12-02 21:30:00,Terça,0,Ensolarado,29.3,0
M1682,L003,102,SAIDA_CONSUMO,22.17,,2,2025-12-02 21:30:00,Terça,0,Ensolarado,29.3,0
M1683,L004,103,SAIDA_CONSUMO,7.68,,2,2025-12-02 21:30:00,Terça,0,Ensolarado,29.3,0
M1684,L006,104,SAIDA_CONSUMO,4.74,,2,2025-12-02 21:30:00,Terça,0,Ensolarado,29.3,0
M1685,L007,105,SAIDA_CONSUMO,17.68,,2,2025-12-02 21:30:00,Terça,0,Ensolarado,29.3,0
M1686,L009,106,SAIDA_CONSUMO,11.44,,2,2025-12-02 21:30:00,Terça,0,Ensolarado,29.3,0
M1687,L010,107,SAIDA_CONSUMO,12.04,,2,2025-12-02 21:30:00,Terça,0,Ensolarado,29.3,0
M1688,L012,108,SAIDA_CONSUMO,17.35,,2,2025-12-02 21:30:00,Terça,0,Ensolarado,29.3,0
M1689,L013,109,SAIDA_CONSUMO,20.43,,2,2025-12-02 21:30:00,Terça,0,Ensolarado,29.3,0
M1690,L015,110,SAIDA_CONSUMO,1.82,,2,2025-12-02 21:30:00,Terça,0,Ensolarado,29.3,0
M1691,L001,101,SAIDA_CONSUMO,17.2,,2,2025-12-03 21:30:00,Quarta,0,Nublado,32.2,0
M1692,L003,102,SAIDA_CONSUMO,20.8,,2,2025-12-03 21:30:00,Quarta,0,Nublado,32.2,0
M1693,L004,103,SAIDA_CONSUMO,7.23,,2,2025-12-03 21:30:00,Quarta,0,Nublado,32.2,0
M1694,L006,104,SAIDA_CONSUMO,4.94,,2,2025-12-03 21:30:00,Quarta,0,Nublado,32.2,0
M1695,L007,105,SAIDA_CONSUMO,19.29,,2,2025-12-03 21:30:00,Quarta,0,Nublado,32.2,0
M1696,L009,106,SAIDA_CONSUMO,11.55,,2,2025-12-03 21:30:00,Quarta,0,Nublado,32.2,0
M1697,L010,107,SAIDA_CONSUMO,12.13,,2,2025-12-03 21:30:00,Quarta,0,Nublado,32.2,0
M1698,L012,108,SAIDA_CONSUMO,16.8,,2,2025-12-03 21:30:00,Quarta,0,Nublado,32.2,0
M1699,L013,109,SAIDA_CONSUMO,20.62,,2,2025-12-03 21:30:00,Quarta,0,Nublado,32.2,0
M1700,L015,110,SAIDA_CONSUMO,1.89,,2,2025-12-03 21:30:00,Quarta,0,Nublado,32.2,0
M1701,L001,101,SAIDA_CONSUMO,17.62,,2,2025-12-04 21:30:00,Quinta,0,Nublado,32.3,0
M1702,L003,102,SAIDA_CONSUMO,21.39,,2,2025-12-04 21:30:00,Quinta,0,Nublado,32.3,0
M1703,L004,103,SAIDA_CONSUMO,6.89,,2,2025-12-04 21:30:00,Quinta,0,Nublado,32.3,0
M1704,L006,104,SAIDA_CONSUMO,5.06,,2,2025-12-04 21:30:00,Quinta,0,Nublado,32.3,0
M1705,L007,105,SAIDA_CONSUMO,17.86,,2,2025-12-04 21:30:00,Quinta,0,Nublado,32.3,0
M1706,L009,106,SAIDA_CONSUMO,12.08,,2,2025-12-04 21:30:00,Quinta,0,Nublado,32.3,0
M1707,L010,107,SAIDA_CONSUMO,13.23,,2,2025-12-04 21:30:00,Quinta,0,Nublado,32.3,0
M1708,L012,108,SAIDA_CONSUMO,16.59,,2,2025-12-04 21:30:00,Quinta,0,Nublado,32.3,0
M1709,L013,109,SAIDA_CONSUMO,19.36,,2,2025-12-04 21:30:00,Quinta,0,Nublado,32.3,0
M1710,L015,110,SAIDA_CONSUMO,1.8,,2,2025-12-04 21:30:00,Quinta,0,Nublado,32.3,0
M1711,L001,101,SAIDA_CONSUMO,48.11,,2,2025-12-05 21:30:00,Sexta,0,Ensolarado,22.3,0
M1712,L003,102,SAIDA_CONSUMO,30.66,,2,2025-12-05 21:30:00,Sexta,0,Ensolarado,22.3,0
M1713,L004,103,SAIDA_CONSUMO,21.66,,2,2025-12-05 21:30:00,Sexta,0,Ensolarado,22.3,0
M1714,L006,104,SAIDA_CONSUMO,11.01,,2,2025-12-05 21:30:00,Sexta,0,Ensolarado,22.3,0
M1715,L007,105,SAIDA_CONSUMO,17.09,,2,2025-12-05 21:30:00,Sexta,0,Ensolarado,22.3,0
M1716,L009,106,SAIDA_CONSUMO,17.22,,2,2025-12-05 21:30:00,Sexta,0,Ensolarado,22.3,0
M1717,L010,107,SAIDA_CONSUMO,14.27,,2,2025-12-05 21:30:00,Sexta,0,Ensolarado,22.3,0
M1718,L012,108,SAIDA_CONSUMO,10.2,,2,2025-12-05 21:30:00,Sexta,0,Ensolarado,22.3,0
M1719,L013,109,SAIDA_CONSUMO,78.48,,2,2025-12-05 21:30:00,Sexta,0,Ensolarado,22.3,0
M1720,L015,110,SAIDA_CONSUMO,3.55,,2,2025-12-05 21:30:00,Sexta,0,Ensolarado,22.3,0
M1721,L001,101,SAIDA_CONSUMO,48.6,,2,2025-12-06 21:30:00,Sábado,0,Ensolarado,23.6,0
M1722,L003,102,SAIDA_CONSUMO,29.22,,2,2025-12-06 21:30:00,Sábado,0,Ensolarado,23.6,0
M1723,L004,103,SAIDA_CONSUMO,20.22,,2,2025-12-06 21:30:00,Sábado,0,Ensolarado,23.6,0
M1724,L006,104,SAIDA_CONSUMO,12.46,,2,2025-12-06 21:30:00,Sábado,0,Ensolarado,23.6,0
M1725,L007,105,SAIDA_CONSUMO,17.22,,2,2025-12-06 21:30:00,Sábado,0,Ensolarado,23.6,0
M1726,L009,106,SAIDA_CONSUMO,16.65,,2,2025-12-06 21:30:00,Sábado,0,Ensolarado,23.6,0
M1727,L010,107,SAIDA_CONSUMO,14.1,,2,2025-12-06 21:30:00,Sábado,0,Ensolarado,23.6,0
M1728,L012,108,SAIDA_CONSUMO,9.13,,2,2025-12-06 21:30:00,Sábado,0,Ensolarado,23.6,0
M1729,L013,109,SAIDA_CONSUMO,80.86,,2,2025-12-06 21:30:00,Sábado,0,Ensolarado,23.6,0
M1730,L013,109,DESPERDICIO,0.74,Quebra de Embalagem,2,2025-12-06 22:00:00,Sábado,0,Ensolarado,23.6,0
M1731,L015,110,SAIDA_CONSUMO,3.71,,2,2025-12-06 21:30:00,Sábado,0,Ensolarado,23.6,0
M1732,L001,101,SAIDA_CONSUMO,38.81,,2,2025-12-07 21:30:00,Domingo,0,Chuvoso,29.6,0
M1733,L003,102,SAIDA_CONSUMO,26.22,,2,2025-12-07 21:30:00,Domingo,0,Chuvoso,29.6,0
M1734,L004,103,SAIDA_CONSUMO,21.97,,2,2025-12-07 21:30:00,Domingo,0,Chuvoso,29.6,0
M1735,L006,104,SAIDA_CONSUMO,12.54,,2,2025-12-07 21:30:00,Domingo,0,Chuvoso,29.6,0
M1736,L007,105,SAIDA_CONSUMO,22.41,,2,2025-12-07 21:30:00,Domingo,0,Chuvoso,29.6,0
M1737,L009,106,SAIDA_CONSUMO,20.7,,2,2025-12-07 21:30:00,Domingo,0,Chuvoso,29.6,0
M1738,L010,107,SAIDA_CONSUMO,13.35,,2,2025-12-07 21:30:00,Domingo,0,Chuvoso,29.6,0
M1739,L012,108,SAIDA_CONSUMO,9.6,,2,2025-12-07 21:30:00,Domingo,0,Chuvoso,29.6,0
M1740,L013,109,SAIDA_CONSUMO,55.28,,2,2025-12-07 21:30:00,Domingo,0,Chuvoso,29.6,0
M1741,L015,110,SAIDA_CONSUMO,3.68,,2,2025-12-07 21:30:00,Domingo,0,Chuvoso,29.6,0
M1742,L001,101,SAIDA_CONSUMO,15.67,,2,2025-12-08 21:30:00,Segunda,0,Chuvoso,33.2,0
M1743,L003,102,SAIDA_CONSUMO,18.26,,2,2025-12-08 21:30:00,Segunda,0,Chuvoso,33.2,0
M1744,L004,103,SAIDA_CONSUMO,7.34,,2,2025-12-08 21:30:00,Segunda,0,Chuvoso,33.2,0
M1745,L006,104,SAIDA_CONSUMO,4.83,,2,2025-12-08 21:30:00,Segunda,0,Chuvoso,33.2,0
M1746,L007,105,SAIDA_CONSUMO,18.2,,2,2025-12-08 21:30:00,Segunda,0,Chuvoso,33.2,0
M1747,L009,106,SAIDA_CONSUMO,11.93,,2,2025-12-08 21:30:00,Segunda,0,Chuvoso,33.2,0
M1748,L010,107,SAIDA_CONSUMO,11.99,,2,2025-12-08 21:30:00,Segunda,0,Chuvoso,33.2,0
M1749,L012,108,SAIDA_CONSUMO,17.72,,2,2025-12-08 21:30:00,Segunda,0,Chuvoso,33.2,0
M1750,L013,109,SAIDA_CONSUMO,10.66,,2,2025-12-08 21:30:00,Segunda,0,Chuvoso,33.2,0
M1751,L015,110,SAIDA_CONSUMO,1.78,,2,2025-12-08 21:30:00,Segunda,0,Chuvoso,33.2,0
M1752,L001,101,SAIDA_CONSUMO,17.55,,2,2025-12-09 21:30:00,Terça,0,Ensolarado,34.8,0
M1753,L001,101,DESPERDICIO,1.17,Validade / Avaria,2,2025-12-09 22:00:00,Terça,0,Ensolarado,34.8,0
M1754,L003,102,SAIDA_CONSUMO,21.53,,2,2025-12-09 21:30:00,Terça,0,Ensolarado,34.8,0
M1755,L004,103,SAIDA_CONSUMO,6.8,,2,2025-12-09 21:30:00,Terça,0,Ensolarado,34.8,0
M1756,L006,104,SAIDA_CONSUMO,4.61,,2,2025-12-09 21:30:00,Terça,0,Ensolarado,34.8,0
M1757,L007,105,SAIDA_CONSUMO,17.37,,2,2025-12-09 21:30:00,Terça,0,Ensolarado,34.8,0
M1758,L009,106,SAIDA_CONSUMO,12.21,,2,2025-12-09 21:30:00,Terça,0,Ensolarado,34.8,0
M1759,L010,107,SAIDA_CONSUMO,12.59,,2,2025-12-09 21:30:00,Terça,0,Ensolarado,34.8,0
M1760,L012,108,SAIDA_CONSUMO,17.3,,2,2025-12-09 21:30:00,Terça,0,Ensolarado,34.8,0
M1761,L012,108,DESPERDICIO,0.31,Sobras de Prato,2,2025-12-09 22:00:00,Terça,0,Ensolarado,34.8,0
M1762,L013,109,SAIDA_CONSUMO,20.98,,2,2025-12-09 21:30:00,Terça,0,Ensolarado,34.8,0
M1763,L015,110,SAIDA_CONSUMO,1.82,,2,2025-12-09 21:30:00,Terça,0,Ensolarado,34.8,0
M1764,L001,101,SAIDA_CONSUMO,14.65,,2,2025-12-10 21:30:00,Quarta,0,Chuvoso,22.1,0
M1765,L003,102,SAIDA_CONSUMO,17.57,,2,2025-12-10 21:30:00,Quarta,0,Chuvoso,22.1,0
M1766,L004,103,SAIDA_CONSUMO,7.49,,2,2025-12-10 21:30:00,Quarta,0,Chuvoso,22.1,0
M1767,L006,104,SAIDA_CONSUMO,4.79,,2,2025-12-10 21:30:00,Quarta,0,Chuvoso,22.1,0
M1768,L007,105,SAIDA_CONSUMO,13.79,,2,2025-12-10 21:30:00,Quarta,0,Chuvoso,22.1,0
M1769,L009,106,SAIDA_CONSUMO,9.57,,2,2025-12-10 21:30:00,Quarta,0,Chuvoso,22.1,0
M1770,L010,107,SAIDA_CONSUMO,13.18,,2,2025-12-10 21:30:00,Quarta,0,Chuvoso,22.1,0
M1771,L012,108,SAIDA_CONSUMO,17.09,,2,2025-12-10 21:30:00,Quarta,0,Chuvoso,22.1,0
M1772,L012,108,DESPERDICIO,0.34,Erro de Preparo,2,2025-12-10 22:00:00,Quarta,0,Chuvoso,22.1,0
M1773,L013,109,SAIDA_CONSUMO,6.84,,2,2025-12-10 21:30:00,Quarta,0,Chuvoso,22.1,0
M1774,L015,110,SAIDA_CONSUMO,1.7,,2,2025-12-10 21:30:00,Quarta,0,Chuvoso,22.1,0
M1775,L001,101,SAIDA_CONSUMO,12.39,,2,2025-12-11 21:30:00,Quinta,0,Chuvoso,34.3,0
M1776,L003,102,SAIDA_CONSUMO,15.0,,2,2025-12-11 21:30:00,Quinta,0,Chuvoso,34.3,0
M1777,L004,103,SAIDA_CONSUMO,5.6,,2,2025-12-11 21:30:00,Quinta,0,Chuvoso,34.3,0
M1778,L006,104,SAIDA_CONSUMO,4.18,,2,2025-12-11 21:30:00,Quinta,0,Chuvoso,34.3,0
M1779,L007,105,SAIDA_CONSUMO,15.5,,2,2025-12-11 21:30:00,Quinta,0,Chuvoso,34.3,0
M1780,L009,106,SAIDA_CONSUMO,9.67,,2,2025-12-11 21:30:00,Quinta,0,Chuvoso,34.3,0
M1781,L010,107,SAIDA_CONSUMO,10.44,,2,2025-12-11 21:30:00,Quinta,0,Chuvoso,34.3,0
M1782,L012,108,SAIDA_CONSUMO,14.51,,2,2025-12-11 21:30:00,Quinta,0,Chuvoso,34.3,0
M1783,L013,109,SAIDA_CONSUMO,8.9,,2,2025-12-11 21:30:00,Quinta,0,Chuvoso,34.3,0
M1784,L015,110,SAIDA_CONSUMO,1.5,,2,2025-12-11 21:30:00,Quinta,0,Chuvoso,34.3,0
M1785,L015,110,DESPERDICIO,0.41,Validade / Avaria,2,2025-12-11 22:00:00,Quinta,0,Chuvoso,34.3,0
M1786,L001,101,SAIDA_CONSUMO,50.65,,2,2025-12-12 21:30:00,Sexta,1,Chuvoso,23.2,1
M1787,L003,102,SAIDA_CONSUMO,33.1,,2,2025-12-12 21:30:00,Sexta,1,Chuvoso,23.2,1
M1788,L004,103,SAIDA_CONSUMO,28.8,,2,2025-12-12 21:30:00,Sexta,1,Chuvoso,23.2,1
M1789,L006,104,SAIDA_CONSUMO,16.03,,2,2025-12-12 21:30:00,Sexta,1,Chuvoso,23.2,1
M1790,L007,105,SAIDA_CONSUMO,24.15,,2,2025-12-12 21:30:00,Sexta,1,Chuvoso,23.2,1
M1791,L009,106,SAIDA_CONSUMO,21.98,,2,2025-12-12 21:30:00,Sexta,1,Chuvoso,23.2,1
M1792,L010,107,SAIDA_CONSUMO,19.52,,2,2025-12-12 21:30:00,Sexta,1,Chuvoso,23.2,1
M1793,L012,108,SAIDA_CONSUMO,12.58,,2,2025-12-12 21:30:00,Sexta,1,Chuvoso,23.2,1
M1794,L013,109,SAIDA_CONSUMO,47.92,,2,2025-12-12 21:30:00,Sexta,1,Chuvoso,23.2,1
M1795,L015,110,SAIDA_CONSUMO,4.59,,2,2025-12-12 21:30:00,Sexta,1,Chuvoso,23.2,1
M1796,L001,101,SAIDA_CONSUMO,51.09,,2,2025-12-13 21:30:00,Sábado,0,Ensolarado,31.7,1
M1797,L003,102,SAIDA_CONSUMO,31.18,,2,2025-12-13 21:30:00,Sábado,0,Ensolarado,31.7,1
M1798,L004,103,SAIDA_CONSUMO,22.68,,2,2025-12-13 21:30:00,Sábado,0,Ensolarado,31.7,1
M1799,L006,104,SAIDA_CONSUMO,12.04,,2,2025-12-13 21:30:00,Sábado,0,Ensolarado,31.7,1
M1800,L007,105,SAIDA_CONSUMO,23.08,,2,2025-12-13 21:30:00,Sábado,0,Ensolarado,31.7,1
M1801,L009,106,SAIDA_CONSUMO,21.79,,2,2025-12-13 21:30:00,Sábado,0,Ensolarado,31.7,1
M1802,L010,107,SAIDA_CONSUMO,14.54,,2,2025-12-13 21:30:00,Sábado,0,Ensolarado,31.7,1
M1803,L012,108,SAIDA_CONSUMO,8.26,,2,2025-12-13 21:30:00,Sábado,0,Ensolarado,31.7,1
M1804,L013,109,SAIDA_CONSUMO,117.03,,2,2025-12-13 21:30:00,Sábado,0,Ensolarado,31.7,1
M1805,L015,110,SAIDA_CONSUMO,3.69,,2,2025-12-13 21:30:00,Sábado,0,Ensolarado,31.7,1
M1806,L001,101,SAIDA_CONSUMO,33.21,,2,2025-12-14 21:30:00,Domingo,0,Chuvoso,22.0,0
M1807,L003,102,SAIDA_CONSUMO,20.74,,2,2025-12-14 21:30:00,Domingo,0,Chuvoso,22.0,0
M1808,L004,103,SAIDA_CONSUMO,18.03,,2,2025-12-14 21:30:00,Domingo,0,Chuvoso,22.0,0
M1809,L006,104,SAIDA_CONSUMO,10.54,,2,2025-12-14 21:30:00,Domingo,0,Chuvoso,22.0,0
M1810,L007,105,SAIDA_CONSUMO,15.55,,2,2025-12-14 21:30:00,Domingo,0,Chuvoso,22.0,0
M1811,L009,106,SAIDA_CONSUMO,13.3,,2,2025-12-14 21:30:00,Domingo,0,Chuvoso,22.0,0
M1812,L010,107,SAIDA_CONSUMO,12.96,,2,2025-12-14 21:30:00,Domingo,0,Chuvoso,22.0,0
M1813,L010,107,DESPERDICIO,0.62,Quebra de Embalagem,2,2025-12-14 22:00:00,Domingo,0,Chuvoso,22.0,0
M1814,L012,108,SAIDA_CONSUMO,8.62,,2,2025-12-14 21:30:00,Domingo,0,Chuvoso,22.0,0
M1815,L013,109,SAIDA_CONSUMO,31.95,,2,2025-12-14 21:30:00,Domingo,0,Chuvoso,22.0,0
M1816,L015,110,SAIDA_CONSUMO,2.93,,2,2025-12-14 21:30:00,Domingo,0,Chuvoso,22.0,0
M1817,L001,101,SAIDA_CONSUMO,11.89,,2,2025-12-15 21:30:00,Segunda,0,Chuvoso,28.7,0
M1818,L003,102,SAIDA_CONSUMO,15.13,,2,2025-12-15 21:30:00,Segunda,0,Chuvoso,28.7,0
M1819,L004,103,SAIDA_CONSUMO,5.98,,2,2025-12-15 21:30:00,Segunda,0,Chuvoso,28.7,0
M1820,L006,104,SAIDA_CONSUMO,3.98,,2,2025-12-15 21:30:00,Segunda,0,Chuvoso,28.7,0
M1821,L007,105,SAIDA_CONSUMO,14.39,,2,2025-12-15 21:30:00,Segunda,0,Chuvoso,28.7,0
M1822,L009,106,SAIDA_CONSUMO,10.74,,2,2025-12-15 21:30:00,Segunda,0,Chuvoso,28.7,0
M1823,L010,107,SAIDA_CONSUMO,9.89,,2,2025-12-15 21:30:00,Segunda,0,Chuvoso,28.7,0
M1824,L012,108,SAIDA_CONSUMO,13.33,,2,2025-12-15 21:30:00,Segunda,0,Chuvoso,28.7,0
M1825,L013,109,SAIDA_CONSUMO,9.83,,2,2025-12-15 21:30:00,Segunda,0,Chuvoso,28.7,0
M1826,L015,110,SAIDA_CONSUMO,1.62,,2,2025-12-15 21:30:00,Segunda,0,Chuvoso,28.7,0
M1827,L001,101,SAIDA_CONSUMO,15.11,,2,2025-12-16 21:30:00,Terça,0,Ensolarado,22.3,0
M1828,L003,102,SAIDA_CONSUMO,16.41,,2,2025-12-16 21:30:00,Terça,0,Ensolarado,22.3,0
M1829,L004,103,SAIDA_CONSUMO,5.86,,2,2025-12-16 21:30:00,Terça,0,Ensolarado,22.3,0
M1830,L006,104,SAIDA_CONSUMO,3.68,,2,2025-12-16 21:30:00,Terça,0,Ensolarado,22.3,0
M1831,L007,105,SAIDA_CONSUMO,12.31,,2,2025-12-16 21:30:00,Terça,0,Ensolarado,22.3,0
M1832,L009,106,SAIDA_CONSUMO,7.79,,2,2025-12-16 21:30:00,Terça,0,Ensolarado,22.3,0
M1833,L010,107,SAIDA_CONSUMO,9.99,,2,2025-12-16 21:30:00,Terça,0,Ensolarado,22.3,0
M1834,L012,108,SAIDA_CONSUMO,15.24,,2,2025-12-16 21:30:00,Terça,0,Ensolarado,22.3,0
M1835,L013,109,SAIDA_CONSUMO,11.64,,2,2025-12-16 21:30:00,Terça,0,Ensolarado,22.3,0
M1836,L015,110,SAIDA_CONSUMO,1.54,,2,2025-12-16 21:30:00,Terça,0,Ensolarado,22.3,0
M1837,L001,101,SAIDA_CONSUMO,12.67,,2,2025-12-17 21:30:00,Quarta,0,Chuvoso,30.5,0
M1838,L003,102,SAIDA_CONSUMO,15.12,,2,2025-12-17 21:30:00,Quarta,0,Chuvoso,30.5,0
M1839,L004,103,SAIDA_CONSUMO,5.93,,2,2025-12-17 21:30:00,Quarta,0,Chuvoso,30.5,0
M1840,L006,104,SAIDA_CONSUMO,4.07,,2,2025-12-17 21:30:00,Quarta,0,Chuvoso,30.5,0
M1841,L007,105,SAIDA_CONSUMO,15.9,,2,2025-12-17 21:30:00,Quarta,0,Chuvoso,30.5,0
M1842,L009,106,SAIDA_CONSUMO,9.89,,2,2025-12-17 21:30:00,Quarta,0,Chuvoso,30.5,0
M1843,L010,107,SAIDA_CONSUMO,8.79,,2,2025-12-17 21:30:00,Quarta,0,Chuvoso,30.5,0
M1844,L012,108,SAIDA_CONSUMO,14.62,,2,2025-12-17 21:30:00,Quarta,0,Chuvoso,30.5,0
M1845,L013,109,SAIDA_CONSUMO,8.74,,2,2025-12-17 21:30:00,Quarta,0,Chuvoso,30.5,0
M1846,L015,110,SAIDA_CONSUMO,1.54,,2,2025-12-17 21:30:00,Quarta,0,Chuvoso,30.5,0
M1847,L001,101,SAIDA_CONSUMO,15.6,,2,2025-12-18 21:30:00,Quinta,0,Ensolarado,25.4,0
M1848,L003,102,SAIDA_CONSUMO,16.87,,2,2025-12-18 21:30:00,Quinta,0,Ensolarado,25.4,0
M1849,L004,103,SAIDA_CONSUMO,6.14,,2,2025-12-18 21:30:00,Quinta,0,Ensolarado,25.4,0
M1850,L006,104,SAIDA_CONSUMO,3.99,,2,2025-12-18 21:30:00,Quinta,0,Ensolarado,25.4,0
M1851,L007,105,SAIDA_CONSUMO,11.56,,2,2025-12-18 21:30:00,Quinta,0,Ensolarado,25.4,0
M1852,L009,106,SAIDA_CONSUMO,7.68,,2,2025-12-18 21:30:00,Quinta,0,Ensolarado,25.4,0
M1853,L010,107,SAIDA_CONSUMO,9.49,,2,2025-12-18 21:30:00,Quinta,0,Ensolarado,25.4,0
M1854,L012,108,SAIDA_CONSUMO,14.04,,2,2025-12-18 21:30:00,Quinta,0,Ensolarado,25.4,0
M1855,L013,109,SAIDA_CONSUMO,12.11,,2,2025-12-18 21:30:00,Quinta,0,Ensolarado,25.4,0
M1856,L015,110,SAIDA_CONSUMO,1.47,,2,2025-12-18 21:30:00,Quinta,0,Ensolarado,25.4,0
M1857,L001,101,SAIDA_CONSUMO,39.1,,2,2025-12-19 21:30:00,Sexta,0,Ensolarado,28.3,0
M1858,L003,102,SAIDA_CONSUMO,27.51,,2,2025-12-19 21:30:00,Sexta,0,Ensolarado,28.3,0
M1859,L004,103,SAIDA_CONSUMO,17.36,,2,2025-12-19 21:30:00,Sexta,0,Ensolarado,28.3,0
M1860,L006,104,SAIDA_CONSUMO,10.04,,2,2025-12-19 21:30:00,Sexta,0,Ensolarado,28.3,0
M1861,L007,105,SAIDA_CONSUMO,18.26,,2,2025-12-19 21:30:00,Sexta,0,Ensolarado,28.3,0
M1862,L009,106,SAIDA_CONSUMO,17.46,,2,2025-12-19 21:30:00,Sexta,0,Ensolarado,28.3,0
M1863,L010,107,SAIDA_CONSUMO,11.57,,2,2025-12-19 21:30:00,Sexta,0,Ensolarado,28.3,0
M1864,L012,108,SAIDA_CONSUMO,7.8,,2,2025-12-19 21:30:00,Sexta,0,Ensolarado,28.3,0
M1865,L013,109,SAIDA_CONSUMO,89.55,,2,2025-12-19 21:30:00,Sexta,0,Ensolarado,28.3,0
M1866,L015,110,SAIDA_CONSUMO,3.01,,2,2025-12-19 21:30:00,Sexta,0,Ensolarado,28.3,0
M1867,L001,101,SAIDA_CONSUMO,41.77,,2,2025-12-20 21:30:00,Sábado,0,Nublado,25.1,0
M1868,L003,102,SAIDA_CONSUMO,24.9,,2,2025-12-20 21:30:00,Sábado,0,Nublado,25.1,0
M1869,L004,103,SAIDA_CONSUMO,18.27,,2,2025-12-20 21:30:00,Sábado,0,Nublado,25.1,0
M1870,L006,104,SAIDA_CONSUMO,9.62,,2,2025-12-20 21:30:00,Sábado,0,Nublado,25.1,0
M1871,L007,105,SAIDA_CONSUMO,15.08,,2,2025-12-20 21:30:00,Sábado,0,Nublado,25.1,0
M1872,L009,106,SAIDA_CONSUMO,12.99,,2,2025-12-20 21:30:00,Sábado,0,Nublado,25.1,0
M1873,L010,107,SAIDA_CONSUMO,13.12,,2,2025-12-20 21:30:00,Sábado,0,Nublado,25.1,0
M1874,L012,108,SAIDA_CONSUMO,8.43,,2,2025-12-20 21:30:00,Sábado,0,Nublado,25.1,0
M1875,L013,109,SAIDA_CONSUMO,65.22,,2,2025-12-20 21:30:00,Sábado,0,Nublado,25.1,0
M1876,L015,110,SAIDA_CONSUMO,3.13,,2,2025-12-20 21:30:00,Sábado,0,Nublado,25.1,0
M1877,L001,101,SAIDA_CONSUMO,33.33,,2,2025-12-21 21:30:00,Domingo,0,Chuvoso,26.1,0
M1878,L003,102,SAIDA_CONSUMO,20.75,,2,2025-12-21 21:30:00,Domingo,0,Chuvoso,26.1,0
M1879,L004,103,SAIDA_CONSUMO,17.14,,2,2025-12-21 21:30:00,Domingo,0,Chuvoso,26.1,0
M1880,L006,104,SAIDA_CONSUMO,10.21,,2,2025-12-21 21:30:00,Domingo,0,Chuvoso,26.1,0
M1881,L007,105,SAIDA_CONSUMO,15.02,,2,2025-12-21 21:30:00,Domingo,0,Chuvoso,26.1,0
M1882,L009,106,SAIDA_CONSUMO,14.99,,2,2025-12-21 21:30:00,Domingo,0,Chuvoso,26.1,0
M1883,L010,107,SAIDA_CONSUMO,11.36,,2,2025-12-21 21:30:00,Domingo,0,Chuvoso,26.1,0
M1884,L012,108,SAIDA_CONSUMO,8.17,,2,2025-12-21 21:30:00,Domingo,0,Chuvoso,26.1,0
M1885,L013,109,SAIDA_CONSUMO,36.36,,2,2025-12-21 21:30:00,Domingo,0,Chuvoso,26.1,0
M1886,L015,110,SAIDA_CONSUMO,3.39,,2,2025-12-21 21:30:00,Domingo,0,Chuvoso,26.1,0
M1887,L001,101,SAIDA_CONSUMO,15.25,,2,2025-12-22 21:30:00,Segunda,0,Ensolarado,31.5,0
M1888,L003,102,SAIDA_CONSUMO,17.73,,2,2025-12-22 21:30:00,Segunda,0,Ensolarado,31.5,0
M1889,L004,103,SAIDA_CONSUMO,5.7,,2,2025-12-22 21:30:00,Segunda,0,Ensolarado,31.5,0
M1890,L006,104,SAIDA_CONSUMO,4.23,,2,2025-12-22 21:30:00,Segunda,0,Ensolarado,31.5,0
M1891,L007,105,SAIDA_CONSUMO,13.73,,2,2025-12-22 21:30:00,Segunda,0,Ensolarado,31.5,0
M1892,L009,106,SAIDA_CONSUMO,9.76,,2,2025-12-22 21:30:00,Segunda,0,Ensolarado,31.5,0
M1893,L010,107,SAIDA_CONSUMO,9.5,,2,2025-12-22 21:30:00,Segunda,0,Ensolarado,31.5,0
M1894,L012,108,SAIDA_CONSUMO,13.65,,2,2025-12-22 21:30:00,Segunda,0,Ensolarado,31.5,0
M1895,L013,109,SAIDA_CONSUMO,17.26,,2,2025-12-22 21:30:00,Segunda,0,Ensolarado,31.5,0
M1896,L015,110,SAIDA_CONSUMO,1.47,,2,2025-12-22 21:30:00,Segunda,0,Ensolarado,31.5,0
M1897,L001,101,SAIDA_CONSUMO,15.91,,2,2025-12-23 21:30:00,Terça,0,Ensolarado,31.7,0
M1898,L003,102,SAIDA_CONSUMO,19.37,,2,2025-12-23 21:30:00,Terça,0,Ensolarado,31.7,0
M1899,L004,103,SAIDA_CONSUMO,6.12,,2,2025-12-23 21:30:00,Terça,0,Ensolarado,31.7,0
M1900,L006,104,SAIDA_CONSUMO,4.0,,2,2025-12-23 21:30:00,Terça,0,Ensolarado,31.7,0
M1901,L007,105,SAIDA_CONSUMO,14.29,,2,2025-12-23 21:30:00,Terça,0,Ensolarado,31.7,0
M1902,L009,106,SAIDA_CONSUMO,10.48,,2,2025-12-23 21:30:00,Terça,0,Ensolarado,31.7,0
M1903,L010,107,SAIDA_CONSUMO,10.14,,2,2025-12-23 21:30:00,Terça,0,Ensolarado,31.7,0
M1904,L012,108,SAIDA_CONSUMO,13.82,,2,2025-12-23 21:30:00,Terça,0,Ensolarado,31.7,0
M1905,L013,109,SAIDA_CONSUMO,17.92,,2,2025-12-23 21:30:00,Terça,0,Ensolarado,31.7,0
M1906,L015,110,SAIDA_CONSUMO,1.4,,2,2025-12-23 21:30:00,Terça,0,Ensolarado,31.7,0
M1907,L001,101,SAIDA_CONSUMO,15.39,,2,2025-12-24 21:30:00,Quarta,0,Ensolarado,24.8,0
M1908,L003,102,SAIDA_CONSUMO,18.16,,2,2025-12-24 21:30:00,Quarta,0,Ensolarado,24.8,0
M1909,L004,103,SAIDA_CONSUMO,6.19,,2,2025-12-24 21:30:00,Quarta,0,Ensolarado,24.8,0
M1910,L006,104,SAIDA_CONSUMO,4.22,,2,2025-12-24 21:30:00,Quarta,0,Ensolarado,24.8,0
M1911,L007,105,SAIDA_CONSUMO,12.4,,2,2025-12-24 21:30:00,Quarta,0,Ensolarado,24.8,0
M1912,L009,106,SAIDA_CONSUMO,8.76,,2,2025-12-24 21:30:00,Quarta,0,Ensolarado,24.8,0
M1913,L010,107,SAIDA_CONSUMO,10.55,,2,2025-12-24 21:30:00,Quarta,0,Ensolarado,24.8,0
M1914,L012,108,SAIDA_CONSUMO,13.92,,2,2025-12-24 21:30:00,Quarta,0,Ensolarado,24.8,0
M1915,L013,109,SAIDA_CONSUMO,11.68,,2,2025-12-24 21:30:00,Quarta,0,Ensolarado,24.8,0
M1916,L015,110,SAIDA_CONSUMO,1.49,,2,2025-12-24 21:30:00,Quarta,0,Ensolarado,24.8,0
M1917,L001,101,SAIDA_CONSUMO,19.88,,2,2025-12-25 21:30:00,Quinta,1,Ensolarado,33.2,0
M1918,L003,102,SAIDA_CONSUMO,23.17,,2,2025-12-25 21:30:00,Quinta,1,Ensolarado,33.2,0
M1919,L004,103,SAIDA_CONSUMO,7.52,,2,2025-12-25 21:30:00,Quinta,1,Ensolarado,33.2,0
M1920,L006,104,SAIDA_CONSUMO,5.42,,2,2025-12-25 21:30:00,Quinta,1,Ensolarado,33.2,0
M1921,L007,105,SAIDA_CONSUMO,19.72,,2,2025-12-25 21:30:00,Quinta,1,Ensolarado,33.2,0
M1922,L009,106,SAIDA_CONSUMO,13.74,,2,2025-12-25 21:30:00,Quinta,1,Ensolarado,33.2,0
M1923,L010,107,SAIDA_CONSUMO,12.99,,2,2025-12-25 21:30:00,Quinta,1,Ensolarado,33.2,0
M1924,L012,108,SAIDA_CONSUMO,17.99,,2,2025-12-25 21:30:00,Quinta,1,Ensolarado,33.2,0
M1925,L013,109,SAIDA_CONSUMO,21.99,,2,2025-12-25 21:30:00,Quinta,1,Ensolarado,33.2,0
M1926,L015,110,SAIDA_CONSUMO,1.87,,2,2025-12-25 21:30:00,Quinta,1,Ensolarado,33.2,0
M1927,L015,110,DESPERDICIO,1.37,Sobras de Prato,2,2025-12-25 22:00:00,Quinta,1,Ensolarado,33.2,0
M1928,L001,101,SAIDA_CONSUMO,42.48,,2,2025-12-26 21:30:00,Sexta,0,Nublado,26.3,0
M1929,L003,102,SAIDA_CONSUMO,25.14,,2,2025-12-26 21:30:00,Sexta,0,Nublado,26.3,0
M1930,L004,103,SAIDA_CONSUMO,18.77,,2,2025-12-26 21:30:00,Sexta,0,Nublado,26.3,0
M1931,L006,104,SAIDA_CONSUMO,9.66,,2,2025-12-26 21:30:00,Sexta,0,Nublado,26.3,0
M1932,L007,105,SAIDA_CONSUMO,14.39,,2,2025-12-26 21:30:00,Sexta,0,Nublado,26.3,0
M1933,L009,106,SAIDA_CONSUMO,13.5,,2,2025-12-26 21:30:00,Sexta,0,Nublado,26.3,0
M1934,L010,107,SAIDA_CONSUMO,11.69,,2,2025-12-26 21:30:00,Sexta,0,Nublado,26.3,0
M1935,L012,108,SAIDA_CONSUMO,8.01,,2,2025-12-26 21:30:00,Sexta,0,Nublado,26.3,0
M1936,L013,109,SAIDA_CONSUMO,63.32,,2,2025-12-26 21:30:00,Sexta,0,Nublado,26.3,0
M1937,L015,110,SAIDA_CONSUMO,3.04,,2,2025-12-26 21:30:00,Sexta,0,Nublado,26.3,0
M1938,L001,101,SAIDA_CONSUMO,42.86,,2,2025-12-27 21:30:00,Sábado,0,Ensolarado,26.4,0
M1939,L003,102,SAIDA_CONSUMO,24.66,,2,2025-12-27 21:30:00,Sábado,0,Ensolarado,26.4,0
M1940,L004,103,SAIDA_CONSUMO,17.67,,2,2025-12-27 21:30:00,Sábado,0,Ensolarado,26.4,0
M1941,L006,104,SAIDA_CONSUMO,9.75,,2,2025-12-27 21:30:00,Sábado,0,Ensolarado,26.4,0
M1942,L007,105,SAIDA_CONSUMO,14.33,,2,2025-12-27 21:30:00,Sábado,0,Ensolarado,26.4,0
M1943,L009,106,SAIDA_CONSUMO,13.35,,2,2025-12-27 21:30:00,Sábado,0,Ensolarado,26.4,0
M1944,L010,107,SAIDA_CONSUMO,11.63,,2,2025-12-27 21:30:00,Sábado,0,Ensolarado,26.4,0
M1945,L012,108,SAIDA_CONSUMO,7.38,,2,2025-12-27 21:30:00,Sábado,0,Ensolarado,26.4,0
M1946,L012,108,DESPERDICIO,0.25,Erro de Preparo,2,2025-12-27 22:00:00,Sábado,0,Ensolarado,26.4,0
M1947,L013,109,SAIDA_CONSUMO,64.28,,2,2025-12-27 21:30:00,Sábado,0,Ensolarado,26.4,0
M1948,L015,110,SAIDA_CONSUMO,2.69,,2,2025-12-27 21:30:00,Sábado,0,Ensolarado,26.4,0
M1949,L001,101,SAIDA_CONSUMO,39.59,,2,2025-12-28 21:30:00,Domingo,0,Ensolarado,24.7,0
M1950,L001,101,DESPERDICIO,0.48,Quebra de Embalagem,2,2025-12-28 22:00:00,Domingo,0,Ensolarado,24.7,0
M1951,L003,102,SAIDA_CONSUMO,25.01,,2,2025-12-28 21:30:00,Domingo,0,Ensolarado,24.7,0
M1952,L004,103,SAIDA_CONSUMO,17.72,,2,2025-12-28 21:30:00,Domingo,0,Ensolarado,24.7,0
M1953,L006,104,SAIDA_CONSUMO,9.1,,2,2025-12-28 21:30:00,Domingo,0,Ensolarado,24.7,0
M1954,L007,105,SAIDA_CONSUMO,14.62,,2,2025-12-28 21:30:00,Domingo,0,Ensolarado,24.7,0
M1955,L009,106,SAIDA_CONSUMO,13.92,,2,2025-12-28 21:30:00,Domingo,0,Ensolarado,24.7,0
M1956,L010,107,SAIDA_CONSUMO,12.51,,2,2025-12-28 21:30:00,Domingo,0,Ensolarado,24.7,0
M1957,L012,108,SAIDA_CONSUMO,7.77,,2,2025-12-28 21:30:00,Domingo,0,Ensolarado,24.7,0
M1958,L013,109,SAIDA_CONSUMO,63.58,,2,2025-12-28 21:30:00,Domingo,0,Ensolarado,24.7,0
M1959,L015,110,SAIDA_CONSUMO,3.01,,2,2025-12-28 21:30:00,Domingo,0,Ensolarado,24.7,0
M1960,L015,110,DESPERDICIO,0.79,Quebra de Embalagem,2,2025-12-28 22:00:00,Domingo,0,Ensolarado,24.7,0
M1961,L001,101,SAIDA_CONSUMO,13.65,,2,2025-12-29 21:30:00,Segunda,0,Ensolarado,27.1,0
M1962,L003,102,SAIDA_CONSUMO,16.57,,2,2025-12-29 21:30:00,Segunda,0,Ensolarado,27.1,0
M1963,L004,103,SAIDA_CONSUMO,5.53,,2,2025-12-29 21:30:00,Segunda,0,Ensolarado,27.1,0
M1964,L006,104,SAIDA_CONSUMO,4.18,,2,2025-12-29 21:30:00,Segunda,0,Ensolarado,27.1,0
M1965,L007,105,SAIDA_CONSUMO,11.71,,2,2025-12-29 21:30:00,Segunda,0,Ensolarado,27.1,0
M1966,L009,106,SAIDA_CONSUMO,8.06,,2,2025-12-29 21:30:00,Segunda,0,Ensolarado,27.1,0
M1967,L010,107,SAIDA_CONSUMO,10.81,,2,2025-12-29 21:30:00,Segunda,0,Ensolarado,27.1,0
M1968,L012,108,SAIDA_CONSUMO,14.63,,2,2025-12-29 21:30:00,Segunda,0,Ensolarado,27.1,0
M1969,L013,109,SAIDA_CONSUMO,10.71,,2,2025-12-29 21:30:00,Segunda,0,Ensolarado,27.1,0
M1970,L015,110,SAIDA_CONSUMO,1.45,,2,2025-12-29 21:30:00,Segunda,0,Ensolarado,27.1,0
M1971,L001,101,SAIDA_CONSUMO,12.58,,2,2025-12-30 21:30:00,Terça,0,Chuvoso,22.9,0
M1972,L003,102,SAIDA_CONSUMO,14.71,,2,2025-12-30 21:30:00,Terça,0,Chuvoso,22.9,0
M1973,L004,103,SAIDA_CONSUMO,5.67,,2,2025-12-30 21:30:00,Terça,0,Chuvoso,22.9,0
M1974,L006,104,SAIDA_CONSUMO,4.28,,2,2025-12-30 21:30:00,Terça,0,Chuvoso,22.9,0
M1975,L006,104,DESPERDICIO,1.03,Erro de Preparo,2,2025-12-30 22:00:00,Terça,0,Chuvoso,22.9,0
M1976,L007,105,SAIDA_CONSUMO,12.27,,2,2025-12-30 21:30:00,Terça,0,Chuvoso,22.9,0
M1977,L009,106,SAIDA_CONSUMO,7.57,,2,2025-12-30 21:30:00,Terça,0,Chuvoso,22.9,0
M1978,L010,107,SAIDA_CONSUMO,10.28,,2,2025-12-30 21:30:00,Terça,0,Chuvoso,22.9,0
M1979,L012,108,SAIDA_CONSUMO,14.64,,2,2025-12-30 21:30:00,Terça,0,Chuvoso,22.9,0
M1980,L013,109,SAIDA_CONSUMO,5.89,,2,2025-12-30 21:30:00,Terça,0,Chuvoso,22.9,0
M1981,L015,110,SAIDA_CONSUMO,1.44,,2,2025-12-30 21:30:00,Terça,0,Chuvoso,22.9,0
M1982,L001,101,SAIDA_CONSUMO,15.79,,2,2025-12-31 21:30:00,Quarta,0,Ensolarado,28.1,0
M1983,L003,102,SAIDA_CONSUMO,17.7,,2,2025-12-31 21:30:00,Quarta,0,Ensolarado,28.1,0
M1984,L004,103,SAIDA_CONSUMO,6.34,,2,2025-12-31 21:30:00,Quarta,0,Ensolarado,28.1,0
M1985,L006,104,SAIDA_CONSUMO,4.03,,2,2025-12-31 21:30:00,Quarta,0,Ensolarado,28.1,0
M1986,L007,105,SAIDA_CONSUMO,14.44,,2,2025-12-31 21:30:00,Quarta,0,Ensolarado,28.1,0
M1987,L009,106,SAIDA_CONSUMO,9.14,,2,2025-12-31 21:30:00,Quarta,0,Ensolarado,28.1,0
M1988,L010,107,SAIDA_CONSUMO,9.96,,2,2025-12-31 21:30:00,Quarta,0,Ensolarado,28.1,0
M1989,L012,108,SAIDA_CONSUMO,13.76,,2,2025-12-31 21:30:00,Quarta,0,Ensolarado,28.1,0
M1990,L013,109,SAIDA_CONSUMO,17.67,,2,2025-12-31 21:30:00,Quarta,0,Ensolarado,28.1,0
M1991,L013,109,DESPERDICIO,1.19,Quebra de Embalagem,2,2025-12-31 22:00:00,Quarta,0,Ensolarado,28.1,0
M1992,L015,110,SAIDA_CONSUMO,1.42,,2,2025-12-31 21:30:00,Quarta,0,Ensolarado,28.1,0
M1993,L001,101,SAIDA_CONSUMO,22.34,,2,2026-01-01 21:30:00,Quinta,1,Ensolarado,30.4,0
M1994,L003,102,SAIDA_CONSUMO,29.17,,2,2026-01-01 21:30:00,Quinta,1,Ensolarado,30.4,0
M1995,L004,103,SAIDA_CONSUMO,9.69,,2,2026-01-01 21:30:00,Quinta,1,Ensolarado,30.4,0
M1996,L006,104,SAIDA_CONSUMO,6.0,,2,2026-01-01 21:30:00,Quinta,1,Ensolarado,30.4,0
M1997,L007,105,SAIDA_CONSUMO,24.53,,2,2026-01-01 21:30:00,Quinta,1,Ensolarado,30.4,0
M1998,L009,106,SAIDA_CONSUMO,15.42,,2,2026-01-01 21:30:00,Quinta,1,Ensolarado,30.4,0
M1999,L010,107,SAIDA_CONSUMO,15.6,,2,2026-01-01 21:30:00,Quinta,1,Ensolarado,30.4,0
M2000,L012,108,SAIDA_CONSUMO,21.51,,2,2026-01-01 21:30:00,Quinta,1,Ensolarado,30.4,0
M2001,L013,109,SAIDA_CONSUMO,26.49,,2,2026-01-01 21:30:00,Quinta,1,Ensolarado,30.4,0
M2002,L013,109,DESPERDICIO,1.18,Quebra de Embalagem,2,2026-01-01 22:00:00,Quinta,1,Ensolarado,30.4,0
M2003,L015,110,SAIDA_CONSUMO,2.31,,2,2026-01-01 21:30:00,Quinta,1,Ensolarado,30.4,0
M2004,L001,101,SAIDA_CONSUMO,47.05,,2,2026-01-02 21:30:00,Sexta,0,Ensolarado,32.9,0
M2005,L003,102,SAIDA_CONSUMO,27.14,,2,2026-01-02 21:30:00,Sexta,0,Ensolarado,32.9,0
M2006,L004,103,SAIDA_CONSUMO,20.82,,2,2026-01-02 21:30:00,Sexta,0,Ensolarado,32.9,0
M2007,L006,104,SAIDA_CONSUMO,12.05,,2,2026-01-02 21:30:00,Sexta,0,Ensolarado,32.9,0
M2008,L007,105,SAIDA_CONSUMO,24.47,,2,2026-01-02 21:30:00,Sexta,0,Ensolarado,32.9,0
M2009,L009,106,SAIDA_CONSUMO,19.74,,2,2026-01-02 21:30:00,Sexta,0,Ensolarado,32.9,0
M2010,L010,107,SAIDA_CONSUMO,14.14,,2,2026-01-02 21:30:00,Sexta,0,Ensolarado,32.9,0
M2011,L012,108,SAIDA_CONSUMO,10.01,,2,2026-01-02 21:30:00,Sexta,0,Ensolarado,32.9,0
M2012,L013,109,SAIDA_CONSUMO,113.2,,2,2026-01-02 21:30:00,Sexta,0,Ensolarado,32.9,0
M2013,L015,110,SAIDA_CONSUMO,3.4,,2,2026-01-02 21:30:00,Sexta,0,Ensolarado,32.9,0
M2014,L001,101,SAIDA_CONSUMO,48.65,,2,2026-01-03 21:30:00,Sábado,0,Nublado,29.1,0
M2015,L003,102,SAIDA_CONSUMO,29.55,,2,2026-01-03 21:30:00,Sábado,0,Nublado,29.1,0
M2016,L004,103,SAIDA_CONSUMO,20.79,,2,2026-01-03 21:30:00,Sábado,0,Nublado,29.1,0
M2017,L006,104,SAIDA_CONSUMO,12.53,,2,2026-01-03 21:30:00,Sábado,0,Nublado,29.1,0
M2018,L007,105,SAIDA_CONSUMO,23.79,,2,2026-01-03 21:30:00,Sábado,0,Nublado,29.1,0
M2019,L009,106,SAIDA_CONSUMO,20.8,,2,2026-01-03 21:30:00,Sábado,0,Nublado,29.1,0
M2020,L010,107,SAIDA_CONSUMO,14.71,,2,2026-01-03 21:30:00,Sábado,0,Nublado,29.1,0
M2021,L012,108,SAIDA_CONSUMO,9.71,,2,2026-01-03 21:30:00,Sábado,0,Nublado,29.1,0
M2022,L013,109,SAIDA_CONSUMO,107.61,,2,2026-01-03 21:30:00,Sábado,0,Nublado,29.1,0
M2023,L015,110,SAIDA_CONSUMO,3.77,,2,2026-01-03 21:30:00,Sábado,0,Nublado,29.1,0
M2024,L015,110,DESPERDICIO,1.17,Quebra de Embalagem,2,2026-01-03 22:00:00,Sábado,0,Nublado,29.1,0
M2025,L001,101,SAIDA_CONSUMO,49.24,,2,2026-01-04 21:30:00,Domingo,0,Ensolarado,32.3,0
M2026,L003,102,SAIDA_CONSUMO,29.54,,2,2026-01-04 21:30:00,Domingo,0,Ensolarado,32.3,0
M2027,L004,103,SAIDA_CONSUMO,21.94,,2,2026-01-04 21:30:00,Domingo,0,Ensolarado,32.3,0
M2028,L006,104,SAIDA_CONSUMO,11.99,,2,2026-01-04 21:30:00,Domingo,0,Ensolarado,32.3,0
M2029,L007,105,SAIDA_CONSUMO,21.17,,2,2026-01-04 21:30:00,Domingo,0,Ensolarado,32.3,0
M2030,L009,106,SAIDA_CONSUMO,21.88,,2,2026-01-04 21:30:00,Domingo,0,Ensolarado,32.3,0
M2031,L010,107,SAIDA_CONSUMO,14.04,,2,2026-01-04 21:30:00,Domingo,0,Ensolarado,32.3,0
M2032,L012,108,SAIDA_CONSUMO,10.15,,2,2026-01-04 21:30:00,Domingo,0,Ensolarado,32.3,0
M2033,L013,109,SAIDA_CONSUMO,116.53,,2,2026-01-04 21:30:00,Domingo,0,Ensolarado,32.3,0
M2034,L015,110,SAIDA_CONSUMO,3.63,,2,2026-01-04 21:30:00,Domingo,0,Ensolarado,32.3,0
M2035,L001,101,SAIDA_CONSUMO,18.42,,2,2026-01-05 21:30:00,Segunda,0,Nublado,31.9,0
M2036,L003,102,SAIDA_CONSUMO,21.68,,2,2026-01-05 21:30:00,Segunda,0,Nublado,31.9,0
M2037,L004,103,SAIDA_CONSUMO,7.14,,2,2026-01-05 21:30:00,Segunda,0,Nublado,31.9,0
M2038,L006,104,SAIDA_CONSUMO,5.03,,2,2026-01-05 21:30:00,Segunda,0,Nublado,31.9,0
M2039,L007,105,SAIDA_CONSUMO,18.36,,2,2026-01-05 21:30:00,Segunda,0,Nublado,31.9,0
M2040,L009,106,SAIDA_CONSUMO,10.82,,2,2026-01-05 21:30:00,Segunda,0,Nublado,31.9,0
M2041,L010,107,SAIDA_CONSUMO,11.99,,2,2026-01-05 21:30:00,Segunda,0,Nublado,31.9,0
M2042,L012,108,SAIDA_CONSUMO,16.53,,2,2026-01-05 21:30:00,Segunda,0,Nublado,31.9,0
M2043,L013,109,SAIDA_CONSUMO,20.42,,2,2026-01-05 21:30:00,Segunda,0,Nublado,31.9,0
M2044,L015,110,SAIDA_CONSUMO,1.83,,2,2026-01-05 21:30:00,Segunda,0,Nublado,31.9,0
M2045,L001,101,SAIDA_CONSUMO,18.71,,2,2026-01-06 21:30:00,Terça,0,Nublado,25.6,0
M2046,L003,102,SAIDA_CONSUMO,22.06,,2,2026-01-06 21:30:00,Terça,0,Nublado,25.6,0
M2047,L003,102,DESPERDICIO,1.16,Validade / Avaria,2,2026-01-06 22:00:00,Terça,0,Nublado,25.6,0
M2048,L004,103,SAIDA_CONSUMO,7.02,,2,2026-01-06 21:30:00,Terça,0,Nublado,25.6,0
M2049,L004,103,DESPERDICIO,1.42,Sobras de Prato,2,2026-01-06 22:00:00,Terça,0,Nublado,25.6,0
M2050,L006,104,SAIDA_CONSUMO,4.84,,2,2026-01-06 21:30:00,Terça,0,Nublado,25.6,0
M2051,L007,105,SAIDA_CONSUMO,14.75,,2,2026-01-06 21:30:00,Terça,0,Nublado,25.6,0
M2052,L009,106,SAIDA_CONSUMO,9.78,,2,2026-01-06 21:30:00,Terça,0,Nublado,25.6,0
M2053,L010,107,SAIDA_CONSUMO,11.59,,2,2026-01-06 21:30:00,Terça,0,Nublado,25.6,0
M2054,L012,108,SAIDA_CONSUMO,16.78,,2,2026-01-06 21:30:00,Terça,0,Nublado,25.6,0
M2055,L013,109,SAIDA_CONSUMO,14.29,,2,2026-01-06 21:30:00,Terça,0,Nublado,25.6,0
M2056,L015,110,SAIDA_CONSUMO,1.76,,2,2026-01-06 21:30:00,Terça,0,Nublado,25.6,0
M2057,L001,101,SAIDA_CONSUMO,18.02,,2,2026-01-07 21:30:00,Quarta,0,Frio,22.9,0
M2058,L003,102,SAIDA_CONSUMO,22.15,,2,2026-01-07 21:30:00,Quarta,0,Frio,22.9,0
M2059,L004,103,SAIDA_CONSUMO,7.64,,2,2026-01-07 21:30:00,Quarta,0,Frio,22.9,0
M2060,L006,104,SAIDA_CONSUMO,4.8,,2,2026-01-07 21:30:00,Quarta,0,Frio,22.9,0
M2061,L007,105,SAIDA_CONSUMO,9.26,,2,2026-01-07 21:30:00,Quarta,0,Frio,22.9,0
M2062,L009,106,SAIDA_CONSUMO,5.96,,2,2026-01-07 21:30:00,Quarta,0,Frio,22.9,0
M2063,L010,107,SAIDA_CONSUMO,12.44,,2,2026-01-07 21:30:00,Quarta,0,Frio,22.9,0
M2064,L012,108,SAIDA_CONSUMO,16.36,,2,2026-01-07 21:30:00,Quarta,0,Frio,22.9,0
M2065,L013,109,SAIDA_CONSUMO,7.03,,2,2026-01-07 21:30:00,Quarta,0,Frio,22.9,0
M2066,L015,110,SAIDA_CONSUMO,1.85,,2,2026-01-07 21:30:00,Quarta,0,Frio,22.9,0
M2067,L001,101,SAIDA_CONSUMO,14.06,,2,2026-01-08 21:30:00,Quinta,0,Chuvoso,34.7,0
M2068,L003,102,SAIDA_CONSUMO,19.44,,2,2026-01-08 21:30:00,Quinta,0,Chuvoso,34.7,0
M2069,L004,103,SAIDA_CONSUMO,7.2,,2,2026-01-08 21:30:00,Quinta,0,Chuvoso,34.7,0
M2070,L006,104,SAIDA_CONSUMO,5.0,,2,2026-01-08 21:30:00,Quinta,0,Chuvoso,34.7,0
M2071,L007,105,SAIDA_CONSUMO,17.61,,2,2026-01-08 21:30:00,Quinta,0,Chuvoso,34.7,0
M2072,L009,106,SAIDA_CONSUMO,12.08,,2,2026-01-08 21:30:00,Quinta,0,Chuvoso,34.7,0
M2073,L010,107,SAIDA_CONSUMO,12.42,,2,2026-01-08 21:30:00,Quinta,0,Chuvoso,34.7,0
M2074,L012,108,SAIDA_CONSUMO,17.19,,2,2026-01-08 21:30:00,Quinta,0,Chuvoso,34.7,0
M2075,L013,109,SAIDA_CONSUMO,9.75,,2,2026-01-08 21:30:00,Quinta,0,Chuvoso,34.7,0
M2076,L015,110,SAIDA_CONSUMO,1.8,,2,2026-01-08 21:30:00,Quinta,0,Chuvoso,34.7,0
M2077,L001,101,SAIDA_CONSUMO,46.95,,2,2026-01-09 21:30:00,Sexta,0,Ensolarado,25.7,0
M2078,L003,102,SAIDA_CONSUMO,30.19,,2,2026-01-09 21:30:00,Sexta,0,Ensolarado,25.7,0
M2079,L004,103,SAIDA_CONSUMO,21.6,,2,2026-01-09 21:30:00,Sexta,0,Ensolarado,25.7,0
M2080,L004,103,DESPERDICIO,0.56,Erro de Preparo,2,2026-01-09 22:00:00,Sexta,0,Ensolarado,25.7,0
M2081,L006,104,SAIDA_CONSUMO,12.0,,2,2026-01-09 21:30:00,Sexta,0,Ensolarado,25.7,0
M2082,L007,105,SAIDA_CONSUMO,17.27,,2,2026-01-09 21:30:00,Sexta,0,Ensolarado,25.7,0
M2083,L009,106,SAIDA_CONSUMO,18.51,,2,2026-01-09 21:30:00,Sexta,0,Ensolarado,25.7,0
M2084,L010,107,SAIDA_CONSUMO,14.3,,2,2026-01-09 21:30:00,Sexta,0,Ensolarado,25.7,0
M2085,L012,108,SAIDA_CONSUMO,9.66,,2,2026-01-09 21:30:00,Sexta,0,Ensolarado,25.7,0
M2086,L013,109,SAIDA_CONSUMO,80.79,,2,2026-01-09 21:30:00,Sexta,0,Ensolarado,25.7,0
M2087,L015,110,SAIDA_CONSUMO,3.62,,2,2026-01-09 21:30:00,Sexta,0,Ensolarado,25.7,0
M2088,L001,101,SAIDA_CONSUMO,59.08,,2,2026-01-10 21:30:00,Sábado,0,Ensolarado,34.2,1
M2089,L003,102,SAIDA_CONSUMO,36.14,,2,2026-01-10 21:30:00,Sábado,0,Ensolarado,34.2,1
M2090,L004,103,SAIDA_CONSUMO,25.55,,2,2026-01-10 21:30:00,Sábado,0,Ensolarado,34.2,1
M2091,L006,104,SAIDA_CONSUMO,14.1,,2,2026-01-10 21:30:00,Sábado,0,Ensolarado,34.2,1
M2092,L007,105,SAIDA_CONSUMO,26.51,,2,2026-01-10 21:30:00,Sábado,0,Ensolarado,34.2,1
M2093,L009,106,SAIDA_CONSUMO,24.92,,2,2026-01-10 21:30:00,Sábado,0,Ensolarado,34.2,1
M2094,L010,107,SAIDA_CONSUMO,17.17,,2,2026-01-10 21:30:00,Sábado,0,Ensolarado,34.2,1
M2095,L012,108,SAIDA_CONSUMO,10.82,,2,2026-01-10 21:30:00,Sábado,0,Ensolarado,34.2,1
M2096,L013,109,SAIDA_CONSUMO,135.71,,2,2026-01-10 21:30:00,Sábado,0,Ensolarado,34.2,1
M2097,L015,110,SAIDA_CONSUMO,4.17,,2,2026-01-10 21:30:00,Sábado,0,Ensolarado,34.2,1
M2098,L001,101,SAIDA_CONSUMO,42.54,,2,2026-01-11 21:30:00,Domingo,0,Ensolarado,23.4,0
M2099,L001,101,DESPERDICIO,1.32,Validade / Avaria,2,2026-01-11 22:00:00,Domingo,0,Ensolarado,23.4,0
M2100,L003,102,SAIDA_CONSUMO,25.79,,2,2026-01-11 21:30:00,Domingo,0,Ensolarado,23.4,0
M2101,L004,103,SAIDA_CONSUMO,18.29,,2,2026-01-11 21:30:00,Domingo,0,Ensolarado,23.4,0
M2102,L006,104,SAIDA_CONSUMO,10.15,,2,2026-01-11 21:30:00,Domingo,0,Ensolarado,23.4,0
M2103,L007,105,SAIDA_CONSUMO,15.78,,2,2026-01-11 21:30:00,Domingo,0,Ensolarado,23.4,0
M2104,L009,106,SAIDA_CONSUMO,13.95,,2,2026-01-11 21:30:00,Domingo,0,Ensolarado,23.4,0
M2105,L010,107,SAIDA_CONSUMO,11.07,,2,2026-01-11 21:30:00,Domingo,0,Ensolarado,23.4,0
M2106,L012,108,SAIDA_CONSUMO,8.33,,2,2026-01-11 21:30:00,Domingo,0,Ensolarado,23.4,0
M2107,L013,109,SAIDA_CONSUMO,62.17,,2,2026-01-11 21:30:00,Domingo,0,Ensolarado,23.4,0
M2108,L015,110,SAIDA_CONSUMO,3.17,,2,2026-01-11 21:30:00,Domingo,0,Ensolarado,23.4,0
M2109,L001,101,SAIDA_CONSUMO,16.33,,2,2026-01-12 21:30:00,Segunda,1,Chuvoso,24.6,0
M2110,L003,102,SAIDA_CONSUMO,20.43,,2,2026-01-12 21:30:00,Segunda,1,Chuvoso,24.6,0
M2111,L004,103,SAIDA_CONSUMO,7.81,,2,2026-01-12 21:30:00,Segunda,1,Chuvoso,24.6,0
M2112,L006,104,SAIDA_CONSUMO,5.0,,2,2026-01-12 21:30:00,Segunda,1,Chuvoso,24.6,0
M2113,L007,105,SAIDA_CONSUMO,15.46,,2,2026-01-12 21:30:00,Segunda,1,Chuvoso,24.6,0
M2114,L009,106,SAIDA_CONSUMO,10.0,,2,2026-01-12 21:30:00,Segunda,1,Chuvoso,24.6,0
M2115,L010,107,SAIDA_CONSUMO,14.21,,2,2026-01-12 21:30:00,Segunda,1,Chuvoso,24.6,0
M2116,L010,107,DESPERDICIO,0.8,Sobras de Prato,2,2026-01-12 22:00:00,Segunda,1,Chuvoso,24.6,0
M2117,L012,108,SAIDA_CONSUMO,18.75,,2,2026-01-12 21:30:00,Segunda,1,Chuvoso,24.6,0
M2118,L012,108,DESPERDICIO,0.72,Validade / Avaria,2,2026-01-12 22:00:00,Segunda,1,Chuvoso,24.6,0
M2119,L013,109,SAIDA_CONSUMO,8.43,,2,2026-01-12 21:30:00,Segunda,1,Chuvoso,24.6,0
M2120,L015,110,SAIDA_CONSUMO,1.9,,2,2026-01-12 21:30:00,Segunda,1,Chuvoso,24.6,0
M2121,L001,101,SAIDA_CONSUMO,14.82,,2,2026-01-13 21:30:00,Terça,0,Frio,23.6,0
M2122,L003,102,SAIDA_CONSUMO,18.17,,2,2026-01-13 21:30:00,Terça,0,Frio,23.6,0
M2123,L003,102,DESPERDICIO,0.58,Validade / Avaria,2,2026-01-13 22:00:00,Terça,0,Frio,23.6,0
M2124,L004,103,SAIDA_CONSUMO,5.75,,2,2026-01-13 21:30:00,Terça,0,Frio,23.6,0
M2125,L006,104,SAIDA_CONSUMO,4.15,,2,2026-01-13 21:30:00,Terça,0,Frio,23.6,0
M2126,L007,105,SAIDA_CONSUMO,8.93,,2,2026-01-13 21:30:00,Terça,0,Frio,23.6,0
M2127,L009,106,SAIDA_CONSUMO,5.51,,2,2026-01-13 21:30:00,Terça,0,Frio,23.6,0
M2128,L010,107,SAIDA_CONSUMO,10.26,,2,2026-01-13 21:30:00,Terça,0,Frio,23.6,0
M2129,L012,108,SAIDA_CONSUMO,15.36,,2,2026-01-13 21:30:00,Terça,0,Frio,23.6,0
M2130,L013,109,SAIDA_CONSUMO,5.44,,2,2026-01-13 21:30:00,Terça,0,Frio,23.6,0
M2131,L015,110,SAIDA_CONSUMO,1.45,,2,2026-01-13 21:30:00,Terça,0,Frio,23.6,0
M2132,L001,101,SAIDA_CONSUMO,12.29,,2,2026-01-14 21:30:00,Quarta,0,Chuvoso,34.2,0
M2133,L003,102,SAIDA_CONSUMO,17.47,,2,2026-01-14 21:30:00,Quarta,0,Chuvoso,34.2,0
M2134,L004,103,SAIDA_CONSUMO,6.05,,2,2026-01-14 21:30:00,Quarta,0,Chuvoso,34.2,0
M2135,L006,104,SAIDA_CONSUMO,4.01,,2,2026-01-14 21:30:00,Quarta,0,Chuvoso,34.2,0
M2136,L007,105,SAIDA_CONSUMO,15.78,,2,2026-01-14 21:30:00,Quarta,0,Chuvoso,34.2,0
M2137,L009,106,SAIDA_CONSUMO,10.54,,2,2026-01-14 21:30:00,Quarta,0,Chuvoso,34.2,0
M2138,L010,107,SAIDA_CONSUMO,10.33,,2,2026-01-14 21:30:00,Quarta,0,Chuvoso,34.2,0
M2139,L012,108,SAIDA_CONSUMO,13.39,,2,2026-01-14 21:30:00,Quarta,0,Chuvoso,34.2,0
M2140,L013,109,SAIDA_CONSUMO,8.42,,2,2026-01-14 21:30:00,Quarta,0,Chuvoso,34.2,0
M2141,L015,110,SAIDA_CONSUMO,1.56,,2,2026-01-14 21:30:00,Quarta,0,Chuvoso,34.2,0
M2142,L001,101,SAIDA_CONSUMO,15.33,,2,2026-01-15 21:30:00,Quinta,0,Ensolarado,33.8,0
M2143,L003,102,SAIDA_CONSUMO,17.07,,2,2026-01-15 21:30:00,Quinta,0,Ensolarado,33.8,0
M2144,L004,103,SAIDA_CONSUMO,6.37,,2,2026-01-15 21:30:00,Quinta,0,Ensolarado,33.8,0
M2145,L006,104,SAIDA_CONSUMO,3.82,,2,2026-01-15 21:30:00,Quinta,0,Ensolarado,33.8,0
M2146,L007,105,SAIDA_CONSUMO,15.67,,2,2026-01-15 21:30:00,Quinta,0,Ensolarado,33.8,0
M2147,L009,106,SAIDA_CONSUMO,10.45,,2,2026-01-15 21:30:00,Quinta,0,Ensolarado,33.8,0
M2148,L010,107,SAIDA_CONSUMO,9.16,,2,2026-01-15 21:30:00,Quinta,0,Ensolarado,33.8,0
M2149,L012,108,SAIDA_CONSUMO,13.5,,2,2026-01-15 21:30:00,Quinta,0,Ensolarado,33.8,0
M2150,L013,109,SAIDA_CONSUMO,17.79,,2,2026-01-15 21:30:00,Quinta,0,Ensolarado,33.8,0
M2151,L015,110,SAIDA_CONSUMO,1.51,,2,2026-01-15 21:30:00,Quinta,0,Ensolarado,33.8,0
M2152,L001,101,SAIDA_CONSUMO,39.88,,2,2026-01-16 21:30:00,Sexta,0,Ensolarado,28.0,0
M2153,L003,102,SAIDA_CONSUMO,26.4,,2,2026-01-16 21:30:00,Sexta,0,Ensolarado,28.0,0
M2154,L004,103,SAIDA_CONSUMO,15.86,,2,2026-01-16 21:30:00,Sexta,0,Ensolarado,28.0,0
M2155,L006,104,SAIDA_CONSUMO,10.3,,2,2026-01-16 21:30:00,Sexta,0,Ensolarado,28.0,0
M2156,L007,105,SAIDA_CONSUMO,14.98,,2,2026-01-16 21:30:00,Sexta,0,Ensolarado,28.0,0
M2157,L009,106,SAIDA_CONSUMO,15.59,,2,2026-01-16 21:30:00,Sexta,0,Ensolarado,28.0,0
M2158,L010,107,SAIDA_CONSUMO,11.09,,2,2026-01-16 21:30:00,Sexta,0,Ensolarado,28.0,0
M2159,L012,108,SAIDA_CONSUMO,8.05,,2,2026-01-16 21:30:00,Sexta,0,Ensolarado,28.0,0
M2160,L013,109,SAIDA_CONSUMO,63.36,,2,2026-01-16 21:30:00,Sexta,0,Ensolarado,28.0,0
M2161,L013,109,DESPERDICIO,0.22,Sobras de Prato,2,2026-01-16 22:00:00,Sexta,0,Ensolarado,28.0,0
M2162,L015,110,SAIDA_CONSUMO,2.91,,2,2026-01-16 21:30:00,Sexta,0,Ensolarado,28.0,0
M2163,L001,101,SAIDA_CONSUMO,48.85,,2,2026-01-17 21:30:00,Sábado,0,Frio,34.3,1
M2164,L003,102,SAIDA_CONSUMO,30.02,,2,2026-01-17 21:30:00,Sábado,0,Frio,34.3,1
M2165,L004,103,SAIDA_CONSUMO,23.22,,2,2026-01-17 21:30:00,Sábado,0,Frio,34.3,1
M2166,L006,104,SAIDA_CONSUMO,11.9,,2,2026-01-17 21:30:00,Sábado,0,Frio,34.3,1
M2167,L007,105,SAIDA_CONSUMO,13.91,,2,2026-01-17 21:30:00,Sábado,0,Frio,34.3,1
M2168,L009,106,SAIDA_CONSUMO,13.98,,2,2026-01-17 21:30:00,Sábado,0,Frio,34.3,1
M2169,L010,107,SAIDA_CONSUMO,14.21,,2,2026-01-17 21:30:00,Sábado,0,Frio,34.3,1
M2170,L010,107,DESPERDICIO,0.66,Sobras de Prato,2,2026-01-17 22:00:00,Sábado,0,Frio,34.3,1
M2171,L012,108,SAIDA_CONSUMO,9.6,,2,2026-01-17 21:30:00,Sábado,0,Frio,34.3,1
M2172,L013,109,SAIDA_CONSUMO,54.96,,2,2026-01-17 21:30:00,Sábado,0,Frio,34.3,1
M2173,L015,110,SAIDA_CONSUMO,3.67,,2,2026-01-17 21:30:00,Sábado,0,Frio,34.3,1
M2174,L001,101,SAIDA_CONSUMO,41.77,,2,2026-01-18 21:30:00,Domingo,0,Ensolarado,25.2,0
M2175,L001,101,DESPERDICIO,1.37,Erro de Preparo,2,2026-01-18 22:00:00,Domingo,0,Ensolarado,25.2,0
M2176,L003,102,SAIDA_CONSUMO,24.73,,2,2026-01-18 21:30:00,Domingo,0,Ensolarado,25.2,0
M2177,L004,103,SAIDA_CONSUMO,16.79,,2,2026-01-18 21:30:00,Domingo,0,Ensolarado,25.2,0
M2178,L006,104,SAIDA_CONSUMO,9.2,,2,2026-01-18 21:30:00,Domingo,0,Ensolarado,25.2,0
M2179,L007,105,SAIDA_CONSUMO,15.08,,2,2026-01-18 21:30:00,Domingo,0,Ensolarado,25.2,0
M2180,L009,106,SAIDA_CONSUMO,14.41,,2,2026-01-18 21:30:00,Domingo,0,Ensolarado,25.2,0
M2181,L010,107,SAIDA_CONSUMO,12.24,,2,2026-01-18 21:30:00,Domingo,0,Ensolarado,25.2,0
M2182,L012,108,SAIDA_CONSUMO,7.37,,2,2026-01-18 21:30:00,Domingo,0,Ensolarado,25.2,0
M2183,L013,109,SAIDA_CONSUMO,62.69,,2,2026-01-18 21:30:00,Domingo,0,Ensolarado,25.2,0
M2184,L015,110,SAIDA_CONSUMO,2.91,,2,2026-01-18 21:30:00,Domingo,0,Ensolarado,25.2,0
M2185,L001,101,SAIDA_CONSUMO,15.16,,2,2026-01-19 21:30:00,Segunda,0,Ensolarado,24.9,0
M2186,L003,102,SAIDA_CONSUMO,17.83,,2,2026-01-19 21:30:00,Segunda,0,Ensolarado,24.9,0
M2187,L004,103,SAIDA_CONSUMO,5.54,,2,2026-01-19 21:30:00,Segunda,0,Ensolarado,24.9,0
M2188,L006,104,SAIDA_CONSUMO,4.4,,2,2026-01-19 21:30:00,Segunda,0,Ensolarado,24.9,0
M2189,L007,105,SAIDA_CONSUMO,11.52,,2,2026-01-19 21:30:00,Segunda,0,Ensolarado,24.9,0
M2190,L009,106,SAIDA_CONSUMO,8.38,,2,2026-01-19 21:30:00,Segunda,0,Ensolarado,24.9,0
M2191,L010,107,SAIDA_CONSUMO,10.71,,2,2026-01-19 21:30:00,Segunda,0,Ensolarado,24.9,0
M2192,L012,108,SAIDA_CONSUMO,13.72,,2,2026-01-19 21:30:00,Segunda,0,Ensolarado,24.9,0
M2193,L013,109,SAIDA_CONSUMO,12.25,,2,2026-01-19 21:30:00,Segunda,0,Ensolarado,24.9,0
M2194,L015,110,SAIDA_CONSUMO,1.4,,2,2026-01-19 21:30:00,Segunda,0,Ensolarado,24.9,0
M2195,L001,101,SAIDA_CONSUMO,15.01,,2,2026-01-20 21:30:00,Terça,0,Nublado,24.7,0
M2196,L003,102,SAIDA_CONSUMO,18.64,,2,2026-01-20 21:30:00,Terça,0,Nublado,24.7,0
M2197,L004,103,SAIDA_CONSUMO,5.86,,2,2026-01-20 21:30:00,Terça,0,Nublado,24.7,0
M2198,L006,104,SAIDA_CONSUMO,4.19,,2,2026-01-20 21:30:00,Terça,0,Nublado,24.7,0
M2199,L007,105,SAIDA_CONSUMO,11.43,,2,2026-01-20 21:30:00,Terça,0,Nublado,24.7,0
M2200,L009,106,SAIDA_CONSUMO,8.17,,2,2026-01-20 21:30:00,Terça,0,Nublado,24.7,0
M2201,L010,107,SAIDA_CONSUMO,9.71,,2,2026-01-20 21:30:00,Terça,0,Nublado,24.7,0
M2202,L010,107,DESPERDICIO,0.37,Erro de Preparo,2,2026-01-20 22:00:00,Terça,0,Nublado,24.7,0
M2203,L012,108,SAIDA_CONSUMO,12.83,,2,2026-01-20 21:30:00,Terça,0,Nublado,24.7,0
M2204,L013,109,SAIDA_CONSUMO,11.61,,2,2026-01-20 21:30:00,Terça,0,Nublado,24.7,0
M2205,L015,110,SAIDA_CONSUMO,1.51,,2,2026-01-20 21:30:00,Terça,0,Nublado,24.7,0
M2206,L001,101,SAIDA_CONSUMO,14.98,,2,2026-01-21 21:30:00,Quarta,0,Ensolarado,24.6,0
M2207,L003,102,SAIDA_CONSUMO,17.8,,2,2026-01-21 21:30:00,Quarta,0,Ensolarado,24.6,0
M2208,L004,103,SAIDA_CONSUMO,5.82,,2,2026-01-21 21:30:00,Quarta,0,Ensolarado,24.6,0
M2209,L006,104,SAIDA_CONSUMO,3.81,,2,2026-01-21 21:30:00,Quarta,0,Ensolarado,24.6,0
M2210,L007,105,SAIDA_CONSUMO,12.89,,2,2026-01-21 21:30:00,Quarta,0,Ensolarado,24.6,0
M2211,L009,106,SAIDA_CONSUMO,7.81,,2,2026-01-21 21:30:00,Quarta,0,Ensolarado,24.6,0
M2212,L010,107,SAIDA_CONSUMO,9.71,,2,2026-01-21 21:30:00,Quarta,0,Ensolarado,24.6,0
M2213,L012,108,SAIDA_CONSUMO,14.51,,2,2026-01-21 21:30:00,Quarta,0,Ensolarado,24.6,0
M2214,L013,109,SAIDA_CONSUMO,11.17,,2,2026-01-21 21:30:00,Quarta,0,Ensolarado,24.6,0
M2215,L015,110,SAIDA_CONSUMO,1.47,,2,2026-01-21 21:30:00,Quarta,0,Ensolarado,24.6,0
M2216,L001,101,SAIDA_CONSUMO,16.12,,2,2026-01-22 21:30:00,Quinta,0,Ensolarado,26.9,0
M2217,L001,101,DESPERDICIO,0.55,Erro de Preparo,2,2026-01-22 22:00:00,Quinta,0,Ensolarado,26.9,0
M2218,L003,102,SAIDA_CONSUMO,17.55,,2,2026-01-22 21:30:00,Quinta,0,Ensolarado,26.9,0
M2219,L004,103,SAIDA_CONSUMO,6.2,,2,2026-01-22 21:30:00,Quinta,0,Ensolarado,26.9,0
M2220,L006,104,SAIDA_CONSUMO,3.7,,2,2026-01-22 21:30:00,Quinta,0,Ensolarado,26.9,0
M2221,L007,105,SAIDA_CONSUMO,11.77,,2,2026-01-22 21:30:00,Quinta,0,Ensolarado,26.9,0
M2222,L009,106,SAIDA_CONSUMO,8.1,,2,2026-01-22 21:30:00,Quinta,0,Ensolarado,26.9,0
M2223,L010,107,SAIDA_CONSUMO,10.3,,2,2026-01-22 21:30:00,Quinta,0,Ensolarado,26.9,0
M2224,L012,108,SAIDA_CONSUMO,13.87,,2,2026-01-22 21:30:00,Quinta,0,Ensolarado,26.9,0
M2225,L013,109,SAIDA_CONSUMO,11.81,,2,2026-01-22 21:30:00,Quinta,0,Ensolarado,26.9,0
M2226,L015,110,SAIDA_CONSUMO,1.63,,2,2026-01-22 21:30:00,Quinta,0,Ensolarado,26.9,0
M2227,L001,101,SAIDA_CONSUMO,32.93,,2,2026-01-23 21:30:00,Sexta,0,Chuvoso,33.2,0
M2228,L003,102,SAIDA_CONSUMO,21.93,,2,2026-01-23 21:30:00,Sexta,0,Chuvoso,33.2,0
M2229,L004,103,SAIDA_CONSUMO,18.95,,2,2026-01-23 21:30:00,Sexta,0,Chuvoso,33.2,0
M2230,L006,104,SAIDA_CONSUMO,10.47,,2,2026-01-23 21:30:00,Sexta,0,Chuvoso,33.2,0
M2231,L007,105,SAIDA_CONSUMO,16.96,,2,2026-01-23 21:30:00,Sexta,0,Chuvoso,33.2,0
M2232,L009,106,SAIDA_CONSUMO,17.45,,2,2026-01-23 21:30:00,Sexta,0,Chuvoso,33.2,0
M2233,L010,107,SAIDA_CONSUMO,11.57,,2,2026-01-23 21:30:00,Sexta,0,Chuvoso,33.2,0
M2234,L010,107,DESPERDICIO,1.29,Sobras de Prato,2,2026-01-23 22:00:00,Sexta,0,Chuvoso,33.2,0
M2235,L012,108,SAIDA_CONSUMO,8.58,,2,2026-01-23 21:30:00,Sexta,0,Chuvoso,33.2,0
M2236,L013,109,SAIDA_CONSUMO,50.62,,2,2026-01-23 21:30:00,Sexta,0,Chuvoso,33.2,0
M2237,L015,110,SAIDA_CONSUMO,3.05,,2,2026-01-23 21:30:00,Sexta,0,Chuvoso,33.2,0
M2238,L001,101,SAIDA_CONSUMO,35.33,,2,2026-01-24 21:30:00,Sábado,0,Ensolarado,31.2,0
M2239,L003,102,SAIDA_CONSUMO,26.69,,2,2026-01-24 21:30:00,Sábado,0,Ensolarado,31.2,0
M2240,L004,103,SAIDA_CONSUMO,18.38,,2,2026-01-24 21:30:00,Sábado,0,Ensolarado,31.2,0
M2241,L006,104,SAIDA_CONSUMO,9.85,,2,2026-01-24 21:30:00,Sábado,0,Ensolarado,31.2,0
M2242,L007,105,SAIDA_CONSUMO,17.63,,2,2026-01-24 21:30:00,Sábado,0,Ensolarado,31.2,0
M2243,L009,106,SAIDA_CONSUMO,18.21,,2,2026-01-24 21:30:00,Sábado,0,Ensolarado,31.2,0
M2244,L010,107,SAIDA_CONSUMO,11.88,,2,2026-01-24 21:30:00,Sábado,0,Ensolarado,31.2,0
M2245,L012,108,SAIDA_CONSUMO,7.81,,2,2026-01-24 21:30:00,Sábado,0,Ensolarado,31.2,0
M2246,L013,109,SAIDA_CONSUMO,94.34,,2,2026-01-24 21:30:00,Sábado,0,Ensolarado,31.2,0
M2247,L015,110,SAIDA_CONSUMO,3.02,,2,2026-01-24 21:30:00,Sábado,0,Ensolarado,31.2,0
M2248,L001,101,SAIDA_CONSUMO,49.55,,2,2026-01-25 21:30:00,Domingo,1,Ensolarado,22.3,0
M2249,L003,102,SAIDA_CONSUMO,31.96,,2,2026-01-25 21:30:00,Domingo,1,Ensolarado,22.3,0
M2250,L004,103,SAIDA_CONSUMO,24.31,,2,2026-01-25 21:30:00,Domingo,1,Ensolarado,22.3,0
M2251,L006,104,SAIDA_CONSUMO,12.91,,2,2026-01-25 21:30:00,Domingo,1,Ensolarado,22.3,0
M2252,L007,105,SAIDA_CONSUMO,18.99,,2,2026-01-25 21:30:00,Domingo,1,Ensolarado,22.3,0
M2253,L009,106,SAIDA_CONSUMO,18.04,,2,2026-01-25 21:30:00,Domingo,1,Ensolarado,22.3,0
M2254,L010,107,SAIDA_CONSUMO,15.7,,2,2026-01-25 21:30:00,Domingo,1,Ensolarado,22.3,0
M2255,L012,108,SAIDA_CONSUMO,10.38,,2,2026-01-25 21:30:00,Domingo,1,Ensolarado,22.3,0
M2256,L013,109,SAIDA_CONSUMO,85.36,,2,2026-01-25 21:30:00,Domingo,1,Ensolarado,22.3,0
M2257,L015,110,SAIDA_CONSUMO,3.85,,2,2026-01-25 21:30:00,Domingo,1,Ensolarado,22.3,0
M2258,L001,101,SAIDA_CONSUMO,14.98,,2,2026-01-26 21:30:00,Segunda,0,Frio,26.2,0
M2259,L003,102,SAIDA_CONSUMO,17.76,,2,2026-01-26 21:30:00,Segunda,0,Frio,26.2,0
M2260,L004,103,SAIDA_CONSUMO,6.12,,2,2026-01-26 21:30:00,Segunda,0,Frio,26.2,0
M2261,L006,104,SAIDA_CONSUMO,4.01,,2,2026-01-26 21:30:00,Segunda,0,Frio,26.2,0
M2262,L007,105,SAIDA_CONSUMO,6.99,,2,2026-01-26 21:30:00,Segunda,0,Frio,26.2,0
M2263,L009,106,SAIDA_CONSUMO,5.35,,2,2026-01-26 21:30:00,Segunda,0,Frio,26.2,0
M2264,L010,107,SAIDA_CONSUMO,10.2,,2,2026-01-26 21:30:00,Segunda,0,Frio,26.2,0
M2265,L012,108,SAIDA_CONSUMO,15.72,,2,2026-01-26 21:30:00,Segunda,0,Frio,26.2,0
M2266,L013,109,SAIDA_CONSUMO,7.12,,2,2026-01-26 21:30:00,Segunda,0,Frio,26.2,0
M2267,L015,110,SAIDA_CONSUMO,1.54,,2,2026-01-26 21:30:00,Segunda,0,Frio,26.2,0
M2268,L001,101,SAIDA_CONSUMO,14.91,,2,2026-01-27 21:30:00,Terça,0,Ensolarado,34.0,0
M2269,L003,102,SAIDA_CONSUMO,17.35,,2,2026-01-27 21:30:00,Terça,0,Ensolarado,34.0,0
M2270,L004,103,SAIDA_CONSUMO,6.03,,2,2026-01-27 21:30:00,Terça,0,Ensolarado,34.0,0
M2271,L006,104,SAIDA_CONSUMO,3.82,,2,2026-01-27 21:30:00,Terça,0,Ensolarado,34.0,0
M2272,L007,105,SAIDA_CONSUMO,15.6,,2,2026-01-27 21:30:00,Terça,0,Ensolarado,34.0,0
M2273,L009,106,SAIDA_CONSUMO,9.2,,2,2026-01-27 21:30:00,Terça,0,Ensolarado,34.0,0
M2274,L010,107,SAIDA_CONSUMO,10.39,,2,2026-01-27 21:30:00,Terça,0,Ensolarado,34.0,0
M2275,L012,108,SAIDA_CONSUMO,15.77,,2,2026-01-27 21:30:00,Terça,0,Ensolarado,34.0,0
M2276,L012,108,DESPERDICIO,0.43,Quebra de Embalagem,2,2026-01-27 22:00:00,Terça,0,Ensolarado,34.0,0
M2277,L013,109,SAIDA_CONSUMO,17.27,,2,2026-01-27 21:30:00,Terça,0,Ensolarado,34.0,0
M2278,L015,110,SAIDA_CONSUMO,1.52,,2,2026-01-27 21:30:00,Terça,0,Ensolarado,34.0,0
M2279,L001,101,SAIDA_CONSUMO,12.78,,2,2026-01-28 21:30:00,Quarta,0,Chuvoso,27.3,0
M2280,L003,102,SAIDA_CONSUMO,15.07,,2,2026-01-28 21:30:00,Quarta,0,Chuvoso,27.3,0
M2281,L004,103,SAIDA_CONSUMO,5.97,,2,2026-01-28 21:30:00,Quarta,0,Chuvoso,27.3,0
M2282,L006,104,SAIDA_CONSUMO,4.1,,2,2026-01-28 21:30:00,Quarta,0,Chuvoso,27.3,0
M2283,L007,105,SAIDA_CONSUMO,11.48,,2,2026-01-28 21:30:00,Quarta,0,Chuvoso,27.3,0
M2284,L009,106,SAIDA_CONSUMO,7.94,,2,2026-01-28 21:30:00,Quarta,0,Chuvoso,27.3,0
M2285,L010,107,SAIDA_CONSUMO,9.2,,2,2026-01-28 21:30:00,Quarta,0,Chuvoso,27.3,0
M2286,L012,108,SAIDA_CONSUMO,13.69,,2,2026-01-28 21:30:00,Quarta,0,Chuvoso,27.3,0
M2287,L013,109,SAIDA_CONSUMO,6.01,,2,2026-01-28 21:30:00,Quarta,0,Chuvoso,27.3,0
M2288,L015,110,SAIDA_CONSUMO,1.49,,2,2026-01-28 21:30:00,Quarta,0,Chuvoso,27.3,0
M2289,L001,101,SAIDA_CONSUMO,15.27,,2,2026-01-29 21:30:00,Quinta,0,Ensolarado,31.3,0
M2290,L001,101,DESPERDICIO,0.52,Validade / Avaria,2,2026-01-29 22:00:00,Quinta,0,Ensolarado,31.3,0
M2291,L003,102,SAIDA_CONSUMO,18.51,,2,2026-01-29 21:30:00,Quinta,0,Ensolarado,31.3,0
M2292,L003,102,DESPERDICIO,0.3,Erro de Preparo,2,2026-01-29 22:00:00,Quinta,0,Ensolarado,31.3,0
M2293,L004,103,SAIDA_CONSUMO,5.98,,2,2026-01-29 21:30:00,Quinta,0,Ensolarado,31.3,0
M2294,L006,104,SAIDA_CONSUMO,3.86,,2,2026-01-29 21:30:00,Quinta,0,Ensolarado,31.3,0
M2295,L007,105,SAIDA_CONSUMO,14.65,,2,2026-01-29 21:30:00,Quinta,0,Ensolarado,31.3,0
M2296,L009,106,SAIDA_CONSUMO,10.1,,2,2026-01-29 21:30:00,Quinta,0,Ensolarado,31.3,0
M2297,L010,107,SAIDA_CONSUMO,10.25,,2,2026-01-29 21:30:00,Quinta,0,Ensolarado,31.3,0
M2298,L012,108,SAIDA_CONSUMO,14.33,,2,2026-01-29 21:30:00,Quinta,0,Ensolarado,31.3,0
M2299,L013,109,SAIDA_CONSUMO,17.69,,2,2026-01-29 21:30:00,Quinta,0,Ensolarado,31.3,0
M2300,L015,110,SAIDA_CONSUMO,1.41,,2,2026-01-29 21:30:00,Quinta,0,Ensolarado,31.3,0
M2301,L001,101,SAIDA_CONSUMO,40.31,,2,2026-01-30 21:30:00,Sexta,0,Ensolarado,22.9,0
M2302,L003,102,SAIDA_CONSUMO,25.96,,2,2026-01-30 21:30:00,Sexta,0,Ensolarado,22.9,0
M2303,L004,103,SAIDA_CONSUMO,18.73,,2,2026-01-30 21:30:00,Sexta,0,Ensolarado,22.9,0
M2304,L006,104,SAIDA_CONSUMO,9.87,,2,2026-01-30 21:30:00,Sexta,0,Ensolarado,22.9,0
M2305,L007,105,SAIDA_CONSUMO,16.61,,2,2026-01-30 21:30:00,Sexta,0,Ensolarado,22.9,0
M2306,L009,106,SAIDA_CONSUMO,13.47,,2,2026-01-30 21:30:00,Sexta,0,Ensolarado,22.9,0
M2307,L010,107,SAIDA_CONSUMO,11.03,,2,2026-01-30 21:30:00,Sexta,0,Ensolarado,22.9,0
M2308,L012,108,SAIDA_CONSUMO,7.19,,2,2026-01-30 21:30:00,Sexta,0,Ensolarado,22.9,0
M2309,L013,109,SAIDA_CONSUMO,63.44,,2,2026-01-30 21:30:00,Sexta,0,Ensolarado,22.9,0
M2310,L013,109,DESPERDICIO,0.59,Sobras de Prato,2,2026-01-30 22:00:00,Sexta,0,Ensolarado,22.9,0
M2311,L015,110,SAIDA_CONSUMO,2.73,,2,2026-01-30 21:30:00,Sexta,0,Ensolarado,22.9,0
M2312,L001,101,SAIDA_CONSUMO,41.96,,2,2026-01-31 21:30:00,Sábado,0,Ensolarado,22.4,0
M2313,L001,101,DESPERDICIO,0.73,Erro de Preparo,2,2026-01-31 22:00:00,Sábado,0,Ensolarado,22.4,0
M2314,L003,102,SAIDA_CONSUMO,23.74,,2,2026-01-31 21:30:00,Sábado,0,Ensolarado,22.4,0
M2315,L004,103,SAIDA_CONSUMO,18.49,,2,2026-01-31 21:30:00,Sábado,0,Ensolarado,22.4,0
M2316,L006,104,SAIDA_CONSUMO,9.48,,2,2026-01-31 21:30:00,Sábado,0,Ensolarado,22.4,0
M2317,L007,105,SAIDA_CONSUMO,14.48,,2,2026-01-31 21:30:00,Sábado,0,Ensolarado,22.4,0
M2318,L009,106,SAIDA_CONSUMO,14.23,,2,2026-01-31 21:30:00,Sábado,0,Ensolarado,22.4,0
M2319,L010,107,SAIDA_CONSUMO,12.06,,2,2026-01-31 21:30:00,Sábado,0,Ensolarado,22.4,0
M2320,L012,108,SAIDA_CONSUMO,7.34,,2,2026-01-31 21:30:00,Sábado,0,Ensolarado,22.4,0
M2321,L013,109,SAIDA_CONSUMO,68.41,,2,2026-01-31 21:30:00,Sábado,0,Ensolarado,22.4,0
M2322,L015,110,SAIDA_CONSUMO,2.93,,2,2026-01-31 21:30:00,Sábado,0,Ensolarado,22.4,0
M2323,L001,101,SAIDA_CONSUMO,60.11,,2,2026-02-01 21:30:00,Domingo,1,Frio,34.4,0
M2324,L003,102,SAIDA_CONSUMO,37.3,,2,2026-02-01 21:30:00,Domingo,1,Frio,34.4,0
M2325,L004,103,SAIDA_CONSUMO,29.04,,2,2026-02-01 21:30:00,Domingo,1,Frio,34.4,0
M2326,L006,104,SAIDA_CONSUMO,14.53,,2,2026-02-01 21:30:00,Domingo,1,Frio,34.4,0
M2327,L007,105,SAIDA_CONSUMO,19.33,,2,2026-02-01 21:30:00,Domingo,1,Frio,34.4,0
M2328,L009,106,SAIDA_CONSUMO,18.34,,2,2026-02-01 21:30:00,Domingo,1,Frio,34.4,0
M2329,L010,107,SAIDA_CONSUMO,18.49,,2,2026-02-01 21:30:00,Domingo,1,Frio,34.4,0
M2330,L012,108,SAIDA_CONSUMO,13.12,,2,2026-02-01 21:30:00,Domingo,1,Frio,34.4,0
M2331,L013,109,SAIDA_CONSUMO,70.3,,2,2026-02-01 21:30:00,Domingo,1,Frio,34.4,0
M2332,L015,110,SAIDA_CONSUMO,4.76,,2,2026-02-01 21:30:00,Domingo,1,Frio,34.4,0
M2333,L001,101,SAIDA_CONSUMO,18.08,,2,2026-02-02 21:30:00,Segunda,0,Ensolarado,24.1,0
M2334,L003,102,SAIDA_CONSUMO,23.17,,2,2026-02-02 21:30:00,Segunda,0,Ensolarado,24.1,0
M2335,L004,103,SAIDA_CONSUMO,7.12,,2,2026-02-02 21:30:00,Segunda,0,Ensolarado,24.1,0
M2336,L006,104,SAIDA_CONSUMO,4.88,,2,2026-02-02 21:30:00,Segunda,0,Ensolarado,24.1,0
M2337,L007,105,SAIDA_CONSUMO,14.46,,2,2026-02-02 21:30:00,Segunda,0,Ensolarado,24.1,0
M2338,L009,106,SAIDA_CONSUMO,8.99,,2,2026-02-02 21:30:00,Segunda,0,Ensolarado,24.1,0
M2339,L010,107,SAIDA_CONSUMO,11.93,,2,2026-02-02 21:30:00,Segunda,0,Ensolarado,24.1,0
M2340,L012,108,SAIDA_CONSUMO,16.38,,2,2026-02-02 21:30:00,Segunda,0,Ensolarado,24.1,0
M2341,L013,109,SAIDA_CONSUMO,14.47,,2,2026-02-02 21:30:00,Segunda,0,Ensolarado,24.1,0
M2342,L015,110,SAIDA_CONSUMO,1.83,,2,2026-02-02 21:30:00,Segunda,0,Ensolarado,24.1,0
M2343,L001,101,SAIDA_CONSUMO,18.81,,2,2026-02-03 21:30:00,Terça,0,Ensolarado,29.0,0
M2344,L003,102,SAIDA_CONSUMO,22.55,,2,2026-02-03 21:30:00,Terça,0,Ensolarado,29.0,0
M2345,L004,103,SAIDA_CONSUMO,7.5,,2,2026-02-03 21:30:00,Terça,0,Ensolarado,29.0,0
M2346,L006,104,SAIDA_CONSUMO,4.75,,2,2026-02-03 21:30:00,Terça,0,Ensolarado,29.0,0
M2347,L007,105,SAIDA_CONSUMO,18.15,,2,2026-02-03 21:30:00,Terça,0,Ensolarado,29.0,0
M2348,L009,106,SAIDA_CONSUMO,11.63,,2,2026-02-03 21:30:00,Terça,0,Ensolarado,29.0,0
M2349,L010,107,SAIDA_CONSUMO,12.22,,2,2026-02-03 21:30:00,Terça,0,Ensolarado,29.0,0
M2350,L012,108,SAIDA_CONSUMO,16.24,,2,2026-02-03 21:30:00,Terça,0,Ensolarado,29.0,0
M2351,L013,109,SAIDA_CONSUMO,20.8,,2,2026-02-03 21:30:00,Terça,0,Ensolarado,29.0,0
M2352,L015,110,SAIDA_CONSUMO,1.81,,2,2026-02-03 21:30:00,Terça,0,Ensolarado,29.0,0
M2353,L001,101,SAIDA_CONSUMO,17.97,,2,2026-02-04 21:30:00,Quarta,0,Ensolarado,32.3,0
M2354,L003,102,SAIDA_CONSUMO,20.91,,2,2026-02-04 21:30:00,Quarta,0,Ensolarado,32.3,0
M2355,L004,103,SAIDA_CONSUMO,6.87,,2,2026-02-04 21:30:00,Quarta,0,Ensolarado,32.3,0
M2356,L004,103,DESPERDICIO,1.14,Sobras de Prato,2,2026-02-04 22:00:00,Quarta,0,Ensolarado,32.3,0
M2357,L006,104,SAIDA_CONSUMO,4.97,,2,2026-02-04 21:30:00,Quarta,0,Ensolarado,32.3,0
M2358,L007,105,SAIDA_CONSUMO,18.64,,2,2026-02-04 21:30:00,Quarta,0,Ensolarado,32.3,0
M2359,L009,106,SAIDA_CONSUMO,11.96,,2,2026-02-04 21:30:00,Quarta,0,Ensolarado,32.3,0
M2360,L010,107,SAIDA_CONSUMO,12.13,,2,2026-02-04 21:30:00,Quarta,0,Ensolarado,32.3,0
M2361,L012,108,SAIDA_CONSUMO,15.53,,2,2026-02-04 21:30:00,Quarta,0,Ensolarado,32.3,0
M2362,L013,109,SAIDA_CONSUMO,20.63,,2,2026-02-04 21:30:00,Quarta,0,Ensolarado,32.3,0
M2363,L013,109,DESPERDICIO,0.73,Validade / Avaria,2,2026-02-04 22:00:00,Quarta,0,Ensolarado,32.3,0
M2364,L015,110,SAIDA_CONSUMO,1.61,,2,2026-02-04 21:30:00,Quarta,0,Ensolarado,32.3,0
M2365,L001,101,SAIDA_CONSUMO,18.64,,2,2026-02-05 21:30:00,Quinta,0,Frio,24.6,0
M2366,L003,102,SAIDA_CONSUMO,19.58,,2,2026-02-05 21:30:00,Quinta,0,Frio,24.6,0
M2367,L004,103,SAIDA_CONSUMO,7.02,,2,2026-02-05 21:30:00,Quinta,0,Frio,24.6,0
M2368,L006,104,SAIDA_CONSUMO,4.84,,2,2026-02-05 21:30:00,Quinta,0,Frio,24.6,0
M2369,L007,105,SAIDA_CONSUMO,8.23,,2,2026-02-05 21:30:00,Quinta,0,Frio,24.6,0
M2370,L009,106,SAIDA_CONSUMO,6.49,,2,2026-02-05 21:30:00,Quinta,0,Frio,24.6,0
M2371,L010,107,SAIDA_CONSUMO,11.69,,2,2026-02-05 21:30:00,Quinta,0,Frio,24.6,0
M2372,L012,108,SAIDA_CONSUMO,16.67,,2,2026-02-05 21:30:00,Quinta,0,Frio,24.6,0
M2373,L013,109,SAIDA_CONSUMO,7.74,,2,2026-02-05 21:30:00,Quinta,0,Frio,24.6,0
M2374,L015,110,SAIDA_CONSUMO,1.9,,2,2026-02-05 21:30:00,Quinta,0,Frio,24.6,0
M2375,L015,110,DESPERDICIO,0.48,Erro de Preparo,2,2026-02-05 22:00:00,Quinta,0,Frio,24.6,0
M2376,L001,101,SAIDA_CONSUMO,57.81,,2,2026-02-06 21:30:00,Sexta,0,Nublado,26.9,1
M2377,L003,102,SAIDA_CONSUMO,35.28,,2,2026-02-06 21:30:00,Sexta,0,Nublado,26.9,1
M2378,L004,103,SAIDA_CONSUMO,23.97,,2,2026-02-06 21:30:00,Sexta,0,Nublado,26.9,1
M2379,L006,104,SAIDA_CONSUMO,14.55,,2,2026-02-06 21:30:00,Sexta,0,Nublado,26.9,1
M2380,L007,105,SAIDA_CONSUMO,21.0,,2,2026-02-06 21:30:00,Sexta,0,Nublado,26.9,1
M2381,L009,106,SAIDA_CONSUMO,21.21,,2,2026-02-06 21:30:00,Sexta,0,Nublado,26.9,1
M2382,L010,107,SAIDA_CONSUMO,16.62,,2,2026-02-06 21:30:00,Sexta,0,Nublado,26.9,1
M2383,L012,108,SAIDA_CONSUMO,11.38,,2,2026-02-06 21:30:00,Sexta,0,Nublado,26.9,1
M2384,L013,109,SAIDA_CONSUMO,98.37,,2,2026-02-06 21:30:00,Sexta,0,Nublado,26.9,1
M2385,L015,110,SAIDA_CONSUMO,4.27,,2,2026-02-06 21:30:00,Sexta,0,Nublado,26.9,1
M2386,L001,101,SAIDA_CONSUMO,39.19,,2,2026-02-07 21:30:00,Sábado,0,Chuvoso,26.0,0
M2387,L003,102,SAIDA_CONSUMO,27.38,,2,2026-02-07 21:30:00,Sábado,0,Chuvoso,26.0,0
M2388,L004,103,SAIDA_CONSUMO,22.53,,2,2026-02-07 21:30:00,Sábado,0,Chuvoso,26.0,0
M2389,L006,104,SAIDA_CONSUMO,12.14,,2,2026-02-07 21:30:00,Sábado,0,Chuvoso,26.0,0
M2390,L007,105,SAIDA_CONSUMO,18.28,,2,2026-02-07 21:30:00,Sábado,0,Chuvoso,26.0,0
M2391,L009,106,SAIDA_CONSUMO,17.93,,2,2026-02-07 21:30:00,Sábado,0,Chuvoso,26.0,0
M2392,L010,107,SAIDA_CONSUMO,13.31,,2,2026-02-07 21:30:00,Sábado,0,Chuvoso,26.0,0
M2393,L012,108,SAIDA_CONSUMO,8.77,,2,2026-02-07 21:30:00,Sábado,0,Chuvoso,26.0,0
M2394,L013,109,SAIDA_CONSUMO,44.3,,2,2026-02-07 21:30:00,Sábado,0,Chuvoso,26.0,0
M2395,L015,110,SAIDA_CONSUMO,3.96,,2,2026-02-07 21:30:00,Sábado,0,Chuvoso,26.0,0
M2396,L001,101,SAIDA_CONSUMO,47.71,,2,2026-02-08 21:30:00,Domingo,0,Ensolarado,28.9,0
M2397,L003,102,SAIDA_CONSUMO,31.61,,2,2026-02-08 21:30:00,Domingo,0,Ensolarado,28.9,0
M2398,L004,103,SAIDA_CONSUMO,22.15,,2,2026-02-08 21:30:00,Domingo,0,Ensolarado,28.9,0
M2399,L006,104,SAIDA_CONSUMO,12.26,,2,2026-02-08 21:30:00,Domingo,0,Ensolarado,28.9,0
M2400,L007,105,SAIDA_CONSUMO,23.0,,2,2026-02-08 21:30:00,Domingo,0,Ensolarado,28.9,0
M2401,L009,106,SAIDA_CONSUMO,21.49,,2,2026-02-08 21:30:00,Domingo,0,Ensolarado,28.9,0
M2402,L010,107,SAIDA_CONSUMO,14.29,,2,2026-02-08 21:30:00,Domingo,0,Ensolarado,28.9,0
M2403,L012,108,SAIDA_CONSUMO,9.01,,2,2026-02-08 21:30:00,Domingo,0,Ensolarado,28.9,0
M2404,L013,109,SAIDA_CONSUMO,116.29,,2,2026-02-08 21:30:00,Domingo,0,Ensolarado,28.9,0
M2405,L015,110,SAIDA_CONSUMO,3.65,,2,2026-02-08 21:30:00,Domingo,0,Ensolarado,28.9,0
M2406,L001,101,SAIDA_CONSUMO,17.67,,2,2026-02-09 21:30:00,Segunda,0,Ensolarado,28.7,0
M2407,L003,102,SAIDA_CONSUMO,23.07,,2,2026-02-09 21:30:00,Segunda,0,Ensolarado,28.7,0
M2408,L004,103,SAIDA_CONSUMO,7.42,,2,2026-02-09 21:30:00,Segunda,0,Ensolarado,28.7,0
M2409,L006,104,SAIDA_CONSUMO,4.92,,2,2026-02-09 21:30:00,Segunda,0,Ensolarado,28.7,0
M2410,L007,105,SAIDA_CONSUMO,19.47,,2,2026-02-09 21:30:00,Segunda,0,Ensolarado,28.7,0
M2411,L009,106,SAIDA_CONSUMO,11.53,,2,2026-02-09 21:30:00,Segunda,0,Ensolarado,28.7,0
M2412,L010,107,SAIDA_CONSUMO,11.85,,2,2026-02-09 21:30:00,Segunda,0,Ensolarado,28.7,0
M2413,L010,107,DESPERDICIO,0.3,Validade / Avaria,2,2026-02-09 22:00:00,Segunda,0,Ensolarado,28.7,0
M2414,L012,108,SAIDA_CONSUMO,17.57,,2,2026-02-09 21:30:00,Segunda,0,Ensolarado,28.7,0
M2415,L013,109,SAIDA_CONSUMO,21.68,,2,2026-02-09 21:30:00,Segunda,0,Ensolarado,28.7,0
M2416,L013,109,DESPERDICIO,1.29,Quebra de Embalagem,2,2026-02-09 22:00:00,Segunda,0,Ensolarado,28.7,0
M2417,L015,110,SAIDA_CONSUMO,1.85,,2,2026-02-09 21:30:00,Segunda,0,Ensolarado,28.7,0
M2418,L015,110,DESPERDICIO,1.42,Validade / Avaria,2,2026-02-09 22:00:00,Segunda,0,Ensolarado,28.7,0
M2419,L001,101,SAIDA_CONSUMO,18.11,,2,2026-02-10 21:30:00,Terça,0,Nublado,29.6,0
M2420,L003,102,SAIDA_CONSUMO,21.62,,2,2026-02-10 21:30:00,Terça,0,Nublado,29.6,0
M2421,L004,103,SAIDA_CONSUMO,6.95,,2,2026-02-10 21:30:00,Terça,0,Nublado,29.6,0
M2422,L006,104,SAIDA_CONSUMO,5.11,,2,2026-02-10 21:30:00,Terça,0,Nublado,29.6,0
M2423,L007,105,SAIDA_CONSUMO,18.22,,2,2026-02-10 21:30:00,Terça,0,Nublado,29.6,0
M2424,L009,106,SAIDA_CONSUMO,11.16,,2,2026-02-10 21:30:00,Terça,0,Nublado,29.6,0
M2425,L010,107,SAIDA_CONSUMO,12.31,,2,2026-02-10 21:30:00,Terça,0,Nublado,29.6,0
M2426,L012,108,SAIDA_CONSUMO,17.42,,2,2026-02-10 21:30:00,Terça,0,Nublado,29.6,0
M2427,L013,109,SAIDA_CONSUMO,22.05,,2,2026-02-10 21:30:00,Terça,0,Nublado,29.6,0
M2428,L015,110,SAIDA_CONSUMO,1.76,,2,2026-02-10 21:30:00,Terça,0,Nublado,29.6,0
M2429,L001,101,SAIDA_CONSUMO,16.47,,2,2026-02-11 21:30:00,Quarta,0,Frio,24.2,0
M2430,L003,102,SAIDA_CONSUMO,18.0,,2,2026-02-11 21:30:00,Quarta,0,Frio,24.2,0
M2431,L004,103,SAIDA_CONSUMO,5.78,,2,2026-02-11 21:30:00,Quarta,0,Frio,24.2,0
M2432,L006,104,SAIDA_CONSUMO,3.9,,2,2026-02-11 21:30:00,Quarta,0,Frio,24.2,0
M2433,L007,105,SAIDA_CONSUMO,8.14,,2,2026-02-11 21:30:00,Quarta,0,Frio,24.2,0
M2434,L009,106,SAIDA_CONSUMO,4.85,,2,2026-02-11 21:30:00,Quarta,0,Frio,24.2,0
M2435,L010,107,SAIDA_CONSUMO,9.83,,2,2026-02-11 21:30:00,Quarta,0,Frio,24.2,0
M2436,L010,107,DESPERDICIO,1.21,Quebra de Embalagem,2,2026-02-11 22:00:00,Quarta,0,Frio,24.2,0
M2437,L012,108,SAIDA_CONSUMO,14.24,,2,2026-02-11 21:30:00,Quarta,0,Frio,24.2,0
M2438,L013,109,SAIDA_CONSUMO,4.8,,2,2026-02-11 21:30:00,Quarta,0,Frio,24.2,0
M2439,L015,110,SAIDA_CONSUMO,1.35,,2,2026-02-11 21:30:00,Quarta,0,Frio,24.2,0
M2440,L001,101,SAIDA_CONSUMO,16.74,,2,2026-02-12 21:30:00,Quinta,1,Chuvoso,34.4,0
M2441,L003,102,SAIDA_CONSUMO,20.76,,2,2026-02-12 21:30:00,Quinta,1,Chuvoso,34.4,0
M2442,L004,103,SAIDA_CONSUMO,7.85,,2,2026-02-12 21:30:00,Quinta,1,Chuvoso,34.4,0
M2443,L006,104,SAIDA_CONSUMO,5.14,,2,2026-02-12 21:30:00,Quinta,1,Chuvoso,34.4,0
M2444,L007,105,SAIDA_CONSUMO,19.27,,2,2026-02-12 21:30:00,Quinta,1,Chuvoso,34.4,0
M2445,L009,106,SAIDA_CONSUMO,13.07,,2,2026-02-12 21:30:00,Quinta,1,Chuvoso,34.4,0
M2446,L010,107,SAIDA_CONSUMO,12.31,,2,2026-02-12 21:30:00,Quinta,1,Chuvoso,34.4,0
M2447,L012,108,SAIDA_CONSUMO,18.65,,2,2026-02-12 21:30:00,Quinta,1,Chuvoso,34.4,0
M2448,L013,109,SAIDA_CONSUMO,11.58,,2,2026-02-12 21:30:00,Quinta,1,Chuvoso,34.4,0
M2449,L015,110,SAIDA_CONSUMO,1.95,,2,2026-02-12 21:30:00,Quinta,1,Chuvoso,34.4,0
M2450,L001,101,SAIDA_CONSUMO,38.79,,2,2026-02-13 21:30:00,Sexta,0,Nublado,33.5,0
M2451,L003,102,SAIDA_CONSUMO,24.2,,2,2026-02-13 21:30:00,Sexta,0,Nublado,33.5,0
M2452,L004,103,SAIDA_CONSUMO,18.52,,2,2026-02-13 21:30:00,Sexta,0,Nublado,33.5,0
M2453,L006,104,SAIDA_CONSUMO,10.08,,2,2026-02-13 21:30:00,Sexta,0,Nublado,33.5,0
M2454,L007,105,SAIDA_CONSUMO,18.13,,2,2026-02-13 21:30:00,Sexta,0,Nublado,33.5,0
M2455,L009,106,SAIDA_CONSUMO,16.14,,2,2026-02-13 21:30:00,Sexta,0,Nublado,33.5,0
M2456,L010,107,SAIDA_CONSUMO,11.81,,2,2026-02-13 21:30:00,Sexta,0,Nublado,33.5,0
M2457,L012,108,SAIDA_CONSUMO,8.26,,2,2026-02-13 21:30:00,Sexta,0,Nublado,33.5,0
M2458,L013,109,SAIDA_CONSUMO,90.37,,2,2026-02-13 21:30:00,Sexta,0,Nublado,33.5,0
M2459,L015,110,SAIDA_CONSUMO,2.95,,2,2026-02-13 21:30:00,Sexta,0,Nublado,33.5,0
M2460,L001,101,SAIDA_CONSUMO,40.67,,2,2026-02-14 21:30:00,Sábado,0,Frio,23.0,0
M2461,L003,102,SAIDA_CONSUMO,25.03,,2,2026-02-14 21:30:00,Sábado,0,Frio,23.0,0
M2462,L004,103,SAIDA_CONSUMO,18.49,,2,2026-02-14 21:30:00,Sábado,0,Frio,23.0,0
M2463,L006,104,SAIDA_CONSUMO,9.39,,2,2026-02-14 21:30:00,Sábado,0,Frio,23.0,0
M2464,L006,104,DESPERDICIO,1.27,Sobras de Prato,2,2026-02-14 22:00:00,Sábado,0,Frio,23.0,0
M2465,L007,105,SAIDA_CONSUMO,10.78,,2,2026-02-14 21:30:00,Sábado,0,Frio,23.0,0
M2466,L009,106,SAIDA_CONSUMO,8.3,,2,2026-02-14 21:30:00,Sábado,0,Frio,23.0,0
M2467,L010,107,SAIDA_CONSUMO,11.77,,2,2026-02-14 21:30:00,Sábado,0,Frio,23.0,0
M2468,L012,108,SAIDA_CONSUMO,8.13,,2,2026-02-14 21:30:00,Sábado,0,Frio,23.0,0
M2469,L013,109,SAIDA_CONSUMO,26.27,,2,2026-02-14 21:30:00,Sábado,0,Frio,23.0,0
M2470,L015,110,SAIDA_CONSUMO,2.98,,2,2026-02-14 21:30:00,Sábado,0,Frio,23.0,0
M2471,L001,101,SAIDA_CONSUMO,37.67,,2,2026-02-15 21:30:00,Domingo,0,Ensolarado,29.5,0
M2472,L003,102,SAIDA_CONSUMO,25.02,,2,2026-02-15 21:30:00,Domingo,0,Ensolarado,29.5,0
M2473,L004,103,SAIDA_CONSUMO,17.24,,2,2026-02-15 21:30:00,Domingo,0,Ensolarado,29.5,0
M2474,L006,104,SAIDA_CONSUMO,9.99,,2,2026-02-15 21:30:00,Domingo,0,Ensolarado,29.5,0
M2475,L007,105,SAIDA_CONSUMO,17.86,,2,2026-02-15 21:30:00,Domingo,0,Ensolarado,29.5,0
M2476,L009,106,SAIDA_CONSUMO,15.87,,2,2026-02-15 21:30:00,Domingo,0,Ensolarado,29.5,0
M2477,L010,107,SAIDA_CONSUMO,12.68,,2,2026-02-15 21:30:00,Domingo,0,Ensolarado,29.5,0
M2478,L012,108,SAIDA_CONSUMO,8.27,,2,2026-02-15 21:30:00,Domingo,0,Ensolarado,29.5,0
M2479,L013,109,SAIDA_CONSUMO,98.23,,2,2026-02-15 21:30:00,Domingo,0,Ensolarado,29.5,0
M2480,L015,110,SAIDA_CONSUMO,3.02,,2,2026-02-15 21:30:00,Domingo,0,Ensolarado,29.5,0
M2481,L001,101,SAIDA_CONSUMO,16.28,,2,2026-02-16 21:30:00,Segunda,0,Ensolarado,24.5,0
M2482,L003,102,SAIDA_CONSUMO,17.93,,2,2026-02-16 21:30:00,Segunda,0,Ensolarado,24.5,0
M2483,L004,103,SAIDA_CONSUMO,5.87,,2,2026-02-16 21:30:00,Segunda,0,Ensolarado,24.5,0
M2484,L006,104,SAIDA_CONSUMO,4.21,,2,2026-02-16 21:30:00,Segunda,0,Ensolarado,24.5,0
M2485,L007,105,SAIDA_CONSUMO,11.68,,2,2026-02-16 21:30:00,Segunda,0,Ensolarado,24.5,0
M2486,L009,106,SAIDA_CONSUMO,7.21,,2,2026-02-16 21:30:00,Segunda,0,Ensolarado,24.5,0
M2487,L010,107,SAIDA_CONSUMO,10.13,,2,2026-02-16 21:30:00,Segunda,0,Ensolarado,24.5,0
M2488,L012,108,SAIDA_CONSUMO,13.12,,2,2026-02-16 21:30:00,Segunda,0,Ensolarado,24.5,0
M2489,L013,109,SAIDA_CONSUMO,11.26,,2,2026-02-16 21:30:00,Segunda,0,Ensolarado,24.5,0
M2490,L015,110,SAIDA_CONSUMO,1.55,,2,2026-02-16 21:30:00,Segunda,0,Ensolarado,24.5,0
M2491,L001,101,SAIDA_CONSUMO,11.78,,2,2026-02-17 21:30:00,Terça,0,Chuvoso,23.8,0
M2492,L003,102,SAIDA_CONSUMO,15.56,,2,2026-02-17 21:30:00,Terça,0,Chuvoso,23.8,0
M2493,L004,103,SAIDA_CONSUMO,6.13,,2,2026-02-17 21:30:00,Terça,0,Chuvoso,23.8,0
M2494,L006,104,SAIDA_CONSUMO,3.91,,2,2026-02-17 21:30:00,Terça,0,Chuvoso,23.8,0
M2495,L007,105,SAIDA_CONSUMO,12.04,,2,2026-02-17 21:30:00,Terça,0,Chuvoso,23.8,0
M2496,L009,106,SAIDA_CONSUMO,8.18,,2,2026-02-17 21:30:00,Terça,0,Chuvoso,23.8,0
M2497,L010,107,SAIDA_CONSUMO,9.73,,2,2026-02-17 21:30:00,Terça,0,Chuvoso,23.8,0
M2498,L012,108,SAIDA_CONSUMO,14.84,,2,2026-02-17 21:30:00,Terça,0,Chuvoso,23.8,0
M2499,L013,109,SAIDA_CONSUMO,6.24,,2,2026-02-17 21:30:00,Terça,0,Chuvoso,23.8,0
M2500,L015,110,SAIDA_CONSUMO,1.54,,2,2026-02-17 21:30:00,Terça,0,Chuvoso,23.8,0
M2501,L001,101,SAIDA_CONSUMO,14.73,,2,2026-02-18 21:30:00,Quarta,0,Ensolarado,24.8,0
M2502,L003,102,SAIDA_CONSUMO,18.49,,2,2026-02-18 21:30:00,Quarta,0,Ensolarado,24.8,0
M2503,L003,102,DESPERDICIO,1.33,Erro de Preparo,2,2026-02-18 22:00:00,Quarta,0,Ensolarado,24.8,0
M2504,L004,103,SAIDA_CONSUMO,5.96,,2,2026-02-18 21:30:00,Quarta,0,Ensolarado,24.8,0
M2505,L006,104,SAIDA_CONSUMO,3.89,,2,2026-02-18 21:30:00,Quarta,0,Ensolarado,24.8,0
M2506,L007,105,SAIDA_CONSUMO,11.17,,2,2026-02-18 21:30:00,Quarta,0,Ensolarado,24.8,0
M2507,L009,106,SAIDA_CONSUMO,8.1,,2,2026-02-18 21:30:00,Quarta,0,Ensolarado,24.8,0
M2508,L010,107,SAIDA_CONSUMO,10.35,,2,2026-02-18 21:30:00,Quarta,0,Ensolarado,24.8,0
M2509,L012,108,SAIDA_CONSUMO,14.13,,2,2026-02-18 21:30:00,Quarta,0,Ensolarado,24.8,0
M2510,L013,109,SAIDA_CONSUMO,12.52,,2,2026-02-18 21:30:00,Quarta,0,Ensolarado,24.8,0
M2511,L015,110,SAIDA_CONSUMO,1.61,,2,2026-02-18 21:30:00,Quarta,0,Ensolarado,24.8,0
M2512,L001,101,SAIDA_CONSUMO,13.85,,2,2026-02-19 21:30:00,Quinta,0,Chuvoso,34.2,0
M2513,L003,102,SAIDA_CONSUMO,14.52,,2,2026-02-19 21:30:00,Quinta,0,Chuvoso,34.2,0
M2514,L004,103,SAIDA_CONSUMO,5.63,,2,2026-02-19 21:30:00,Quinta,0,Chuvoso,34.2,0
M2515,L006,104,SAIDA_CONSUMO,4.13,,2,2026-02-19 21:30:00,Quinta,0,Chuvoso,34.2,0
M2516,L007,105,SAIDA_CONSUMO,14.74,,2,2026-02-19 21:30:00,Quinta,0,Chuvoso,34.2,0
M2517,L009,106,SAIDA_CONSUMO,10.13,,2,2026-02-19 21:30:00,Quinta,0,Chuvoso,34.2,0
M2518,L010,107,SAIDA_CONSUMO,9.61,,2,2026-02-19 21:30:00,Quinta,0,Chuvoso,34.2,0
M2519,L012,108,SAIDA_CONSUMO,14.49,,2,2026-02-19 21:30:00,Quinta,0,Chuvoso,34.2,0
M2520,L013,109,SAIDA_CONSUMO,8.78,,2,2026-02-19 21:30:00,Quinta,0,Chuvoso,34.2,0
M2521,L015,110,SAIDA_CONSUMO,1.51,,2,2026-02-19 21:30:00,Quinta,0,Chuvoso,34.2,0
M2522,L001,101,SAIDA_CONSUMO,34.2,,2,2026-02-20 21:30:00,Sexta,0,Chuvoso,29.9,0
M2523,L003,102,SAIDA_CONSUMO,20.45,,2,2026-02-20 21:30:00,Sexta,0,Chuvoso,29.9,0
M2524,L004,103,SAIDA_CONSUMO,19.01,,2,2026-02-20 21:30:00,Sexta,0,Chuvoso,29.9,0
M2525,L006,104,SAIDA_CONSUMO,10.09,,2,2026-02-20 21:30:00,Sexta,0,Chuvoso,29.9,0
M2526,L007,105,SAIDA_CONSUMO,17.67,,2,2026-02-20 21:30:00,Sexta,0,Chuvoso,29.9,0
M2527,L009,106,SAIDA_CONSUMO,16.76,,2,2026-02-20 21:30:00,Sexta,0,Chuvoso,29.9,0
M2528,L010,107,SAIDA_CONSUMO,11.85,,2,2026-02-20 21:30:00,Sexta,0,Chuvoso,29.9,0
M2529,L012,108,SAIDA_CONSUMO,7.81,,2,2026-02-20 21:30:00,Sexta,0,Chuvoso,29.9,0
M2530,L013,109,SAIDA_CONSUMO,43.12,,2,2026-02-20 21:30:00,Sexta,0,Chuvoso,29.9,0
M2531,L013,109,DESPERDICIO,1.03,Quebra de Embalagem,2,2026-02-20 22:00:00,Sexta,0,Chuvoso,29.9,0
M2532,L015,110,SAIDA_CONSUMO,2.85,,2,2026-02-20 21:30:00,Sexta,0,Chuvoso,29.9,0
M2533,L001,101,SAIDA_CONSUMO,39.02,,2,2026-02-21 21:30:00,Sábado,0,Chuvoso,26.1,1
M2534,L003,102,SAIDA_CONSUMO,26.69,,2,2026-02-21 21:30:00,Sábado,0,Chuvoso,26.1,1
M2535,L004,103,SAIDA_CONSUMO,22.39,,2,2026-02-21 21:30:00,Sábado,0,Chuvoso,26.1,1
M2536,L006,104,SAIDA_CONSUMO,12.74,,2,2026-02-21 21:30:00,Sábado,0,Chuvoso,26.1,1
M2537,L007,105,SAIDA_CONSUMO,17.55,,2,2026-02-21 21:30:00,Sábado,0,Chuvoso,26.1,1
M2538,L009,106,SAIDA_CONSUMO,16.64,,2,2026-02-21 21:30:00,Sábado,0,Chuvoso,26.1,1
M2539,L010,107,SAIDA_CONSUMO,15.0,,2,2026-02-21 21:30:00,Sábado,0,Chuvoso,26.1,1
M2540,L012,108,SAIDA_CONSUMO,9.41,,2,2026-02-21 21:30:00,Sábado,0,Chuvoso,26.1,1
M2541,L013,109,SAIDA_CONSUMO,41.08,,2,2026-02-21 21:30:00,Sábado,0,Chuvoso,26.1,1
M2542,L015,110,SAIDA_CONSUMO,3.57,,2,2026-02-21 21:30:00,Sábado,0,Chuvoso,26.1,1
M2543,L001,101,SAIDA_CONSUMO,40.17,,2,2026-02-22 21:30:00,Domingo,0,Ensolarado,29.7,0
M2544,L003,102,SAIDA_CONSUMO,21.26,,2,2026-02-22 21:30:00,Domingo,0,Ensolarado,29.7,0
M2545,L004,103,SAIDA_CONSUMO,19.09,,2,2026-02-22 21:30:00,Domingo,0,Ensolarado,29.7,0
M2546,L006,104,SAIDA_CONSUMO,10.39,,2,2026-02-22 21:30:00,Domingo,0,Ensolarado,29.7,0
M2547,L007,105,SAIDA_CONSUMO,18.04,,2,2026-02-22 21:30:00,Domingo,0,Ensolarado,29.7,0
M2548,L009,106,SAIDA_CONSUMO,18.72,,2,2026-02-22 21:30:00,Domingo,0,Ensolarado,29.7,0
M2549,L010,107,SAIDA_CONSUMO,12.68,,2,2026-02-22 21:30:00,Domingo,0,Ensolarado,29.7,0
M2550,L012,108,SAIDA_CONSUMO,7.56,,2,2026-02-22 21:30:00,Domingo,0,Ensolarado,29.7,0
M2551,L013,109,SAIDA_CONSUMO,92.53,,2,2026-02-22 21:30:00,Domingo,0,Ensolarado,29.7,0
M2552,L015,110,SAIDA_CONSUMO,2.84,,2,2026-02-22 21:30:00,Domingo,0,Ensolarado,29.7,0
M2553,L001,101,SAIDA_CONSUMO,13.63,,2,2026-02-23 21:30:00,Segunda,0,Ensolarado,31.6,0
M2554,L003,102,SAIDA_CONSUMO,18.24,,2,2026-02-23 21:30:00,Segunda,0,Ensolarado,31.6,0
M2555,L004,103,SAIDA_CONSUMO,5.59,,2,2026-02-23 21:30:00,Segunda,0,Ensolarado,31.6,0
M2556,L006,104,SAIDA_CONSUMO,4.4,,2,2026-02-23 21:30:00,Segunda,0,Ensolarado,31.6,0
M2557,L007,105,SAIDA_CONSUMO,15.55,,2,2026-02-23 21:30:00,Segunda,0,Ensolarado,31.6,0
M2558,L009,106,SAIDA_CONSUMO,10.04,,2,2026-02-23 21:30:00,Segunda,0,Ensolarado,31.6,0
M2559,L010,107,SAIDA_CONSUMO,10.27,,2,2026-02-23 21:30:00,Segunda,0,Ensolarado,31.6,0
M2560,L012,108,SAIDA_CONSUMO,14.14,,2,2026-02-23 21:30:00,Segunda,0,Ensolarado,31.6,0
M2561,L013,109,SAIDA_CONSUMO,17.84,,2,2026-02-23 21:30:00,Segunda,0,Ensolarado,31.6,0
M2562,L015,110,SAIDA_CONSUMO,1.52,,2,2026-02-23 21:30:00,Segunda,0,Ensolarado,31.6,0
M2563,L001,101,SAIDA_CONSUMO,14.91,,2,2026-02-24 21:30:00,Terça,0,Ensolarado,32.7,0
M2564,L003,102,SAIDA_CONSUMO,18.08,,2,2026-02-24 21:30:00,Terça,0,Ensolarado,32.7,0
M2565,L004,103,SAIDA_CONSUMO,6.45,,2,2026-02-24 21:30:00,Terça,0,Ensolarado,32.7,0
M2566,L004,103,DESPERDICIO,1.06,Sobras de Prato,2,2026-02-24 22:00:00,Terça,0,Ensolarado,32.7,0
M2567,L006,104,SAIDA_CONSUMO,4.12,,2,2026-02-24 21:30:00,Terça,0,Ensolarado,32.7,0
M2568,L007,105,SAIDA_CONSUMO,15.18,,2,2026-02-24 21:30:00,Terça,0,Ensolarado,32.7,0
M2569,L009,106,SAIDA_CONSUMO,10.15,,2,2026-02-24 21:30:00,Terça,0,Ensolarado,32.7,0
M2570,L010,107,SAIDA_CONSUMO,9.77,,2,2026-02-24 21:30:00,Terça,0,Ensolarado,32.7,0
M2571,L012,108,SAIDA_CONSUMO,12.93,,2,2026-02-24 21:30:00,Terça,0,Ensolarado,32.7,0
M2572,L012,108,DESPERDICIO,1.22,Sobras de Prato,2,2026-02-24 22:00:00,Terça,0,Ensolarado,32.7,0
M2573,L013,109,SAIDA_CONSUMO,17.14,,2,2026-02-24 21:30:00,Terça,0,Ensolarado,32.7,0
M2574,L015,110,SAIDA_CONSUMO,1.49,,2,2026-02-24 21:30:00,Terça,0,Ensolarado,32.7,0
M2575,L001,101,SAIDA_CONSUMO,18.44,,2,2026-02-25 21:30:00,Quarta,1,Ensolarado,24.9,0
M2576,L003,102,SAIDA_CONSUMO,23.99,,2,2026-02-25 21:30:00,Quarta,1,Ensolarado,24.9,0
M2577,L004,103,SAIDA_CONSUMO,7.93,,2,2026-02-25 21:30:00,Quarta,1,Ensolarado,24.9,0
M2578,L006,104,SAIDA_CONSUMO,5.29,,2,2026-02-25 21:30:00,Quarta,1,Ensolarado,24.9,0
M2579,L007,105,SAIDA_CONSUMO,16.29,,2,2026-02-25 21:30:00,Quarta,1,Ensolarado,24.9,0
M2580,L009,106,SAIDA_CONSUMO,10.19,,2,2026-02-25 21:30:00,Quarta,1,Ensolarado,24.9,0
M2581,L010,107,SAIDA_CONSUMO,12.97,,2,2026-02-25 21:30:00,Quarta,1,Ensolarado,24.9,0
M2582,L012,108,SAIDA_CONSUMO,17.6,,2,2026-02-25 21:30:00,Quarta,1,Ensolarado,24.9,0
M2583,L013,109,SAIDA_CONSUMO,15.27,,2,2026-02-25 21:30:00,Quarta,1,Ensolarado,24.9,0
M2584,L015,110,SAIDA_CONSUMO,1.85,,2,2026-02-25 21:30:00,Quarta,1,Ensolarado,24.9,0
M2585,L001,101,SAIDA_CONSUMO,15.31,,2,2026-02-26 21:30:00,Quinta,0,Ensolarado,28.0,0
M2586,L003,102,SAIDA_CONSUMO,17.83,,2,2026-02-26 21:30:00,Quinta,0,Ensolarado,28.0,0
M2587,L004,103,SAIDA_CONSUMO,6.1,,2,2026-02-26 21:30:00,Quinta,0,Ensolarado,28.0,0
M2588,L004,103,DESPERDICIO,0.82,Sobras de Prato,2,2026-02-26 22:00:00,Quinta,0,Ensolarado,28.0,0
M2589,L006,104,SAIDA_CONSUMO,4.39,,2,2026-02-26 21:30:00,Quinta,0,Ensolarado,28.0,0
M2590,L007,105,SAIDA_CONSUMO,12.71,,2,2026-02-26 21:30:00,Quinta,0,Ensolarado,28.0,0
M2591,L009,106,SAIDA_CONSUMO,8.61,,2,2026-02-26 21:30:00,Quinta,0,Ensolarado,28.0,0
M2592,L010,107,SAIDA_CONSUMO,9.78,,2,2026-02-26 21:30:00,Quinta,0,Ensolarado,28.0,0
M2593,L012,108,SAIDA_CONSUMO,14.38,,2,2026-02-26 21:30:00,Quinta,0,Ensolarado,28.0,0
M2594,L013,109,SAIDA_CONSUMO,12.62,,2,2026-02-26 21:30:00,Quinta,0,Ensolarado,28.0,0
M2595,L015,110,SAIDA_CONSUMO,1.6,,2,2026-02-26 21:30:00,Quinta,0,Ensolarado,28.0,0
M2596,L001,101,SAIDA_CONSUMO,41.82,,2,2026-02-27 21:30:00,Sexta,0,Frio,22.6,0
M2597,L003,102,SAIDA_CONSUMO,24.82,,2,2026-02-27 21:30:00,Sexta,0,Frio,22.6,0
M2598,L004,103,SAIDA_CONSUMO,18.19,,2,2026-02-27 21:30:00,Sexta,0,Frio,22.6,0
M2599,L006,104,SAIDA_CONSUMO,10.82,,2,2026-02-27 21:30:00,Sexta,0,Frio,22.6,0
M2600,L007,105,SAIDA_CONSUMO,9.22,,2,2026-02-27 21:30:00,Sexta,0,Frio,22.6,0
M2601,L009,106,SAIDA_CONSUMO,8.44,,2,2026-02-27 21:30:00,Sexta,0,Frio,22.6,0
M2602,L009,106,DESPERDICIO,1.38,Sobras de Prato,2,2026-02-27 22:00:00,Sexta,0,Frio,22.6,0
M2603,L010,107,SAIDA_CONSUMO,11.28,,2,2026-02-27 21:30:00,Sexta,0,Frio,22.6,0
M2604,L012,108,SAIDA_CONSUMO,7.88,,2,2026-02-27 21:30:00,Sexta,0,Frio,22.6,0
M2605,L013,109,SAIDA_CONSUMO,32.55,,2,2026-02-27 21:30:00,Sexta,0,Frio,22.6,0
M2606,L015,110,SAIDA_CONSUMO,2.76,,2,2026-02-27 21:30:00,Sexta,0,Frio,22.6,0
M2607,L001,101,SAIDA_CONSUMO,48.45,,2,2026-02-28 21:30:00,Sábado,0,Ensolarado,33.5,1
M2608,L003,102,SAIDA_CONSUMO,30.87,,2,2026-02-28 21:30:00,Sábado,0,Ensolarado,33.5,1
M2609,L004,103,SAIDA_CONSUMO,21.78,,2,2026-02-28 21:30:00,Sábado,0,Ensolarado,33.5,1
M2610,L006,104,SAIDA_CONSUMO,12.82,,2,2026-02-28 21:30:00,Sábado,0,Ensolarado,33.5,1
M2611,L007,105,SAIDA_CONSUMO,23.08,,2,2026-02-28 21:30:00,Sábado,0,Ensolarado,33.5,1
M2612,L009,106,SAIDA_CONSUMO,21.39,,2,2026-02-28 21:30:00,Sábado,0,Ensolarado,33.5,1
M2613,L010,107,SAIDA_CONSUMO,15.12,,2,2026-02-28 21:30:00,Sábado,0,Ensolarado,33.5,1
M2614,L012,108,SAIDA_CONSUMO,9.66,,2,2026-02-28 21:30:00,Sábado,0,Ensolarado,33.5,1
M2615,L013,109,SAIDA_CONSUMO,112.5,,2,2026-02-28 21:30:00,Sábado,0,Ensolarado,33.5,1
M2616,L015,110,SAIDA_CONSUMO,3.65,,2,2026-02-28 21:30:00,Sábado,0,Ensolarado,33.5,1
M2617,L001,101,SAIDA_CONSUMO,58.76,,2,2026-03-01 21:30:00,Domingo,1,Ensolarado,26.0,0
M2618,L001,101,DESPERDICIO,0.55,Quebra de Embalagem,2,2026-03-01 22:00:00,Domingo,1,Ensolarado,26.0,0
M2619,L003,102,SAIDA_CONSUMO,39.95,,2,2026-03-01 21:30:00,Domingo,1,Ensolarado,26.0,0
M2620,L004,103,SAIDA_CONSUMO,27.12,,2,2026-03-01 21:30:00,Domingo,1,Ensolarado,26.0,0
M2621,L006,104,SAIDA_CONSUMO,16.2,,2,2026-03-01 21:30:00,Domingo,1,Ensolarado,26.0,0
M2622,L007,105,SAIDA_CONSUMO,23.6,,2,2026-03-01 21:30:00,Domingo,1,Ensolarado,26.0,0
M2623,L009,106,SAIDA_CONSUMO,22.05,,2,2026-03-01 21:30:00,Domingo,1,Ensolarado,26.0,0
M2624,L010,107,SAIDA_CONSUMO,19.61,,2,2026-03-01 21:30:00,Domingo,1,Ensolarado,26.0,0
M2625,L012,108,SAIDA_CONSUMO,11.89,,2,2026-03-01 21:30:00,Domingo,1,Ensolarado,26.0,0
M2626,L013,109,SAIDA_CONSUMO,93.8,,2,2026-03-01 21:30:00,Domingo,1,Ensolarado,26.0,0
M2627,L015,110,SAIDA_CONSUMO,4.47,,2,2026-03-01 21:30:00,Domingo,1,Ensolarado,26.0,0
M2628,L001,101,SAIDA_CONSUMO,17.92,,2,2026-03-02 21:30:00,Segunda,0,Ensolarado,33.5,0
M2629,L003,102,SAIDA_CONSUMO,19.17,,2,2026-03-02 21:30:00,Segunda,0,Ensolarado,33.5,0
M2630,L004,103,SAIDA_CONSUMO,7.26,,2,2026-03-02 21:30:00,Segunda,0,Ensolarado,33.5,0
M2631,L006,104,SAIDA_CONSUMO,4.59,,2,2026-03-02 21:30:00,Segunda,0,Ensolarado,33.5,0
M2632,L007,105,SAIDA_CONSUMO,18.57,,2,2026-03-02 21:30:00,Segunda,0,Ensolarado,33.5,0
M2633,L009,106,SAIDA_CONSUMO,12.44,,2,2026-03-02 21:30:00,Segunda,0,Ensolarado,33.5,0
M2634,L010,107,SAIDA_CONSUMO,11.71,,2,2026-03-02 21:30:00,Segunda,0,Ensolarado,33.5,0
M2635,L012,108,SAIDA_CONSUMO,16.64,,2,2026-03-02 21:30:00,Segunda,0,Ensolarado,33.5,0
M2636,L013,109,SAIDA_CONSUMO,20.81,,2,2026-03-02 21:30:00,Segunda,0,Ensolarado,33.5,0
M2637,L015,110,SAIDA_CONSUMO,1.82,,2,2026-03-02 21:30:00,Segunda,0,Ensolarado,33.5,0
M2638,L001,101,SAIDA_CONSUMO,17.88,,2,2026-03-03 21:30:00,Terça,0,Ensolarado,22.5,0
M2639,L003,102,SAIDA_CONSUMO,21.58,,2,2026-03-03 21:30:00,Terça,0,Ensolarado,22.5,0
M2640,L004,103,SAIDA_CONSUMO,6.87,,2,2026-03-03 21:30:00,Terça,0,Ensolarado,22.5,0
M2641,L006,104,SAIDA_CONSUMO,4.64,,2,2026-03-03 21:30:00,Terça,0,Ensolarado,22.5,0
M2642,L007,105,SAIDA_CONSUMO,14.33,,2,2026-03-03 21:30:00,Terça,0,Ensolarado,22.5,0
M2643,L009,106,SAIDA_CONSUMO,9.61,,2,2026-03-03 21:30:00,Terça,0,Ensolarado,22.5,0
M2644,L010,107,SAIDA_CONSUMO,12.78,,2,2026-03-03 21:30:00,Terça,0,Ensolarado,22.5,0
M2645,L012,108,SAIDA_CONSUMO,17.09,,2,2026-03-03 21:30:00,Terça,0,Ensolarado,22.5,0
M2646,L013,109,SAIDA_CONSUMO,13.7,,2,2026-03-03 21:30:00,Terça,0,Ensolarado,22.5,0
M2647,L015,110,SAIDA_CONSUMO,1.78,,2,2026-03-03 21:30:00,Terça,0,Ensolarado,22.5,0
M2648,L001,101,SAIDA_CONSUMO,18.11,,2,2026-03-04 21:30:00,Quarta,0,Ensolarado,23.1,0
M2649,L003,102,SAIDA_CONSUMO,21.15,,2,2026-03-04 21:30:00,Quarta,0,Ensolarado,23.1,0
M2650,L004,103,SAIDA_CONSUMO,7.56,,2,2026-03-04 21:30:00,Quarta,0,Ensolarado,23.1,0
M2651,L006,104,SAIDA_CONSUMO,4.55,,2,2026-03-04 21:30:00,Quarta,0,Ensolarado,23.1,0
M2652,L007,105,SAIDA_CONSUMO,14.33,,2,2026-03-04 21:30:00,Quarta,0,Ensolarado,23.1,0
M2653,L009,106,SAIDA_CONSUMO,10.31,,2,2026-03-04 21:30:00,Quarta,0,Ensolarado,23.1,0
M2654,L010,107,SAIDA_CONSUMO,11.67,,2,2026-03-04 21:30:00,Quarta,0,Ensolarado,23.1,0
M2655,L012,108,SAIDA_CONSUMO,16.36,,2,2026-03-04 21:30:00,Quarta,0,Ensolarado,23.1,0
M2656,L013,109,SAIDA_CONSUMO,15.41,,2,2026-03-04 21:30:00,Quarta,0,Ensolarado,23.1,0
M2657,L015,110,SAIDA_CONSUMO,1.83,,2,2026-03-04 21:30:00,Quarta,0,Ensolarado,23.1,0
M2658,L001,101,SAIDA_CONSUMO,18.24,,2,2026-03-05 21:30:00,Quinta,0,Ensolarado,24.2,0
M2659,L003,102,SAIDA_CONSUMO,22.69,,2,2026-03-05 21:30:00,Quinta,0,Ensolarado,24.2,0
M2660,L004,103,SAIDA_CONSUMO,6.81,,2,2026-03-05 21:30:00,Quinta,0,Ensolarado,24.2,0
M2661,L006,104,SAIDA_CONSUMO,4.55,,2,2026-03-05 21:30:00,Quinta,0,Ensolarado,24.2,0
M2662,L007,105,SAIDA_CONSUMO,14.58,,2,2026-03-05 21:30:00,Quinta,0,Ensolarado,24.2,0
M2663,L009,106,SAIDA_CONSUMO,9.28,,2,2026-03-05 21:30:00,Quinta,0,Ensolarado,24.2,0
M2664,L010,107,SAIDA_CONSUMO,12.07,,2,2026-03-05 21:30:00,Quinta,0,Ensolarado,24.2,0
M2665,L012,108,SAIDA_CONSUMO,16.01,,2,2026-03-05 21:30:00,Quinta,0,Ensolarado,24.2,0
M2666,L012,108,DESPERDICIO,1.05,Quebra de Embalagem,2,2026-03-05 22:00:00,Quinta,0,Ensolarado,24.2,0
M2667,L013,109,SAIDA_CONSUMO,15.24,,2,2026-03-05 21:30:00,Quinta,0,Ensolarado,24.2,0
M2668,L015,110,SAIDA_CONSUMO,1.71,,2,2026-03-05 21:30:00,Quinta,0,Ensolarado,24.2,0
M2669,L001,101,SAIDA_CONSUMO,59.39,,2,2026-03-06 21:30:00,Sexta,0,Frio,24.0,1
M2670,L003,102,SAIDA_CONSUMO,38.29,,2,2026-03-06 21:30:00,Sexta,0,Frio,24.0,1
M2671,L004,103,SAIDA_CONSUMO,27.97,,2,2026-03-06 21:30:00,Sexta,0,Frio,24.0,1
M2672,L006,104,SAIDA_CONSUMO,14.09,,2,2026-03-06 21:30:00,Sexta,0,Frio,24.0,1
M2673,L007,105,SAIDA_CONSUMO,14.57,,2,2026-03-06 21:30:00,Sexta,0,Frio,24.0,1
M2674,L009,106,SAIDA_CONSUMO,11.79,,2,2026-03-06 21:30:00,Sexta,0,Frio,24.0,1
M2675,L010,107,SAIDA_CONSUMO,17.39,,2,2026-03-06 21:30:00,Sexta,0,Frio,24.0,1
M2676,L012,108,SAIDA_CONSUMO,11.69,,2,2026-03-06 21:30:00,Sexta,0,Frio,24.0,1
M2677,L013,109,SAIDA_CONSUMO,43.7,,2,2026-03-06 21:30:00,Sexta,0,Frio,24.0,1
M2678,L015,110,SAIDA_CONSUMO,4.22,,2,2026-03-06 21:30:00,Sexta,0,Frio,24.0,1
M2679,L001,101,SAIDA_CONSUMO,47.09,,2,2026-03-07 21:30:00,Sábado,0,Nublado,23.3,0
M2680,L003,102,SAIDA_CONSUMO,31.12,,2,2026-03-07 21:30:00,Sábado,0,Nublado,23.3,0
M2681,L004,103,SAIDA_CONSUMO,23.06,,2,2026-03-07 21:30:00,Sábado,0,Nublado,23.3,0
M2682,L006,104,SAIDA_CONSUMO,12.46,,2,2026-03-07 21:30:00,Sábado,0,Nublado,23.3,0
M2683,L007,105,SAIDA_CONSUMO,18.69,,2,2026-03-07 21:30:00,Sábado,0,Nublado,23.3,0
M2684,L009,106,SAIDA_CONSUMO,16.26,,2,2026-03-07 21:30:00,Sábado,0,Nublado,23.3,0
M2685,L010,107,SAIDA_CONSUMO,14.77,,2,2026-03-07 21:30:00,Sábado,0,Nublado,23.3,0
M2686,L012,108,SAIDA_CONSUMO,9.07,,2,2026-03-07 21:30:00,Sábado,0,Nublado,23.3,0
M2687,L013,109,SAIDA_CONSUMO,81.49,,2,2026-03-07 21:30:00,Sábado,0,Nublado,23.3,0
M2688,L013,109,DESPERDICIO,1.15,Erro de Preparo,2,2026-03-07 22:00:00,Sábado,0,Nublado,23.3,0
M2689,L015,110,SAIDA_CONSUMO,3.65,,2,2026-03-07 21:30:00,Sábado,0,Nublado,23.3,0
M2690,L001,101,SAIDA_CONSUMO,50.39,,2,2026-03-08 21:30:00,Domingo,0,Ensolarado,27.3,0
M2691,L003,102,SAIDA_CONSUMO,30.6,,2,2026-03-08 21:30:00,Domingo,0,Ensolarado,27.3,0
M2692,L004,103,SAIDA_CONSUMO,22.22,,2,2026-03-08 21:30:00,Domingo,0,Ensolarado,27.3,0
M2693,L006,104,SAIDA_CONSUMO,12.55,,2,2026-03-08 21:30:00,Domingo,0,Ensolarado,27.3,0
M2694,L007,105,SAIDA_CONSUMO,18.88,,2,2026-03-08 21:30:00,Domingo,0,Ensolarado,27.3,0
M2695,L009,106,SAIDA_CONSUMO,17.16,,2,2026-03-08 21:30:00,Domingo,0,Ensolarado,27.3,0
M2696,L010,107,SAIDA_CONSUMO,13.7,,2,2026-03-08 21:30:00,Domingo,0,Ensolarado,27.3,0
M2697,L010,107,DESPERDICIO,0.67,Erro de Preparo,2,2026-03-08 22:00:00,Domingo,0,Ensolarado,27.3,0
M2698,L012,108,SAIDA_CONSUMO,9.73,,2,2026-03-08 21:30:00,Domingo,0,Ensolarado,27.3,0
M2699,L013,109,SAIDA_CONSUMO,72.58,,2,2026-03-08 21:30:00,Domingo,0,Ensolarado,27.3,0
M2700,L015,110,SAIDA_CONSUMO,3.76,,2,2026-03-08 21:30:00,Domingo,0,Ensolarado,27.3,0
M2701,L001,101,SAIDA_CONSUMO,18.17,,2,2026-03-09 21:30:00,Segunda,0,Ensolarado,31.3,0
M2702,L003,102,SAIDA_CONSUMO,19.93,,2,2026-03-09 21:30:00,Segunda,0,Ensolarado,31.3,0
M2703,L004,103,SAIDA_CONSUMO,7.39,,2,2026-03-09 21:30:00,Segunda,0,Ensolarado,31.3,0
M2704,L006,104,SAIDA_CONSUMO,5.01,,2,2026-03-09 21:30:00,Segunda,0,Ensolarado,31.3,0
M2705,L007,105,SAIDA_CONSUMO,17.47,,2,2026-03-09 21:30:00,Segunda,0,Ensolarado,31.3,0
M2706,L009,106,SAIDA_CONSUMO,11.72,,2,2026-03-09 21:30:00,Segunda,0,Ensolarado,31.3,0
M2707,L010,107,SAIDA_CONSUMO,11.88,,2,2026-03-09 21:30:00,Segunda,0,Ensolarado,31.3,0
M2708,L012,108,SAIDA_CONSUMO,16.83,,2,2026-03-09 21:30:00,Segunda,0,Ensolarado,31.3,0
M2709,L013,109,SAIDA_CONSUMO,21.28,,2,2026-03-09 21:30:00,Segunda,0,Ensolarado,31.3,0
M2710,L015,110,SAIDA_CONSUMO,1.95,,2,2026-03-09 21:30:00,Segunda,0,Ensolarado,31.3,0
M2711,L001,101,SAIDA_CONSUMO,18.17,,2,2026-03-10 21:30:00,Terça,0,Ensolarado,32.8,0
M2712,L003,102,SAIDA_CONSUMO,22.18,,2,2026-03-10 21:30:00,Terça,0,Ensolarado,32.8,0
M2713,L004,103,SAIDA_CONSUMO,7.46,,2,2026-03-10 21:30:00,Terça,0,Ensolarado,32.8,0
M2714,L006,104,SAIDA_CONSUMO,4.94,,2,2026-03-10 21:30:00,Terça,0,Ensolarado,32.8,0
M2715,L006,104,DESPERDICIO,1.13,Validade / Avaria,2,2026-03-10 22:00:00,Terça,0,Ensolarado,32.8,0
M2716,L007,105,SAIDA_CONSUMO,17.31,,2,2026-03-10 21:30:00,Terça,0,Ensolarado,32.8,0
M2717,L009,106,SAIDA_CONSUMO,12.07,,2,2026-03-10 21:30:00,Terça,0,Ensolarado,32.8,0
M2718,L010,107,SAIDA_CONSUMO,12.06,,2,2026-03-10 21:30:00,Terça,0,Ensolarado,32.8,0
M2719,L012,108,SAIDA_CONSUMO,17.45,,2,2026-03-10 21:30:00,Terça,0,Ensolarado,32.8,0
M2720,L013,109,SAIDA_CONSUMO,20.56,,2,2026-03-10 21:30:00,Terça,0,Ensolarado,32.8,0
M2721,L015,110,SAIDA_CONSUMO,1.7,,2,2026-03-10 21:30:00,Terça,0,Ensolarado,32.8,0
M2722,L001,101,SAIDA_CONSUMO,14.95,,2,2026-03-11 21:30:00,Quarta,0,Ensolarado,32.8,0
M2723,L003,102,SAIDA_CONSUMO,18.3,,2,2026-03-11 21:30:00,Quarta,0,Ensolarado,32.8,0
M2724,L004,103,SAIDA_CONSUMO,5.97,,2,2026-03-11 21:30:00,Quarta,0,Ensolarado,32.8,0
M2725,L006,104,SAIDA_CONSUMO,4.2,,2,2026-03-11 21:30:00,Quarta,0,Ensolarado,32.8,0
M2726,L007,105,SAIDA_CONSUMO,14.93,,2,2026-03-11 21:30:00,Quarta,0,Ensolarado,32.8,0
M2727,L009,106,SAIDA_CONSUMO,9.2,,2,2026-03-11 21:30:00,Quarta,0,Ensolarado,32.8,0
M2728,L010,107,SAIDA_CONSUMO,9.51,,2,2026-03-11 21:30:00,Quarta,0,Ensolarado,32.8,0
M2729,L012,108,SAIDA_CONSUMO,14.99,,2,2026-03-11 21:30:00,Quarta,0,Ensolarado,32.8,0
M2730,L013,109,SAIDA_CONSUMO,17.51,,2,2026-03-11 21:30:00,Quarta,0,Ensolarado,32.8,0
M2731,L015,110,SAIDA_CONSUMO,1.43,,2,2026-03-11 21:30:00,Quarta,0,Ensolarado,32.8,0
M2732,L001,101,SAIDA_CONSUMO,19.59,,2,2026-03-12 21:30:00,Quinta,1,Ensolarado,34.9,0
M2733,L003,102,SAIDA_CONSUMO,23.25,,2,2026-03-12 21:30:00,Quinta,1,Ensolarado,34.9,0
M2734,L004,103,SAIDA_CONSUMO,7.78,,2,2026-03-12 21:30:00,Quinta,1,Ensolarado,34.9,0
M2735,L006,104,SAIDA_CONSUMO,4.81,,2,2026-03-12 21:30:00,Quinta,1,Ensolarado,34.9,0
M2736,L007,105,SAIDA_CONSUMO,19.67,,2,2026-03-12 21:30:00,Quinta,1,Ensolarado,34.9,0
M2737,L009,106,SAIDA_CONSUMO,12.4,,2,2026-03-12 21:30:00,Quinta,1,Ensolarado,34.9,0
M2738,L010,107,SAIDA_CONSUMO,12.47,,2,2026-03-12 21:30:00,Quinta,1,Ensolarado,34.9,0
M2739,L012,108,SAIDA_CONSUMO,17.53,,2,2026-03-12 21:30:00,Quinta,1,Ensolarado,34.9,0
M2740,L013,109,SAIDA_CONSUMO,22.17,,2,2026-03-12 21:30:00,Quinta,1,Ensolarado,34.9,0
M2741,L013,109,DESPERDICIO,0.58,Quebra de Embalagem,2,2026-03-12 22:00:00,Quinta,1,Ensolarado,34.9,0
M2742,L015,110,SAIDA_CONSUMO,1.95,,2,2026-03-12 21:30:00,Quinta,1,Ensolarado,34.9,0
M2743,L015,110,DESPERDICIO,0.85,Sobras de Prato,2,2026-03-12 22:00:00,Quinta,1,Ensolarado,34.9,0
M2744,L001,101,SAIDA_CONSUMO,45.79,,2,2026-03-13 21:30:00,Sexta,0,Ensolarado,29.8,1
M2745,L003,102,SAIDA_CONSUMO,30.17,,2,2026-03-13 21:30:00,Sexta,0,Ensolarado,29.8,1
M2746,L004,103,SAIDA_CONSUMO,22.51,,2,2026-03-13 21:30:00,Sexta,0,Ensolarado,29.8,1
M2747,L006,104,SAIDA_CONSUMO,12.37,,2,2026-03-13 21:30:00,Sexta,0,Ensolarado,29.8,1
M2748,L007,105,SAIDA_CONSUMO,23.8,,2,2026-03-13 21:30:00,Sexta,0,Ensolarado,29.8,1
M2749,L009,106,SAIDA_CONSUMO,21.15,,2,2026-03-13 21:30:00,Sexta,0,Ensolarado,29.8,1
M2750,L010,107,SAIDA_CONSUMO,14.09,,2,2026-03-13 21:30:00,Sexta,0,Ensolarado,29.8,1
M2751,L012,108,SAIDA_CONSUMO,9.95,,2,2026-03-13 21:30:00,Sexta,0,Ensolarado,29.8,1
M2752,L013,109,SAIDA_CONSUMO,113.76,,2,2026-03-13 21:30:00,Sexta,0,Ensolarado,29.8,1
M2753,L015,110,SAIDA_CONSUMO,3.67,,2,2026-03-13 21:30:00,Sexta,0,Ensolarado,29.8,1
M2754,L001,101,SAIDA_CONSUMO,36.35,,2,2026-03-14 21:30:00,Sábado,0,Ensolarado,32.3,0
M2755,L003,102,SAIDA_CONSUMO,26.18,,2,2026-03-14 21:30:00,Sábado,0,Ensolarado,32.3,0
M2756,L004,103,SAIDA_CONSUMO,18.0,,2,2026-03-14 21:30:00,Sábado,0,Ensolarado,32.3,0
M2757,L006,104,SAIDA_CONSUMO,9.64,,2,2026-03-14 21:30:00,Sábado,0,Ensolarado,32.3,0
M2758,L007,105,SAIDA_CONSUMO,18.98,,2,2026-03-14 21:30:00,Sábado,0,Ensolarado,32.3,0
M2759,L007,105,DESPERDICIO,1.0,Validade / Avaria,2,2026-03-14 22:00:00,Sábado,0,Ensolarado,32.3,0
M2760,L009,106,SAIDA_CONSUMO,17.48,,2,2026-03-14 21:30:00,Sábado,0,Ensolarado,32.3,0
M2761,L010,107,SAIDA_CONSUMO,11.68,,2,2026-03-14 21:30:00,Sábado,0,Ensolarado,32.3,0
M2762,L012,108,SAIDA_CONSUMO,8.07,,2,2026-03-14 21:30:00,Sábado,0,Ensolarado,32.3,0
M2763,L013,109,SAIDA_CONSUMO,95.55,,2,2026-03-14 21:30:00,Sábado,0,Ensolarado,32.3,0
M2764,L015,110,SAIDA_CONSUMO,3.02,,2,2026-03-14 21:30:00,Sábado,0,Ensolarado,32.3,0
M2765,L001,101,SAIDA_CONSUMO,30.63,,2,2026-03-15 21:30:00,Domingo,0,Chuvoso,29.6,0
M2766,L003,102,SAIDA_CONSUMO,19.97,,2,2026-03-15 21:30:00,Domingo,0,Chuvoso,29.6,0
M2767,L004,103,SAIDA_CONSUMO,18.46,,2,2026-03-15 21:30:00,Domingo,0,Chuvoso,29.6,0
M2768,L006,104,SAIDA_CONSUMO,9.64,,2,2026-03-15 21:30:00,Domingo,0,Chuvoso,29.6,0
M2769,L007,105,SAIDA_CONSUMO,20.37,,2,2026-03-15 21:30:00,Domingo,0,Chuvoso,29.6,0
M2770,L009,106,SAIDA_CONSUMO,18.33,,2,2026-03-15 21:30:00,Domingo,0,Chuvoso,29.6,0
M2771,L010,107,SAIDA_CONSUMO,12.66,,2,2026-03-15 21:30:00,Domingo,0,Chuvoso,29.6,0
M2772,L012,108,SAIDA_CONSUMO,7.77,,2,2026-03-15 21:30:00,Domingo,0,Chuvoso,29.6,0
M2773,L013,109,SAIDA_CONSUMO,49.93,,2,2026-03-15 21:30:00,Domingo,0,Chuvoso,29.6,0
M2774,L015,110,SAIDA_CONSUMO,3.02,,2,2026-03-15 21:30:00,Domingo,0,Chuvoso,29.6,0
M2775,L001,101,SAIDA_CONSUMO,16.48,,2,2026-03-16 21:30:00,Segunda,0,Ensolarado,24.0,0
M2776,L003,102,SAIDA_CONSUMO,16.75,,2,2026-03-16 21:30:00,Segunda,0,Ensolarado,24.0,0
M2777,L004,103,SAIDA_CONSUMO,6.15,,2,2026-03-16 21:30:00,Segunda,0,Ensolarado,24.0,0
M2778,L006,104,SAIDA_CONSUMO,4.3,,2,2026-03-16 21:30:00,Segunda,0,Ensolarado,24.0,0
M2779,L007,105,SAIDA_CONSUMO,13.36,,2,2026-03-16 21:30:00,Segunda,0,Ensolarado,24.0,0
M2780,L009,106,SAIDA_CONSUMO,7.84,,2,2026-03-16 21:30:00,Segunda,0,Ensolarado,24.0,0
M2781,L010,107,SAIDA_CONSUMO,10.1,,2,2026-03-16 21:30:00,Segunda,0,Ensolarado,24.0,0
M2782,L012,108,SAIDA_CONSUMO,13.93,,2,2026-03-16 21:30:00,Segunda,0,Ensolarado,24.0,0
M2783,L013,109,SAIDA_CONSUMO,12.26,,2,2026-03-16 21:30:00,Segunda,0,Ensolarado,24.0,0
M2784,L015,110,SAIDA_CONSUMO,1.31,,2,2026-03-16 21:30:00,Segunda,0,Ensolarado,24.0,0
M2785,L001,101,SAIDA_CONSUMO,12.24,,2,2026-03-17 21:30:00,Terça,0,Chuvoso,28.3,0
M2786,L003,102,SAIDA_CONSUMO,14.94,,2,2026-03-17 21:30:00,Terça,0,Chuvoso,28.3,0
M2787,L004,103,SAIDA_CONSUMO,5.83,,2,2026-03-17 21:30:00,Terça,0,Chuvoso,28.3,0
M2788,L006,104,SAIDA_CONSUMO,3.97,,2,2026-03-17 21:30:00,Terça,0,Chuvoso,28.3,0
M2789,L007,105,SAIDA_CONSUMO,14.22,,2,2026-03-17 21:30:00,Terça,0,Chuvoso,28.3,0
M2790,L009,106,SAIDA_CONSUMO,9.79,,2,2026-03-17 21:30:00,Terça,0,Chuvoso,28.3,0
M2791,L009,106,DESPERDICIO,1.27,Sobras de Prato,2,2026-03-17 22:00:00,Terça,0,Chuvoso,28.3,0
M2792,L010,107,SAIDA_CONSUMO,9.68,,2,2026-03-17 21:30:00,Terça,0,Chuvoso,28.3,0
M2793,L012,108,SAIDA_CONSUMO,13.43,,2,2026-03-17 21:30:00,Terça,0,Chuvoso,28.3,0
M2794,L013,109,SAIDA_CONSUMO,7.24,,2,2026-03-17 21:30:00,Terça,0,Chuvoso,28.3,0
M2795,L013,109,DESPERDICIO,0.52,Quebra de Embalagem,2,2026-03-17 22:00:00,Terça,0,Chuvoso,28.3,0
M2796,L015,110,SAIDA_CONSUMO,1.39,,2,2026-03-17 21:30:00,Terça,0,Chuvoso,28.3,0
M2797,L001,101,SAIDA_CONSUMO,13.58,,2,2026-03-18 21:30:00,Quarta,0,Chuvoso,24.9,0
M2798,L003,102,SAIDA_CONSUMO,17.04,,2,2026-03-18 21:30:00,Quarta,0,Chuvoso,24.9,0
M2799,L004,103,SAIDA_CONSUMO,6.42,,2,2026-03-18 21:30:00,Quarta,0,Chuvoso,24.9,0
M2800,L006,104,SAIDA_CONSUMO,4.11,,2,2026-03-18 21:30:00,Quarta,0,Chuvoso,24.9,0
M2801,L007,105,SAIDA_CONSUMO,11.64,,2,2026-03-18 21:30:00,Quarta,0,Chuvoso,24.9,0
M2802,L009,106,SAIDA_CONSUMO,8.09,,2,2026-03-18 21:30:00,Quarta,0,Chuvoso,24.9,0
M2803,L010,107,SAIDA_CONSUMO,9.74,,2,2026-03-18 21:30:00,Quarta,0,Chuvoso,24.9,0
M2804,L012,108,SAIDA_CONSUMO,13.62,,2,2026-03-18 21:30:00,Quarta,0,Chuvoso,24.9,0
M2805,L013,109,SAIDA_CONSUMO,6.17,,2,2026-03-18 21:30:00,Quarta,0,Chuvoso,24.9,0
M2806,L015,110,SAIDA_CONSUMO,1.31,,2,2026-03-18 21:30:00,Quarta,0,Chuvoso,24.9,0
M2807,L001,101,SAIDA_CONSUMO,14.45,,2,2026-03-19 21:30:00,Quinta,0,Nublado,23.9,0
M2808,L003,102,SAIDA_CONSUMO,18.01,,2,2026-03-19 21:30:00,Quinta,0,Nublado,23.9,0
M2809,L004,103,SAIDA_CONSUMO,6.3,,2,2026-03-19 21:30:00,Quinta,0,Nublado,23.9,0
M2810,L006,104,SAIDA_CONSUMO,4.04,,2,2026-03-19 21:30:00,Quinta,0,Nublado,23.9,0
M2811,L007,105,SAIDA_CONSUMO,13.26,,2,2026-03-19 21:30:00,Quinta,0,Nublado,23.9,0
M2812,L007,105,DESPERDICIO,1.43,Erro de Preparo,2,2026-03-19 22:00:00,Quinta,0,Nublado,23.9,0
M2813,L009,106,SAIDA_CONSUMO,8.24,,2,2026-03-19 21:30:00,Quinta,0,Nublado,23.9,0
M2814,L010,107,SAIDA_CONSUMO,10.36,,2,2026-03-19 21:30:00,Quinta,0,Nublado,23.9,0
M2815,L012,108,SAIDA_CONSUMO,13.94,,2,2026-03-19 21:30:00,Quinta,0,Nublado,23.9,0
M2816,L013,109,SAIDA_CONSUMO,12.47,,2,2026-03-19 21:30:00,Quinta,0,Nublado,23.9,0
M2817,L015,110,SAIDA_CONSUMO,1.58,,2,2026-03-19 21:30:00,Quinta,0,Nublado,23.9,0
M2818,L001,101,SAIDA_CONSUMO,35.94,,2,2026-03-20 21:30:00,Sexta,0,Chuvoso,31.5,0
M2819,L003,102,SAIDA_CONSUMO,19.74,,2,2026-03-20 21:30:00,Sexta,0,Chuvoso,31.5,0
M2820,L004,103,SAIDA_CONSUMO,19.03,,2,2026-03-20 21:30:00,Sexta,0,Chuvoso,31.5,0
M2821,L006,104,SAIDA_CONSUMO,9.64,,2,2026-03-20 21:30:00,Sexta,0,Chuvoso,31.5,0
M2822,L007,105,SAIDA_CONSUMO,18.49,,2,2026-03-20 21:30:00,Sexta,0,Chuvoso,31.5,0
M2823,L009,106,SAIDA_CONSUMO,17.54,,2,2026-03-20 21:30:00,Sexta,0,Chuvoso,31.5,0
M2824,L009,106,DESPERDICIO,1.46,Erro de Preparo,2,2026-03-20 22:00:00,Sexta,0,Chuvoso,31.5,0
M2825,L010,107,SAIDA_CONSUMO,11.45,,2,2026-03-20 21:30:00,Sexta,0,Chuvoso,31.5,0
M2826,L012,108,SAIDA_CONSUMO,8.45,,2,2026-03-20 21:30:00,Sexta,0,Chuvoso,31.5,0
M2827,L013,109,SAIDA_CONSUMO,49.14,,2,2026-03-20 21:30:00,Sexta,0,Chuvoso,31.5,0
M2828,L015,110,SAIDA_CONSUMO,3.16,,2,2026-03-20 21:30:00,Sexta,0,Chuvoso,31.5,0
M2829,L001,101,SAIDA_CONSUMO,42.36,,2,2026-03-21 21:30:00,Sábado,0,Frio,22.9,0
M2830,L003,102,SAIDA_CONSUMO,24.22,,2,2026-03-21 21:30:00,Sábado,0,Frio,22.9,0
M2831,L004,103,SAIDA_CONSUMO,18.04,,2,2026-03-21 21:30:00,Sábado,0,Frio,22.9,0
M2832,L006,104,SAIDA_CONSUMO,10.03,,2,2026-03-21 21:30:00,Sábado,0,Frio,22.9,0
M2833,L007,105,SAIDA_CONSUMO,9.99,,2,2026-03-21 21:30:00,Sábado,0,Frio,22.9,0
M2834,L009,106,SAIDA_CONSUMO,9.06,,2,2026-03-21 21:30:00,Sábado,0,Frio,22.9,0
M2835,L010,107,SAIDA_CONSUMO,12.73,,2,2026-03-21 21:30:00,Sábado,0,Frio,22.9,0
M2836,L012,108,SAIDA_CONSUMO,7.65,,2,2026-03-21 21:30:00,Sábado,0,Frio,22.9,0
M2837,L013,109,SAIDA_CONSUMO,33.91,,2,2026-03-21 21:30:00,Sábado,0,Frio,22.9,0
M2838,L015,110,SAIDA_CONSUMO,3.07,,2,2026-03-21 21:30:00,Sábado,0,Frio,22.9,0
M2839,L001,101,SAIDA_CONSUMO,36.56,,2,2026-03-22 21:30:00,Domingo,0,Chuvoso,23.8,0
M2840,L003,102,SAIDA_CONSUMO,18.48,,2,2026-03-22 21:30:00,Domingo,0,Chuvoso,23.8,0
M2841,L004,103,SAIDA_CONSUMO,17.13,,2,2026-03-22 21:30:00,Domingo,0,Chuvoso,23.8,0
M2842,L006,104,SAIDA_CONSUMO,10.81,,2,2026-03-22 21:30:00,Domingo,0,Chuvoso,23.8,0
M2843,L007,105,SAIDA_CONSUMO,14.56,,2,2026-03-22 21:30:00,Domingo,0,Chuvoso,23.8,0
M2844,L009,106,SAIDA_CONSUMO,13.18,,2,2026-03-22 21:30:00,Domingo,0,Chuvoso,23.8,0
M2845,L010,107,SAIDA_CONSUMO,10.9,,2,2026-03-22 21:30:00,Domingo,0,Chuvoso,23.8,0
M2846,L012,108,SAIDA_CONSUMO,7.58,,2,2026-03-22 21:30:00,Domingo,0,Chuvoso,23.8,0
M2847,L013,109,SAIDA_CONSUMO,32.16,,2,2026-03-22 21:30:00,Domingo,0,Chuvoso,23.8,0
M2848,L015,110,SAIDA_CONSUMO,2.81,,2,2026-03-22 21:30:00,Domingo,0,Chuvoso,23.8,0
M2849,L001,101,SAIDA_CONSUMO,14.96,,2,2026-03-23 21:30:00,Segunda,0,Ensolarado,31.6,0
M2850,L003,102,SAIDA_CONSUMO,17.86,,2,2026-03-23 21:30:00,Segunda,0,Ensolarado,31.6,0
M2851,L004,103,SAIDA_CONSUMO,6.26,,2,2026-03-23 21:30:00,Segunda,0,Ensolarado,31.6,0
M2852,L006,104,SAIDA_CONSUMO,3.78,,2,2026-03-23 21:30:00,Segunda,0,Ensolarado,31.6,0
M2853,L007,105,SAIDA_CONSUMO,15.41,,2,2026-03-23 21:30:00,Segunda,0,Ensolarado,31.6,0
M2854,L009,106,SAIDA_CONSUMO,10.59,,2,2026-03-23 21:30:00,Segunda,0,Ensolarado,31.6,0
M2855,L010,107,SAIDA_CONSUMO,9.73,,2,2026-03-23 21:30:00,Segunda,0,Ensolarado,31.6,0
M2856,L012,108,SAIDA_CONSUMO,12.9,,2,2026-03-23 21:30:00,Segunda,0,Ensolarado,31.6,0
M2857,L013,109,SAIDA_CONSUMO,16.3,,2,2026-03-23 21:30:00,Segunda,0,Ensolarado,31.6,0
M2858,L015,110,SAIDA_CONSUMO,1.5,,2,2026-03-23 21:30:00,Segunda,0,Ensolarado,31.6,0
M2859,L015,110,DESPERDICIO,0.96,Sobras de Prato,2,2026-03-23 22:00:00,Segunda,0,Ensolarado,31.6,0
M2860,L001,101,SAIDA_CONSUMO,14.33,,2,2026-03-24 21:30:00,Terça,0,Ensolarado,29.5,0
M2861,L003,102,SAIDA_CONSUMO,19.24,,2,2026-03-24 21:30:00,Terça,0,Ensolarado,29.5,0
M2862,L004,103,SAIDA_CONSUMO,5.6,,2,2026-03-24 21:30:00,Terça,0,Ensolarado,29.5,0
M2863,L006,104,SAIDA_CONSUMO,4.17,,2,2026-03-24 21:30:00,Terça,0,Ensolarado,29.5,0
M2864,L007,105,SAIDA_CONSUMO,13.98,,2,2026-03-24 21:30:00,Terça,0,Ensolarado,29.5,0
M2865,L009,106,SAIDA_CONSUMO,10.33,,2,2026-03-24 21:30:00,Terça,0,Ensolarado,29.5,0
M2866,L010,107,SAIDA_CONSUMO,9.23,,2,2026-03-24 21:30:00,Terça,0,Ensolarado,29.5,0
M2867,L012,108,SAIDA_CONSUMO,14.59,,2,2026-03-24 21:30:00,Terça,0,Ensolarado,29.5,0
M2868,L013,109,SAIDA_CONSUMO,17.17,,2,2026-03-24 21:30:00,Terça,0,Ensolarado,29.5,0
M2869,L015,110,SAIDA_CONSUMO,1.47,,2,2026-03-24 21:30:00,Terça,0,Ensolarado,29.5,0
M2870,L001,101,SAIDA_CONSUMO,18.98,,2,2026-03-25 21:30:00,Quarta,1,Ensolarado,29.7,0
M2871,L003,102,SAIDA_CONSUMO,23.53,,2,2026-03-25 21:30:00,Quarta,1,Ensolarado,29.7,0
M2872,L004,103,SAIDA_CONSUMO,8.07,,2,2026-03-25 21:30:00,Quarta,1,Ensolarado,29.7,0
M2873,L006,104,SAIDA_CONSUMO,5.35,,2,2026-03-25 21:30:00,Quarta,1,Ensolarado,29.7,0
M2874,L007,105,SAIDA_CONSUMO,18.55,,2,2026-03-25 21:30:00,Quarta,1,Ensolarado,29.7,0
M2875,L009,106,SAIDA_CONSUMO,13.59,,2,2026-03-25 21:30:00,Quarta,1,Ensolarado,29.7,0
M2876,L010,107,SAIDA_CONSUMO,12.49,,2,2026-03-25 21:30:00,Quarta,1,Ensolarado,29.7,0
M2877,L012,108,SAIDA_CONSUMO,17.56,,2,2026-03-25 21:30:00,Quarta,1,Ensolarado,29.7,0
M2878,L013,109,SAIDA_CONSUMO,23.21,,2,2026-03-25 21:30:00,Quarta,1,Ensolarado,29.7,0
M2879,L015,110,SAIDA_CONSUMO,2.04,,2,2026-03-25 21:30:00,Quarta,1,Ensolarado,29.7,0
M2880,L001,101,SAIDA_CONSUMO,14.37,,2,2026-03-26 21:30:00,Quinta,0,Nublado,22.2,0
M2881,L003,102,SAIDA_CONSUMO,18.61,,2,2026-03-26 21:30:00,Quinta,0,Nublado,22.2,0
M2882,L004,103,SAIDA_CONSUMO,5.88,,2,2026-03-26 21:30:00,Quinta,0,Nublado,22.2,0
M2883,L006,104,SAIDA_CONSUMO,3.97,,2,2026-03-26 21:30:00,Quinta,0,Nublado,22.2,0
M2884,L006,104,DESPERDICIO,1.37,Erro de Preparo,2,2026-03-26 22:00:00,Quinta,0,Nublado,22.2,0
M2885,L007,105,SAIDA_CONSUMO,12.0,,2,2026-03-26 21:30:00,Quinta,0,Nublado,22.2,0
M2886,L009,106,SAIDA_CONSUMO,8.46,,2,2026-03-26 21:30:00,Quinta,0,Nublado,22.2,0
M2887,L010,107,SAIDA_CONSUMO,10.4,,2,2026-03-26 21:30:00,Quinta,0,Nublado,22.2,0
M2888,L012,108,SAIDA_CONSUMO,14.55,,2,2026-03-26 21:30:00,Quinta,0,Nublado,22.2,0
M2889,L013,109,SAIDA_CONSUMO,12.34,,2,2026-03-26 21:30:00,Quinta,0,Nublado,22.2,0
M2890,L015,110,SAIDA_CONSUMO,1.51,,2,2026-03-26 21:30:00,Quinta,0,Nublado,22.2,0
M2891,L001,101,SAIDA_CONSUMO,38.83,,2,2026-03-27 21:30:00,Sexta,0,Chuvoso,31.0,1
M2892,L003,102,SAIDA_CONSUMO,25.14,,2,2026-03-27 21:30:00,Sexta,0,Chuvoso,31.0,1
M2893,L004,103,SAIDA_CONSUMO,20.36,,2,2026-03-27 21:30:00,Sexta,0,Chuvoso,31.0,1
M2894,L006,104,SAIDA_CONSUMO,12.18,,2,2026-03-27 21:30:00,Sexta,0,Chuvoso,31.0,1
M2895,L007,105,SAIDA_CONSUMO,23.92,,2,2026-03-27 21:30:00,Sexta,0,Chuvoso,31.0,1
M2896,L009,106,SAIDA_CONSUMO,20.34,,2,2026-03-27 21:30:00,Sexta,0,Chuvoso,31.0,1
M2897,L010,107,SAIDA_CONSUMO,13.47,,2,2026-03-27 21:30:00,Sexta,0,Chuvoso,31.0,1
M2898,L012,108,SAIDA_CONSUMO,9.35,,2,2026-03-27 21:30:00,Sexta,0,Chuvoso,31.0,1
M2899,L013,109,SAIDA_CONSUMO,55.78,,2,2026-03-27 21:30:00,Sexta,0,Chuvoso,31.0,1
M2900,L015,110,SAIDA_CONSUMO,3.71,,2,2026-03-27 21:30:00,Sexta,0,Chuvoso,31.0,1
M2901,L001,101,SAIDA_CONSUMO,44.98,,2,2026-03-28 21:30:00,Sábado,0,Nublado,24.4,1
M2902,L003,102,SAIDA_CONSUMO,28.55,,2,2026-03-28 21:30:00,Sábado,0,Nublado,24.4,1
M2903,L004,103,SAIDA_CONSUMO,21.34,,2,2026-03-28 21:30:00,Sábado,0,Nublado,24.4,1
M2904,L006,104,SAIDA_CONSUMO,11.77,,2,2026-03-28 21:30:00,Sábado,0,Nublado,24.4,1
M2905,L007,105,SAIDA_CONSUMO,17.72,,2,2026-03-28 21:30:00,Sábado,0,Nublado,24.4,1
M2906,L009,106,SAIDA_CONSUMO,17.3,,2,2026-03-28 21:30:00,Sábado,0,Nublado,24.4,1
M2907,L010,107,SAIDA_CONSUMO,14.06,,2,2026-03-28 21:30:00,Sábado,0,Nublado,24.4,1
M2908,L012,108,SAIDA_CONSUMO,9.77,,2,2026-03-28 21:30:00,Sábado,0,Nublado,24.4,1
M2909,L013,109,SAIDA_CONSUMO,74.31,,2,2026-03-28 21:30:00,Sábado,0,Nublado,24.4,1
M2910,L015,110,SAIDA_CONSUMO,3.78,,2,2026-03-28 21:30:00,Sábado,0,Nublado,24.4,1
M2911,L001,101,SAIDA_CONSUMO,41.98,,2,2026-03-29 21:30:00,Domingo,0,Ensolarado,23.6,0
M2912,L003,102,SAIDA_CONSUMO,24.23,,2,2026-03-29 21:30:00,Domingo,0,Ensolarado,23.6,0
M2913,L004,103,SAIDA_CONSUMO,17.88,,2,2026-03-29 21:30:00,Domingo,0,Ensolarado,23.6,0
M2914,L006,104,SAIDA_CONSUMO,10.17,,2,2026-03-29 21:30:00,Domingo,0,Ensolarado,23.6,0
M2915,L007,105,SAIDA_CONSUMO,15.61,,2,2026-03-29 21:30:00,Domingo,0,Ensolarado,23.6,0
M2916,L009,106,SAIDA_CONSUMO,13.7,,2,2026-03-29 21:30:00,Domingo,0,Ensolarado,23.6,0
M2917,L010,107,SAIDA_CONSUMO,12.51,,2,2026-03-29 21:30:00,Domingo,0,Ensolarado,23.6,0
M2918,L012,108,SAIDA_CONSUMO,8.46,,2,2026-03-29 21:30:00,Domingo,0,Ensolarado,23.6,0
M2919,L013,109,SAIDA_CONSUMO,64.34,,2,2026-03-29 21:30:00,Domingo,0,Ensolarado,23.6,0
M2920,L015,110,SAIDA_CONSUMO,3.27,,2,2026-03-29 21:30:00,Domingo,0,Ensolarado,23.6,0
M2921,L001,101,SAIDA_CONSUMO,13.99,,2,2026-03-30 21:30:00,Segunda,0,Ensolarado,32.9,0
M2922,L003,102,SAIDA_CONSUMO,18.19,,2,2026-03-30 21:30:00,Segunda,0,Ensolarado,32.9,0
M2923,L004,103,SAIDA_CONSUMO,5.74,,2,2026-03-30 21:30:00,Segunda,0,Ensolarado,32.9,0
M2924,L006,104,SAIDA_CONSUMO,4.46,,2,2026-03-30 21:30:00,Segunda,0,Ensolarado,32.9,0
M2925,L007,105,SAIDA_CONSUMO,14.64,,2,2026-03-30 21:30:00,Segunda,0,Ensolarado,32.9,0
M2926,L009,106,SAIDA_CONSUMO,10.13,,2,2026-03-30 21:30:00,Segunda,0,Ensolarado,32.9,0
M2927,L010,107,SAIDA_CONSUMO,9.51,,2,2026-03-30 21:30:00,Segunda,0,Ensolarado,32.9,0
M2928,L012,108,SAIDA_CONSUMO,14.98,,2,2026-03-30 21:30:00,Segunda,0,Ensolarado,32.9,0
M2929,L013,109,SAIDA_CONSUMO,17.27,,2,2026-03-30 21:30:00,Segunda,0,Ensolarado,32.9,0
M2930,L015,110,SAIDA_CONSUMO,1.43,,2,2026-03-30 21:30:00,Segunda,0,Ensolarado,32.9,0
M2931,L015,110,DESPERDICIO,1.45,Quebra de Embalagem,2,2026-03-30 22:00:00,Segunda,0,Ensolarado,32.9,0
M2932,L001,101,SAIDA_CONSUMO,15.72,,2,2026-03-31 21:30:00,Terça,0,Nublado,25.0,0
M2933,L003,102,SAIDA_CONSUMO,19.31,,2,2026-03-31 21:30:00,Terça,0,Nublado,25.0,0
M2934,L004,103,SAIDA_CONSUMO,6.02,,2,2026-03-31 21:30:00,Terça,0,Nublado,25.0,0
M2935,L006,104,SAIDA_CONSUMO,4.07,,2,2026-03-31 21:30:00,Terça,0,Nublado,25.0,0
M2936,L007,105,SAIDA_CONSUMO,12.11,,2,2026-03-31 21:30:00,Terça,0,Nublado,25.0,0
M2937,L009,106,SAIDA_CONSUMO,7.33,,2,2026-03-31 21:30:00,Terça,0,Nublado,25.0,0
M2938,L010,107,SAIDA_CONSUMO,9.74,,2,2026-03-31 21:30:00,Terça,0,Nublado,25.0,0
M2939,L012,108,SAIDA_CONSUMO,13.97,,2,2026-03-31 21:30:00,Terça,0,Nublado,25.0,0
M2940,L013,109,SAIDA_CONSUMO,11.91,,2,2026-03-31 21:30:00,Terça,0,Nublado,25.0,0
M2941,L015,110,SAIDA_CONSUMO,1.45,,2,2026-03-31 21:30:00,Terça,0,Nublado,25.0,0
M2942,L001,101,SAIDA_CONSUMO,21.58,,2,2026-04-01 21:30:00,Quarta,1,Nublado,28.9,0
M2943,L003,102,SAIDA_CONSUMO,27.3,,2,2026-04-01 21:30:00,Quarta,1,Nublado,28.9,0
M2944,L004,103,SAIDA_CONSUMO,9.49,,2,2026-04-01 21:30:00,Quarta,1,Nublado,28.9,0
M2945,L006,104,SAIDA_CONSUMO,6.42,,2,2026-04-01 21:30:00,Quarta,1,Nublado,28.9,0
M2946,L007,105,SAIDA_CONSUMO,24.13,,2,2026-04-01 21:30:00,Quarta,1,Nublado,28.9,0
M2947,L009,106,SAIDA_CONSUMO,15.92,,2,2026-04-01 21:30:00,Quarta,1,Nublado,28.9,0
M2948,L010,107,SAIDA_CONSUMO,16.16,,2,2026-04-01 21:30:00,Quarta,1,Nublado,28.9,0
M2949,L012,108,SAIDA_CONSUMO,20.48,,2,2026-04-01 21:30:00,Quarta,1,Nublado,28.9,0
M2950,L013,109,SAIDA_CONSUMO,27.22,,2,2026-04-01 21:30:00,Quarta,1,Nublado,28.9,0
M2951,L015,110,SAIDA_CONSUMO,2.27,,2,2026-04-01 21:30:00,Quarta,1,Nublado,28.9,0
M2952,L001,101,SAIDA_CONSUMO,18.45,,2,2026-04-02 21:30:00,Quinta,0,Nublado,31.8,0
M2953,L003,102,SAIDA_CONSUMO,21.93,,2,2026-04-02 21:30:00,Quinta,0,Nublado,31.8,0
M2954,L004,103,SAIDA_CONSUMO,6.89,,2,2026-04-02 21:30:00,Quinta,0,Nublado,31.8,0
M2955,L006,104,SAIDA_CONSUMO,5.02,,2,2026-04-02 21:30:00,Quinta,0,Nublado,31.8,0
M2956,L007,105,SAIDA_CONSUMO,18.52,,2,2026-04-02 21:30:00,Quinta,0,Nublado,31.8,0
M2957,L009,106,SAIDA_CONSUMO,12.4,,2,2026-04-02 21:30:00,Quinta,0,Nublado,31.8,0
M2958,L010,107,SAIDA_CONSUMO,12.38,,2,2026-04-02 21:30:00,Quinta,0,Nublado,31.8,0
M2959,L012,108,SAIDA_CONSUMO,16.23,,2,2026-04-02 21:30:00,Quinta,0,Nublado,31.8,0
M2960,L013,109,SAIDA_CONSUMO,20.82,,2,2026-04-02 21:30:00,Quinta,0,Nublado,31.8,0
M2961,L015,110,SAIDA_CONSUMO,1.74,,2,2026-04-02 21:30:00,Quinta,0,Nublado,31.8,0
M2962,L001,101,SAIDA_CONSUMO,57.41,,2,2026-04-03 21:30:00,Sexta,0,Nublado,33.4,1
M2963,L003,102,SAIDA_CONSUMO,36.04,,2,2026-04-03 21:30:00,Sexta,0,Nublado,33.4,1
M2964,L003,102,DESPERDICIO,1.25,Erro de Preparo,2,2026-04-03 22:00:00,Sexta,0,Nublado,33.4,1
M2965,L004,103,SAIDA_CONSUMO,26.14,,2,2026-04-03 21:30:00,Sexta,0,Nublado,33.4,1
M2966,L006,104,SAIDA_CONSUMO,13.59,,2,2026-04-03 21:30:00,Sexta,0,Nublado,33.4,1
M2967,L007,105,SAIDA_CONSUMO,27.22,,2,2026-04-03 21:30:00,Sexta,0,Nublado,33.4,1
M2968,L009,106,SAIDA_CONSUMO,24.81,,2,2026-04-03 21:30:00,Sexta,0,Nublado,33.4,1
M2969,L009,106,DESPERDICIO,0.72,Quebra de Embalagem,2,2026-04-03 22:00:00,Sexta,0,Nublado,33.4,1
M2970,L010,107,SAIDA_CONSUMO,17.35,,2,2026-04-03 21:30:00,Sexta,0,Nublado,33.4,1
M2971,L012,108,SAIDA_CONSUMO,11.07,,2,2026-04-03 21:30:00,Sexta,0,Nublado,33.4,1
M2972,L013,109,SAIDA_CONSUMO,132.8,,2,2026-04-03 21:30:00,Sexta,0,Nublado,33.4,1
M2973,L015,110,SAIDA_CONSUMO,4.02,,2,2026-04-03 21:30:00,Sexta,0,Nublado,33.4,1
M2974,L001,101,SAIDA_CONSUMO,51.5,,2,2026-04-04 21:30:00,Sábado,0,Chuvoso,29.0,1
M2975,L003,102,SAIDA_CONSUMO,29.38,,2,2026-04-04 21:30:00,Sábado,0,Chuvoso,29.0,1
M2976,L004,103,SAIDA_CONSUMO,26.74,,2,2026-04-04 21:30:00,Sábado,0,Chuvoso,29.0,1
M2977,L006,104,SAIDA_CONSUMO,14.63,,2,2026-04-04 21:30:00,Sábado,0,Chuvoso,29.0,1
M2978,L007,105,SAIDA_CONSUMO,26.28,,2,2026-04-04 21:30:00,Sábado,0,Chuvoso,29.0,1
M2979,L007,105,DESPERDICIO,1.19,Validade / Avaria,2,2026-04-04 22:00:00,Sábado,0,Chuvoso,29.0,1
M2980,L009,106,SAIDA_CONSUMO,24.36,,2,2026-04-04 21:30:00,Sábado,0,Chuvoso,29.0,1
M2981,L010,107,SAIDA_CONSUMO,16.8,,2,2026-04-04 21:30:00,Sábado,0,Chuvoso,29.0,1
M2982,L012,108,SAIDA_CONSUMO,11.55,,2,2026-04-04 21:30:00,Sábado,0,Chuvoso,29.0,1
M2983,L013,109,SAIDA_CONSUMO,67.2,,2,2026-04-04 21:30:00,Sábado,0,Chuvoso,29.0,1
M2984,L015,110,SAIDA_CONSUMO,4.35,,2,2026-04-04 21:30:00,Sábado,0,Chuvoso,29.0,1
M2985,L015,110,DESPERDICIO,0.87,Validade / Avaria,2,2026-04-04 22:00:00,Sábado,0,Chuvoso,29.0,1
M2986,L001,101,SAIDA_CONSUMO,48.11,,2,2026-04-05 21:30:00,Domingo,0,Nublado,28.5,0
M2987,L003,102,SAIDA_CONSUMO,30.3,,2,2026-04-05 21:30:00,Domingo,0,Nublado,28.5,0
M2988,L004,103,SAIDA_CONSUMO,23.52,,2,2026-04-05 21:30:00,Domingo,0,Nublado,28.5,0
M2989,L006,104,SAIDA_CONSUMO,11.37,,2,2026-04-05 21:30:00,Domingo,0,Nublado,28.5,0
M2990,L007,105,SAIDA_CONSUMO,23.44,,2,2026-04-05 21:30:00,Domingo,0,Nublado,28.5,0
M2991,L009,106,SAIDA_CONSUMO,20.86,,2,2026-04-05 21:30:00,Domingo,0,Nublado,28.5,0
M2992,L010,107,SAIDA_CONSUMO,13.92,,2,2026-04-05 21:30:00,Domingo,0,Nublado,28.5,0
M2993,L012,108,SAIDA_CONSUMO,9.74,,2,2026-04-05 21:30:00,Domingo,0,Nublado,28.5,0
M2994,L013,109,SAIDA_CONSUMO,111.08,,2,2026-04-05 21:30:00,Domingo,0,Nublado,28.5,0
M2995,L015,110,SAIDA_CONSUMO,3.52,,2,2026-04-05 21:30:00,Domingo,0,Nublado,28.5,0
M2996,L001,101,SAIDA_CONSUMO,18.68,,2,2026-04-06 21:30:00,Segunda,0,Ensolarado,34.6,0
M2997,L003,102,SAIDA_CONSUMO,22.55,,2,2026-04-06 21:30:00,Segunda,0,Ensolarado,34.6,0
M2998,L004,103,SAIDA_CONSUMO,7.21,,2,2026-04-06 21:30:00,Segunda,0,Ensolarado,34.6,0
M2999,L006,104,SAIDA_CONSUMO,5.18,,2,2026-04-06 21:30:00,Segunda,0,Ensolarado,34.6,0
M3000,L007,105,SAIDA_CONSUMO,17.74,,2,2026-04-06 21:30:00,Segunda,0,Ensolarado,34.6,0
M3001,L009,106,SAIDA_CONSUMO,12.93,,2,2026-04-06 21:30:00,Segunda,0,Ensolarado,34.6,0
M3002,L010,107,SAIDA_CONSUMO,12.72,,2,2026-04-06 21:30:00,Segunda,0,Ensolarado,34.6,0
M3003,L012,108,SAIDA_CONSUMO,17.77,,2,2026-04-06 21:30:00,Segunda,0,Ensolarado,34.6,0
M3004,L013,109,SAIDA_CONSUMO,21.31,,2,2026-04-06 21:30:00,Segunda,0,Ensolarado,34.6,0
M3005,L015,110,SAIDA_CONSUMO,1.84,,2,2026-04-06 21:30:00,Segunda,0,Ensolarado,34.6,0
M3006,L001,101,SAIDA_CONSUMO,18.4,,2,2026-04-07 21:30:00,Terça,0,Nublado,29.3,0
M3007,L003,102,SAIDA_CONSUMO,21.8,,2,2026-04-07 21:30:00,Terça,0,Nublado,29.3,0
M3008,L004,103,SAIDA_CONSUMO,7.35,,2,2026-04-07 21:30:00,Terça,0,Nublado,29.3,0
M3009,L006,104,SAIDA_CONSUMO,5.17,,2,2026-04-07 21:30:00,Terça,0,Nublado,29.3,0
M3010,L007,105,SAIDA_CONSUMO,18.04,,2,2026-04-07 21:30:00,Terça,0,Nublado,29.3,0
M3011,L009,106,SAIDA_CONSUMO,12.09,,2,2026-04-07 21:30:00,Terça,0,Nublado,29.3,0
M3012,L010,107,SAIDA_CONSUMO,12.38,,2,2026-04-07 21:30:00,Terça,0,Nublado,29.3,0
M3013,L012,108,SAIDA_CONSUMO,18.55,,2,2026-04-07 21:30:00,Terça,0,Nublado,29.3,0
M3014,L013,109,SAIDA_CONSUMO,20.8,,2,2026-04-07 21:30:00,Terça,0,Nublado,29.3,0
M3015,L015,110,SAIDA_CONSUMO,1.7,,2,2026-04-07 21:30:00,Terça,0,Nublado,29.3,0
M3016,L001,101,SAIDA_CONSUMO,17.71,,2,2026-04-08 21:30:00,Quarta,0,Ensolarado,27.4,0
M3017,L003,102,SAIDA_CONSUMO,20.42,,2,2026-04-08 21:30:00,Quarta,0,Ensolarado,27.4,0
M3018,L004,103,SAIDA_CONSUMO,7.34,,2,2026-04-08 21:30:00,Quarta,0,Ensolarado,27.4,0
M3019,L006,104,SAIDA_CONSUMO,4.94,,2,2026-04-08 21:30:00,Quarta,0,Ensolarado,27.4,0
M3020,L007,105,SAIDA_CONSUMO,14.53,,2,2026-04-08 21:30:00,Quarta,0,Ensolarado,27.4,0
M3021,L009,106,SAIDA_CONSUMO,9.04,,2,2026-04-08 21:30:00,Quarta,0,Ensolarado,27.4,0
M3022,L010,107,SAIDA_CONSUMO,12.28,,2,2026-04-08 21:30:00,Quarta,0,Ensolarado,27.4,0
M3023,L012,108,SAIDA_CONSUMO,16.5,,2,2026-04-08 21:30:00,Quarta,0,Ensolarado,27.4,0
M3024,L013,109,SAIDA_CONSUMO,14.08,,2,2026-04-08 21:30:00,Quarta,0,Ensolarado,27.4,0
M3025,L015,110,SAIDA_CONSUMO,1.88,,2,2026-04-08 21:30:00,Quarta,0,Ensolarado,27.4,0
M3026,L001,101,SAIDA_CONSUMO,17.75,,2,2026-04-09 21:30:00,Quinta,0,Ensolarado,31.3,0
M3027,L003,102,SAIDA_CONSUMO,20.2,,2,2026-04-09 21:30:00,Quinta,0,Ensolarado,31.3,0
M3028,L004,103,SAIDA_CONSUMO,7.31,,2,2026-04-09 21:30:00,Quinta,0,Ensolarado,31.3,0
M3029,L006,104,SAIDA_CONSUMO,4.92,,2,2026-04-09 21:30:00,Quinta,0,Ensolarado,31.3,0
M3030,L007,105,SAIDA_CONSUMO,18.13,,2,2026-04-09 21:30:00,Quinta,0,Ensolarado,31.3,0
M3031,L009,106,SAIDA_CONSUMO,11.94,,2,2026-04-09 21:30:00,Quinta,0,Ensolarado,31.3,0
M3032,L009,106,DESPERDICIO,0.85,Sobras de Prato,2,2026-04-09 22:00:00,Quinta,0,Ensolarado,31.3,0
M3033,L010,107,SAIDA_CONSUMO,12.48,,2,2026-04-09 21:30:00,Quinta,0,Ensolarado,31.3,0
M3034,L010,107,DESPERDICIO,0.53,Quebra de Embalagem,2,2026-04-09 22:00:00,Quinta,0,Ensolarado,31.3,0
M3035,L012,108,SAIDA_CONSUMO,16.97,,2,2026-04-09 21:30:00,Quinta,0,Ensolarado,31.3,0
M3036,L013,109,SAIDA_CONSUMO,22.05,,2,2026-04-09 21:30:00,Quinta,0,Ensolarado,31.3,0
M3037,L015,110,SAIDA_CONSUMO,1.79,,2,2026-04-09 21:30:00,Quinta,0,Ensolarado,31.3,0
M3038,L001,101,SAIDA_CONSUMO,53.98,,2,2026-04-10 21:30:00,Sexta,0,Nublado,24.5,1
M3039,L003,102,SAIDA_CONSUMO,36.6,,2,2026-04-10 21:30:00,Sexta,0,Nublado,24.5,1
M3040,L004,103,SAIDA_CONSUMO,26.7,,2,2026-04-10 21:30:00,Sexta,0,Nublado,24.5,1
M3041,L006,104,SAIDA_CONSUMO,14.73,,2,2026-04-10 21:30:00,Sexta,0,Nublado,24.5,1
M3042,L007,105,SAIDA_CONSUMO,21.94,,2,2026-04-10 21:30:00,Sexta,0,Nublado,24.5,1
M3043,L009,106,SAIDA_CONSUMO,21.08,,2,2026-04-10 21:30:00,Sexta,0,Nublado,24.5,1
M3044,L010,107,SAIDA_CONSUMO,17.06,,2,2026-04-10 21:30:00,Sexta,0,Nublado,24.5,1
M3045,L012,108,SAIDA_CONSUMO,11.5,,2,2026-04-10 21:30:00,Sexta,0,Nublado,24.5,1
M3046,L013,109,SAIDA_CONSUMO,90.25,,2,2026-04-10 21:30:00,Sexta,0,Nublado,24.5,1
M3047,L015,110,SAIDA_CONSUMO,4.68,,2,2026-04-10 21:30:00,Sexta,0,Nublado,24.5,1
M3048,L001,101,SAIDA_CONSUMO,33.2,,2,2026-04-11 21:30:00,Sábado,0,Chuvoso,24.8,0
M3049,L001,101,DESPERDICIO,0.69,Quebra de Embalagem,2,2026-04-11 22:00:00,Sábado,0,Chuvoso,24.8,0
M3050,L003,102,SAIDA_CONSUMO,24.41,,2,2026-04-11 21:30:00,Sábado,0,Chuvoso,24.8,0
M3051,L004,103,SAIDA_CONSUMO,17.2,,2,2026-04-11 21:30:00,Sábado,0,Chuvoso,24.8,0
M3052,L006,104,SAIDA_CONSUMO,8.71,,2,2026-04-11 21:30:00,Sábado,0,Chuvoso,24.8,0
M3053,L007,105,SAIDA_CONSUMO,14.24,,2,2026-04-11 21:30:00,Sábado,0,Chuvoso,24.8,0
M3054,L009,106,SAIDA_CONSUMO,14.59,,2,2026-04-11 21:30:00,Sábado,0,Chuvoso,24.8,0
M3055,L010,107,SAIDA_CONSUMO,12.45,,2,2026-04-11 21:30:00,Sábado,0,Chuvoso,24.8,0
M3056,L012,108,SAIDA_CONSUMO,7.53,,2,2026-04-11 21:30:00,Sábado,0,Chuvoso,24.8,0
M3057,L013,109,SAIDA_CONSUMO,34.04,,2,2026-04-11 21:30:00,Sábado,0,Chuvoso,24.8,0
M3058,L015,110,SAIDA_CONSUMO,2.89,,2,2026-04-11 21:30:00,Sábado,0,Chuvoso,24.8,0
M3059,L001,101,SAIDA_CONSUMO,40.48,,2,2026-04-12 21:30:00,Domingo,1,Chuvoso,34.7,0
M3060,L003,102,SAIDA_CONSUMO,28.71,,2,2026-04-12 21:30:00,Domingo,1,Chuvoso,34.7,0
M3061,L004,103,SAIDA_CONSUMO,24.31,,2,2026-04-12 21:30:00,Domingo,1,Chuvoso,34.7,0
M3062,L006,104,SAIDA_CONSUMO,12.73,,2,2026-04-12 21:30:00,Domingo,1,Chuvoso,34.7,0
M3063,L007,105,SAIDA_CONSUMO,25.25,,2,2026-04-12 21:30:00,Domingo,1,Chuvoso,34.7,0
M3064,L009,106,SAIDA_CONSUMO,22.69,,2,2026-04-12 21:30:00,Domingo,1,Chuvoso,34.7,0
M3065,L010,107,SAIDA_CONSUMO,15.66,,2,2026-04-12 21:30:00,Domingo,1,Chuvoso,34.7,0
M3066,L012,108,SAIDA_CONSUMO,10.34,,2,2026-04-12 21:30:00,Domingo,1,Chuvoso,34.7,0
M3067,L013,109,SAIDA_CONSUMO,57.34,,2,2026-04-12 21:30:00,Domingo,1,Chuvoso,34.7,0
M3068,L015,110,SAIDA_CONSUMO,3.86,,2,2026-04-12 21:30:00,Domingo,1,Chuvoso,34.7,0
M3069,L001,101,SAIDA_CONSUMO,13.22,,2,2026-04-13 21:30:00,Segunda,0,Chuvoso,24.6,0
M3070,L003,102,SAIDA_CONSUMO,13.61,,2,2026-04-13 21:30:00,Segunda,0,Chuvoso,24.6,0
M3071,L004,103,SAIDA_CONSUMO,6.18,,2,2026-04-13 21:30:00,Segunda,0,Chuvoso,24.6,0
M3072,L006,104,SAIDA_CONSUMO,3.98,,2,2026-04-13 21:30:00,Segunda,0,Chuvoso,24.6,0
M3073,L007,105,SAIDA_CONSUMO,10.99,,2,2026-04-13 21:30:00,Segunda,0,Chuvoso,24.6,0
M3074,L009,106,SAIDA_CONSUMO,8.08,,2,2026-04-13 21:30:00,Segunda,0,Chuvoso,24.6,0
M3075,L010,107,SAIDA_CONSUMO,9.82,,2,2026-04-13 21:30:00,Segunda,0,Chuvoso,24.6,0
M3076,L012,108,SAIDA_CONSUMO,13.51,,2,2026-04-13 21:30:00,Segunda,0,Chuvoso,24.6,0
M3077,L013,109,SAIDA_CONSUMO,5.31,,2,2026-04-13 21:30:00,Segunda,0,Chuvoso,24.6,0
M3078,L015,110,SAIDA_CONSUMO,1.53,,2,2026-04-13 21:30:00,Segunda,0,Chuvoso,24.6,0
M3079,L001,101,SAIDA_CONSUMO,15.06,,2,2026-04-14 21:30:00,Terça,0,Frio,31.5,0
M3080,L003,102,SAIDA_CONSUMO,18.11,,2,2026-04-14 21:30:00,Terça,0,Frio,31.5,0
M3081,L004,103,SAIDA_CONSUMO,6.33,,2,2026-04-14 21:30:00,Terça,0,Frio,31.5,0
M3082,L006,104,SAIDA_CONSUMO,4.3,,2,2026-04-14 21:30:00,Terça,0,Frio,31.5,0
M3083,L007,105,SAIDA_CONSUMO,8.52,,2,2026-04-14 21:30:00,Terça,0,Frio,31.5,0
M3084,L009,106,SAIDA_CONSUMO,6.64,,2,2026-04-14 21:30:00,Terça,0,Frio,31.5,0
M3085,L010,107,SAIDA_CONSUMO,9.74,,2,2026-04-14 21:30:00,Terça,0,Frio,31.5,0
M3086,L012,108,SAIDA_CONSUMO,14.35,,2,2026-04-14 21:30:00,Terça,0,Frio,31.5,0
M3087,L013,109,SAIDA_CONSUMO,8.24,,2,2026-04-14 21:30:00,Terça,0,Frio,31.5,0
M3088,L015,110,SAIDA_CONSUMO,1.64,,2,2026-04-14 21:30:00,Terça,0,Frio,31.5,0
M3089,L001,101,SAIDA_CONSUMO,15.0,,2,2026-04-15 21:30:00,Quarta,0,Ensolarado,34.1,0
M3090,L003,102,SAIDA_CONSUMO,18.74,,2,2026-04-15 21:30:00,Quarta,0,Ensolarado,34.1,0
M3091,L004,103,SAIDA_CONSUMO,5.99,,2,2026-04-15 21:30:00,Quarta,0,Ensolarado,34.1,0
M3092,L006,104,SAIDA_CONSUMO,3.89,,2,2026-04-15 21:30:00,Quarta,0,Ensolarado,34.1,0
M3093,L007,105,SAIDA_CONSUMO,15.02,,2,2026-04-15 21:30:00,Quarta,0,Ensolarado,34.1,0
M3094,L009,106,SAIDA_CONSUMO,9.89,,2,2026-04-15 21:30:00,Quarta,0,Ensolarado,34.1,0
M3095,L010,107,SAIDA_CONSUMO,11.2,,2,2026-04-15 21:30:00,Quarta,0,Ensolarado,34.1,0
M3096,L012,108,SAIDA_CONSUMO,14.26,,2,2026-04-15 21:30:00,Quarta,0,Ensolarado,34.1,0
M3097,L013,109,SAIDA_CONSUMO,16.94,,2,2026-04-15 21:30:00,Quarta,0,Ensolarado,34.1,0
M3098,L015,110,SAIDA_CONSUMO,1.49,,2,2026-04-15 21:30:00,Quarta,0,Ensolarado,34.1,0
M3099,L001,101,SAIDA_CONSUMO,16.18,,2,2026-04-16 21:30:00,Quinta,0,Ensolarado,24.5,0
M3100,L003,102,SAIDA_CONSUMO,18.03,,2,2026-04-16 21:30:00,Quinta,0,Ensolarado,24.5,0
M3101,L004,103,SAIDA_CONSUMO,6.35,,2,2026-04-16 21:30:00,Quinta,0,Ensolarado,24.5,0
M3102,L006,104,SAIDA_CONSUMO,3.96,,2,2026-04-16 21:30:00,Quinta,0,Ensolarado,24.5,0
M3103,L007,105,SAIDA_CONSUMO,11.96,,2,2026-04-16 21:30:00,Quinta,0,Ensolarado,24.5,0
M3104,L009,106,SAIDA_CONSUMO,7.78,,2,2026-04-16 21:30:00,Quinta,0,Ensolarado,24.5,0
M3105,L010,107,SAIDA_CONSUMO,9.38,,2,2026-04-16 21:30:00,Quinta,0,Ensolarado,24.5,0
M3106,L012,108,SAIDA_CONSUMO,13.21,,2,2026-04-16 21:30:00,Quinta,0,Ensolarado,24.5,0
M3107,L013,109,SAIDA_CONSUMO,12.13,,2,2026-04-16 21:30:00,Quinta,0,Ensolarado,24.5,0
M3108,L015,110,SAIDA_CONSUMO,1.48,,2,2026-04-16 21:30:00,Quinta,0,Ensolarado,24.5,0
M3109,L001,101,SAIDA_CONSUMO,49.72,,2,2026-04-17 21:30:00,Sexta,0,Nublado,29.8,1
M3110,L003,102,SAIDA_CONSUMO,28.23,,2,2026-04-17 21:30:00,Sexta,0,Nublado,29.8,1
M3111,L004,103,SAIDA_CONSUMO,20.87,,2,2026-04-17 21:30:00,Sexta,0,Nublado,29.8,1
M3112,L006,104,SAIDA_CONSUMO,12.48,,2,2026-04-17 21:30:00,Sexta,0,Nublado,29.8,1
M3113,L007,105,SAIDA_CONSUMO,22.48,,2,2026-04-17 21:30:00,Sexta,0,Nublado,29.8,1
M3114,L009,106,SAIDA_CONSUMO,20.52,,2,2026-04-17 21:30:00,Sexta,0,Nublado,29.8,1
M3115,L010,107,SAIDA_CONSUMO,13.43,,2,2026-04-17 21:30:00,Sexta,0,Nublado,29.8,1
M3116,L012,108,SAIDA_CONSUMO,9.72,,2,2026-04-17 21:30:00,Sexta,0,Nublado,29.8,1
M3117,L013,109,SAIDA_CONSUMO,115.38,,2,2026-04-17 21:30:00,Sexta,0,Nublado,29.8,1
M3118,L015,110,SAIDA_CONSUMO,4.02,,2,2026-04-17 21:30:00,Sexta,0,Nublado,29.8,1
M3119,L015,110,DESPERDICIO,1.45,Validade / Avaria,2,2026-04-17 22:00:00,Sexta,0,Nublado,29.8,1
M3120,L001,101,SAIDA_CONSUMO,42.13,,2,2026-04-18 21:30:00,Sábado,0,Nublado,31.0,0
M3121,L003,102,SAIDA_CONSUMO,24.6,,2,2026-04-18 21:30:00,Sábado,0,Nublado,31.0,0
M3122,L003,102,DESPERDICIO,1.17,Validade / Avaria,2,2026-04-18 22:00:00,Sábado,0,Nublado,31.0,0
M3123,L004,103,SAIDA_CONSUMO,18.87,,2,2026-04-18 21:30:00,Sábado,0,Nublado,31.0,0
M3124,L006,104,SAIDA_CONSUMO,9.88,,2,2026-04-18 21:30:00,Sábado,0,Nublado,31.0,0
M3125,L007,105,SAIDA_CONSUMO,18.04,,2,2026-04-18 21:30:00,Sábado,0,Nublado,31.0,0
M3126,L009,106,SAIDA_CONSUMO,17.72,,2,2026-04-18 21:30:00,Sábado,0,Nublado,31.0,0
M3127,L010,107,SAIDA_CONSUMO,12.11,,2,2026-04-18 21:30:00,Sábado,0,Nublado,31.0,0
M3128,L012,108,SAIDA_CONSUMO,8.12,,2,2026-04-18 21:30:00,Sábado,0,Nublado,31.0,0
M3129,L013,109,SAIDA_CONSUMO,96.11,,2,2026-04-18 21:30:00,Sábado,0,Nublado,31.0,0
M3130,L015,110,SAIDA_CONSUMO,2.89,,2,2026-04-18 21:30:00,Sábado,0,Nublado,31.0,0
M3131,L001,101,SAIDA_CONSUMO,33.27,,2,2026-04-19 21:30:00,Domingo,0,Chuvoso,22.5,0
M3132,L003,102,SAIDA_CONSUMO,18.74,,2,2026-04-19 21:30:00,Domingo,0,Chuvoso,22.5,0
M3133,L004,103,SAIDA_CONSUMO,17.65,,2,2026-04-19 21:30:00,Domingo,0,Chuvoso,22.5,0
M3134,L006,104,SAIDA_CONSUMO,9.85,,2,2026-04-19 21:30:00,Domingo,0,Chuvoso,22.5,0
M3135,L007,105,SAIDA_CONSUMO,16.26,,2,2026-04-19 21:30:00,Domingo,0,Chuvoso,22.5,0
M3136,L007,105,DESPERDICIO,0.24,Sobras de Prato,2,2026-04-19 22:00:00,Domingo,0,Chuvoso,22.5,0
M3137,L009,106,SAIDA_CONSUMO,12.66,,2,2026-04-19 21:30:00,Domingo,0,Chuvoso,22.5,0
M3138,L010,107,SAIDA_CONSUMO,10.47,,2,2026-04-19 21:30:00,Domingo,0,Chuvoso,22.5,0
M3139,L012,108,SAIDA_CONSUMO,8.06,,2,2026-04-19 21:30:00,Domingo,0,Chuvoso,22.5,0
M3140,L013,109,SAIDA_CONSUMO,31.75,,2,2026-04-19 21:30:00,Domingo,0,Chuvoso,22.5,0
M3141,L015,110,SAIDA_CONSUMO,2.8,,2,2026-04-19 21:30:00,Domingo,0,Chuvoso,22.5,0
M3142,L001,101,SAIDA_CONSUMO,14.06,,2,2026-04-20 21:30:00,Segunda,0,Ensolarado,27.6,0
M3143,L003,102,SAIDA_CONSUMO,18.51,,2,2026-04-20 21:30:00,Segunda,0,Ensolarado,27.6,0
M3144,L004,103,SAIDA_CONSUMO,5.77,,2,2026-04-20 21:30:00,Segunda,0,Ensolarado,27.6,0
M3145,L006,104,SAIDA_CONSUMO,3.79,,2,2026-04-20 21:30:00,Segunda,0,Ensolarado,27.6,0
M3146,L007,105,SAIDA_CONSUMO,11.4,,2,2026-04-20 21:30:00,Segunda,0,Ensolarado,27.6,0
M3147,L009,106,SAIDA_CONSUMO,7.32,,2,2026-04-20 21:30:00,Segunda,0,Ensolarado,27.6,0
M3148,L010,107,SAIDA_CONSUMO,10.49,,2,2026-04-20 21:30:00,Segunda,0,Ensolarado,27.6,0
M3149,L012,108,SAIDA_CONSUMO,14.28,,2,2026-04-20 21:30:00,Segunda,0,Ensolarado,27.6,0
M3150,L013,109,SAIDA_CONSUMO,11.23,,2,2026-04-20 21:30:00,Segunda,0,Ensolarado,27.6,0
M3151,L015,110,SAIDA_CONSUMO,1.57,,2,2026-04-20 21:30:00,Segunda,0,Ensolarado,27.6,0
M3152,L001,101,SAIDA_CONSUMO,15.32,,2,2026-04-21 21:30:00,Terça,0,Ensolarado,25.2,0
M3153,L003,102,SAIDA_CONSUMO,17.81,,2,2026-04-21 21:30:00,Terça,0,Ensolarado,25.2,0
M3154,L004,103,SAIDA_CONSUMO,6.44,,2,2026-04-21 21:30:00,Terça,0,Ensolarado,25.2,0
M3155,L006,104,SAIDA_CONSUMO,3.77,,2,2026-04-21 21:30:00,Terça,0,Ensolarado,25.2,0
M3156,L007,105,SAIDA_CONSUMO,12.13,,2,2026-04-21 21:30:00,Terça,0,Ensolarado,25.2,0
M3157,L009,106,SAIDA_CONSUMO,8.42,,2,2026-04-21 21:30:00,Terça,0,Ensolarado,25.2,0
M3158,L009,106,DESPERDICIO,0.64,Quebra de Embalagem,2,2026-04-21 22:00:00,Terça,0,Ensolarado,25.2,0
M3159,L010,107,SAIDA_CONSUMO,10.85,,2,2026-04-21 21:30:00,Terça,0,Ensolarado,25.2,0
M3160,L012,108,SAIDA_CONSUMO,13.52,,2,2026-04-21 21:30:00,Terça,0,Ensolarado,25.2,0
M3161,L013,109,SAIDA_CONSUMO,11.83,,2,2026-04-21 21:30:00,Terça,0,Ensolarado,25.2,0
M3162,L015,110,SAIDA_CONSUMO,1.51,,2,2026-04-21 21:30:00,Terça,0,Ensolarado,25.2,0
M3163,L001,101,SAIDA_CONSUMO,15.19,,2,2026-04-22 21:30:00,Quarta,0,Ensolarado,28.5,0
M3164,L003,102,SAIDA_CONSUMO,18.44,,2,2026-04-22 21:30:00,Quarta,0,Ensolarado,28.5,0
M3165,L004,103,SAIDA_CONSUMO,5.96,,2,2026-04-22 21:30:00,Quarta,0,Ensolarado,28.5,0
M3166,L006,104,SAIDA_CONSUMO,4.22,,2,2026-04-22 21:30:00,Quarta,0,Ensolarado,28.5,0
M3167,L007,105,SAIDA_CONSUMO,14.54,,2,2026-04-22 21:30:00,Quarta,0,Ensolarado,28.5,0
M3168,L009,106,SAIDA_CONSUMO,9.99,,2,2026-04-22 21:30:00,Quarta,0,Ensolarado,28.5,0
M3169,L010,107,SAIDA_CONSUMO,9.88,,2,2026-04-22 21:30:00,Quarta,0,Ensolarado,28.5,0
M3170,L012,108,SAIDA_CONSUMO,14.22,,2,2026-04-22 21:30:00,Quarta,0,Ensolarado,28.5,0
M3171,L013,109,SAIDA_CONSUMO,16.28,,2,2026-04-22 21:30:00,Quarta,0,Ensolarado,28.5,0
M3172,L015,110,SAIDA_CONSUMO,1.51,,2,2026-04-22 21:30:00,Quarta,0,Ensolarado,28.5,0
M3173,L001,101,SAIDA_CONSUMO,14.71,,2,2026-04-23 21:30:00,Quinta,0,Ensolarado,24.5,0
M3174,L003,102,SAIDA_CONSUMO,17.35,,2,2026-04-23 21:30:00,Quinta,0,Ensolarado,24.5,0
M3175,L004,103,SAIDA_CONSUMO,5.82,,2,2026-04-23 21:30:00,Quinta,0,Ensolarado,24.5,0
M3176,L006,104,SAIDA_CONSUMO,3.9,,2,2026-04-23 21:30:00,Quinta,0,Ensolarado,24.5,0
M3177,L007,105,SAIDA_CONSUMO,11.2,,2,2026-04-23 21:30:00,Quinta,0,Ensolarado,24.5,0
M3178,L009,106,SAIDA_CONSUMO,7.98,,2,2026-04-23 21:30:00,Quinta,0,Ensolarado,24.5,0
M3179,L010,107,SAIDA_CONSUMO,9.51,,2,2026-04-23 21:30:00,Quinta,0,Ensolarado,24.5,0
M3180,L012,108,SAIDA_CONSUMO,14.69,,2,2026-04-23 21:30:00,Quinta,0,Ensolarado,24.5,0
M3181,L012,108,DESPERDICIO,0.23,Validade / Avaria,2,2026-04-23 22:00:00,Quinta,0,Ensolarado,24.5,0
M3182,L013,109,SAIDA_CONSUMO,12.41,,2,2026-04-23 21:30:00,Quinta,0,Ensolarado,24.5,0
M3183,L015,110,SAIDA_CONSUMO,1.49,,2,2026-04-23 21:30:00,Quinta,0,Ensolarado,24.5,0
M3184,L001,101,SAIDA_CONSUMO,50.78,,2,2026-04-24 21:30:00,Sexta,0,Ensolarado,23.5,1
M3185,L003,102,SAIDA_CONSUMO,30.41,,2,2026-04-24 21:30:00,Sexta,0,Ensolarado,23.5,1
M3186,L004,103,SAIDA_CONSUMO,22.41,,2,2026-04-24 21:30:00,Sexta,0,Ensolarado,23.5,1
M3187,L006,104,SAIDA_CONSUMO,12.01,,2,2026-04-24 21:30:00,Sexta,0,Ensolarado,23.5,1
M3188,L007,105,SAIDA_CONSUMO,18.73,,2,2026-04-24 21:30:00,Sexta,0,Ensolarado,23.5,1
M3189,L009,106,SAIDA_CONSUMO,16.88,,2,2026-04-24 21:30:00,Sexta,0,Ensolarado,23.5,1
M3190,L010,107,SAIDA_CONSUMO,14.59,,2,2026-04-24 21:30:00,Sexta,0,Ensolarado,23.5,1
M3191,L012,108,SAIDA_CONSUMO,9.55,,2,2026-04-24 21:30:00,Sexta,0,Ensolarado,23.5,1
M3192,L013,109,SAIDA_CONSUMO,82.01,,2,2026-04-24 21:30:00,Sexta,0,Ensolarado,23.5,1
M3193,L015,110,SAIDA_CONSUMO,3.65,,2,2026-04-24 21:30:00,Sexta,0,Ensolarado,23.5,1
M3194,L001,101,SAIDA_CONSUMO,44.04,,2,2026-04-25 21:30:00,Sábado,1,Chuvoso,26.7,0
M3195,L003,102,SAIDA_CONSUMO,28.99,,2,2026-04-25 21:30:00,Sábado,1,Chuvoso,26.7,0
M3196,L004,103,SAIDA_CONSUMO,22.68,,2,2026-04-25 21:30:00,Sábado,1,Chuvoso,26.7,0
M3197,L006,104,SAIDA_CONSUMO,12.37,,2,2026-04-25 21:30:00,Sábado,1,Chuvoso,26.7,0
M3198,L007,105,SAIDA_CONSUMO,19.63,,2,2026-04-25 21:30:00,Sábado,1,Chuvoso,26.7,0
M3199,L009,106,SAIDA_CONSUMO,18.5,,2,2026-04-25 21:30:00,Sábado,1,Chuvoso,26.7,0
M3200,L010,107,SAIDA_CONSUMO,15.62,,2,2026-04-25 21:30:00,Sábado,1,Chuvoso,26.7,0
M3201,L012,108,SAIDA_CONSUMO,10.23,,2,2026-04-25 21:30:00,Sábado,1,Chuvoso,26.7,0
M3202,L013,109,SAIDA_CONSUMO,43.61,,2,2026-04-25 21:30:00,Sábado,1,Chuvoso,26.7,0
M3203,L015,110,SAIDA_CONSUMO,3.85,,2,2026-04-25 21:30:00,Sábado,1,Chuvoso,26.7,0
M3204,L001,101,SAIDA_CONSUMO,39.85,,2,2026-04-26 21:30:00,Domingo,0,Nublado,23.3,0
M3205,L003,102,SAIDA_CONSUMO,24.82,,2,2026-04-26 21:30:00,Domingo,0,Nublado,23.3,0
M3206,L004,103,SAIDA_CONSUMO,18.24,,2,2026-04-26 21:30:00,Domingo,0,Nublado,23.3,0
M3207,L006,104,SAIDA_CONSUMO,9.68,,2,2026-04-26 21:30:00,Domingo,0,Nublado,23.3,0
M3208,L007,105,SAIDA_CONSUMO,15.13,,2,2026-04-26 21:30:00,Domingo,0,Nublado,23.3,0
M3209,L009,106,SAIDA_CONSUMO,12.53,,2,2026-04-26 21:30:00,Domingo,0,Nublado,23.3,0
M3210,L010,107,SAIDA_CONSUMO,11.46,,2,2026-04-26 21:30:00,Domingo,0,Nublado,23.3,0
M3211,L012,108,SAIDA_CONSUMO,8.24,,2,2026-04-26 21:30:00,Domingo,0,Nublado,23.3,0
M3212,L013,109,SAIDA_CONSUMO,64.03,,2,2026-04-26 21:30:00,Domingo,0,Nublado,23.3,0
M3213,L015,110,SAIDA_CONSUMO,2.95,,2,2026-04-26 21:30:00,Domingo,0,Nublado,23.3,0
M3214,L001,101,SAIDA_CONSUMO,15.73,,2,2026-04-27 21:30:00,Segunda,0,Nublado,23.0,0
M3215,L003,102,SAIDA_CONSUMO,19.17,,2,2026-04-27 21:30:00,Segunda,0,Nublado,23.0,0
M3216,L004,103,SAIDA_CONSUMO,6.23,,2,2026-04-27 21:30:00,Segunda,0,Nublado,23.0,0
M3217,L006,104,SAIDA_CONSUMO,3.98,,2,2026-04-27 21:30:00,Segunda,0,Nublado,23.0,0
M3218,L007,105,SAIDA_CONSUMO,11.76,,2,2026-04-27 21:30:00,Segunda,0,Nublado,23.0,0
M3219,L009,106,SAIDA_CONSUMO,7.76,,2,2026-04-27 21:30:00,Segunda,0,Nublado,23.0,0
M3220,L010,107,SAIDA_CONSUMO,10.13,,2,2026-04-27 21:30:00,Segunda,0,Nublado,23.0,0
M3221,L012,108,SAIDA_CONSUMO,13.32,,2,2026-04-27 21:30:00,Segunda,0,Nublado,23.0,0
M3222,L013,109,SAIDA_CONSUMO,12.53,,2,2026-04-27 21:30:00,Segunda,0,Nublado,23.0,0
M3223,L015,110,SAIDA_CONSUMO,1.54,,2,2026-04-27 21:30:00,Segunda,0,Nublado,23.0,0
M3224,L001,101,SAIDA_CONSUMO,14.57,,2,2026-04-28 21:30:00,Terça,0,Ensolarado,24.2,0
M3225,L003,102,SAIDA_CONSUMO,17.68,,2,2026-04-28 21:30:00,Terça,0,Ensolarado,24.2,0
M3226,L004,103,SAIDA_CONSUMO,5.92,,2,2026-04-28 21:30:00,Terça,0,Ensolarado,24.2,0
M3227,L006,104,SAIDA_CONSUMO,4.05,,2,2026-04-28 21:30:00,Terça,0,Ensolarado,24.2,0
M3228,L006,104,DESPERDICIO,1.43,Sobras de Prato,2,2026-04-28 22:00:00,Terça,0,Ensolarado,24.2,0
M3229,L007,105,SAIDA_CONSUMO,11.64,,2,2026-04-28 21:30:00,Terça,0,Ensolarado,24.2,0
M3230,L009,106,SAIDA_CONSUMO,7.61,,2,2026-04-28 21:30:00,Terça,0,Ensolarado,24.2,0
M3231,L010,107,SAIDA_CONSUMO,11.05,,2,2026-04-28 21:30:00,Terça,0,Ensolarado,24.2,0
M3232,L012,108,SAIDA_CONSUMO,12.94,,2,2026-04-28 21:30:00,Terça,0,Ensolarado,24.2,0
M3233,L013,109,SAIDA_CONSUMO,12.7,,2,2026-04-28 21:30:00,Terça,0,Ensolarado,24.2,0
M3234,L015,110,SAIDA_CONSUMO,1.57,,2,2026-04-28 21:30:00,Terça,0,Ensolarado,24.2,0
M3235,L001,101,SAIDA_CONSUMO,13.88,,2,2026-04-29 21:30:00,Quarta,0,Chuvoso,22.8,0
M3236,L003,102,SAIDA_CONSUMO,15.85,,2,2026-04-29 21:30:00,Quarta,0,Chuvoso,22.8,0
M3237,L004,103,SAIDA_CONSUMO,5.55,,2,2026-04-29 21:30:00,Quarta,0,Chuvoso,22.8,0
M3238,L006,104,SAIDA_CONSUMO,3.96,,2,2026-04-29 21:30:00,Quarta,0,Chuvoso,22.8,0
M3239,L007,105,SAIDA_CONSUMO,12.72,,2,2026-04-29 21:30:00,Quarta,0,Chuvoso,22.8,0
M3240,L009,106,SAIDA_CONSUMO,7.39,,2,2026-04-29 21:30:00,Quarta,0,Chuvoso,22.8,0
M3241,L010,107,SAIDA_CONSUMO,9.51,,2,2026-04-29 21:30:00,Quarta,0,Chuvoso,22.8,0
M3242,L012,108,SAIDA_CONSUMO,13.45,,2,2026-04-29 21:30:00,Quarta,0,Chuvoso,22.8,0
M3243,L013,109,SAIDA_CONSUMO,5.42,,2,2026-04-29 21:30:00,Quarta,0,Chuvoso,22.8,0
M3244,L015,110,SAIDA_CONSUMO,1.55,,2,2026-04-29 21:30:00,Quarta,0,Chuvoso,22.8,0
M3245,L001,101,SAIDA_CONSUMO,14.53,,2,2026-04-30 21:30:00,Quinta,0,Frio,34.4,0
M3246,L003,102,SAIDA_CONSUMO,18.66,,2,2026-04-30 21:30:00,Quinta,0,Frio,34.4,0
M3247,L004,103,SAIDA_CONSUMO,6.01,,2,2026-04-30 21:30:00,Quinta,0,Frio,34.4,0
M3248,L006,104,SAIDA_CONSUMO,3.65,,2,2026-04-30 21:30:00,Quinta,0,Frio,34.4,0
M3249,L007,105,SAIDA_CONSUMO,9.5,,2,2026-04-30 21:30:00,Quinta,0,Frio,34.4,0
M3250,L009,106,SAIDA_CONSUMO,6.9,,2,2026-04-30 21:30:00,Quinta,0,Frio,34.4,0
M3251,L010,107,SAIDA_CONSUMO,10.08,,2,2026-04-30 21:30:00,Quinta,0,Frio,34.4,0
M3252,L010,107,DESPERDICIO,0.73,Sobras de Prato,2,2026-04-30 22:00:00,Quinta,0,Frio,34.4,0
M3253,L012,108,SAIDA_CONSUMO,13.76,,2,2026-04-30 21:30:00,Quinta,0,Frio,34.4,0
M3254,L013,109,SAIDA_CONSUMO,8.6,,2,2026-04-30 21:30:00,Quinta,0,Frio,34.4,0
M3255,L015,110,SAIDA_CONSUMO,1.58,,2,2026-04-30 21:30:00,Quinta,0,Frio,34.4,0
M3256,L001,101,SAIDA_CONSUMO,75.2,,2,2026-05-01 21:30:00,Sexta,1,Frio,21.8,1
M3257,L003,102,SAIDA_CONSUMO,45.65,,2,2026-05-01 21:30:00,Sexta,1,Frio,21.8,1
M3258,L004,103,SAIDA_CONSUMO,32.52,,2,2026-05-01 21:30:00,Sexta,1,Frio,21.8,1
M3259,L006,104,SAIDA_CONSUMO,17.74,,2,2026-05-01 21:30:00,Sexta,1,Frio,21.8,1
M3260,L006,104,DESPERDICIO,0.54,Erro de Preparo,2,2026-05-01 22:00:00,Sexta,1,Frio,21.8,1
M3261,L007,105,SAIDA_CONSUMO,18.96,,2,2026-05-01 21:30:00,Sexta,1,Frio,21.8,1
M3262,L009,106,SAIDA_CONSUMO,17.17,,2,2026-05-01 21:30:00,Sexta,1,Frio,21.8,1
M3263,L010,107,SAIDA_CONSUMO,22.07,,2,2026-05-01 21:30:00,Sexta,1,Frio,21.8,1
M3264,L012,108,SAIDA_CONSUMO,14.99,,2,2026-05-01 21:30:00,Sexta,1,Frio,21.8,1
M3265,L013,109,SAIDA_CONSUMO,57.78,,2,2026-05-01 21:30:00,Sexta,1,Frio,21.8,1
M3266,L015,110,SAIDA_CONSUMO,5.53,,2,2026-05-01 21:30:00,Sexta,1,Frio,21.8,1
M3267,L001,101,SAIDA_CONSUMO,46.79,,2,2026-05-02 21:30:00,Sábado,0,Ensolarado,16.6,0
M3268,L003,102,SAIDA_CONSUMO,30.4,,2,2026-05-02 21:30:00,Sábado,0,Ensolarado,16.6,0
M3269,L004,103,SAIDA_CONSUMO,21.23,,2,2026-05-02 21:30:00,Sábado,0,Ensolarado,16.6,0
M3270,L006,104,SAIDA_CONSUMO,12.14,,2,2026-05-02 21:30:00,Sábado,0,Ensolarado,16.6,0
M3271,L007,105,SAIDA_CONSUMO,19.39,,2,2026-05-02 21:30:00,Sábado,0,Ensolarado,16.6,0
M3272,L009,106,SAIDA_CONSUMO,17.49,,2,2026-05-02 21:30:00,Sábado,0,Ensolarado,16.6,0
M3273,L010,107,SAIDA_CONSUMO,14.46,,2,2026-05-02 21:30:00,Sábado,0,Ensolarado,16.6,0
M3274,L012,108,SAIDA_CONSUMO,9.47,,2,2026-05-02 21:30:00,Sábado,0,Ensolarado,16.6,0
M3275,L013,109,SAIDA_CONSUMO,79.29,,2,2026-05-02 21:30:00,Sábado,0,Ensolarado,16.6,0
M3276,L015,110,SAIDA_CONSUMO,3.33,,2,2026-05-02 21:30:00,Sábado,0,Ensolarado,16.6,0
M3277,L001,101,SAIDA_CONSUMO,48.16,,2,2026-05-03 21:30:00,Domingo,0,Frio,13.6,0
M3278,L003,102,SAIDA_CONSUMO,31.32,,2,2026-05-03 21:30:00,Domingo,0,Frio,13.6,0
M3279,L004,103,SAIDA_CONSUMO,22.4,,2,2026-05-03 21:30:00,Domingo,0,Frio,13.6,0
M3280,L006,104,SAIDA_CONSUMO,12.18,,2,2026-05-03 21:30:00,Domingo,0,Frio,13.6,0
M3281,L007,105,SAIDA_CONSUMO,11.4,,2,2026-05-03 21:30:00,Domingo,0,Frio,13.6,0
M3282,L009,106,SAIDA_CONSUMO,10.49,,2,2026-05-03 21:30:00,Domingo,0,Frio,13.6,0
M3283,L010,107,SAIDA_CONSUMO,15.07,,2,2026-05-03 21:30:00,Domingo,0,Frio,13.6,0
M3284,L012,108,SAIDA_CONSUMO,9.75,,2,2026-05-03 21:30:00,Domingo,0,Frio,13.6,0
M3285,L013,109,SAIDA_CONSUMO,36.07,,2,2026-05-03 21:30:00,Domingo,0,Frio,13.6,0
M3286,L015,110,SAIDA_CONSUMO,3.74,,2,2026-05-03 21:30:00,Domingo,0,Frio,13.6,0
M3287,L001,101,SAIDA_CONSUMO,18.24,,2,2026-05-04 21:30:00,Segunda,0,Frio,14.6,0
M3288,L001,101,DESPERDICIO,1.11,Quebra de Embalagem,2,2026-05-04 22:00:00,Segunda,0,Frio,14.6,0
M3289,L003,102,SAIDA_CONSUMO,21.45,,2,2026-05-04 21:30:00,Segunda,0,Frio,14.6,0
M3290,L004,103,SAIDA_CONSUMO,6.68,,2,2026-05-04 21:30:00,Segunda,0,Frio,14.6,0
M3291,L004,103,DESPERDICIO,0.32,Quebra de Embalagem,2,2026-05-04 22:00:00,Segunda,0,Frio,14.6,0
M3292,L006,104,SAIDA_CONSUMO,4.59,,2,2026-05-04 21:30:00,Segunda,0,Frio,14.6,0
M3293,L007,105,SAIDA_CONSUMO,8.83,,2,2026-05-04 21:30:00,Segunda,0,Frio,14.6,0
M3294,L009,106,SAIDA_CONSUMO,6.38,,2,2026-05-04 21:30:00,Segunda,0,Frio,14.6,0
M3295,L010,107,SAIDA_CONSUMO,11.94,,2,2026-05-04 21:30:00,Segunda,0,Frio,14.6,0
M3296,L010,107,DESPERDICIO,0.67,Erro de Preparo,2,2026-05-04 22:00:00,Segunda,0,Frio,14.6,0
M3297,L012,108,SAIDA_CONSUMO,17.39,,2,2026-05-04 21:30:00,Segunda,0,Frio,14.6,0
M3298,L013,109,SAIDA_CONSUMO,7.92,,2,2026-05-04 21:30:00,Segunda,0,Frio,14.6,0
M3299,L015,110,SAIDA_CONSUMO,1.83,,2,2026-05-04 21:30:00,Segunda,0,Frio,14.6,0
M3300,L001,101,SAIDA_CONSUMO,17.48,,2,2026-05-05 21:30:00,Terça,0,Frio,21.5,0
M3301,L003,102,SAIDA_CONSUMO,20.22,,2,2026-05-05 21:30:00,Terça,0,Frio,21.5,0
M3302,L004,103,SAIDA_CONSUMO,7.51,,2,2026-05-05 21:30:00,Terça,0,Frio,21.5,0
M3303,L006,104,SAIDA_CONSUMO,4.91,,2,2026-05-05 21:30:00,Terça,0,Frio,21.5,0
M3304,L007,105,SAIDA_CONSUMO,9.16,,2,2026-05-05 21:30:00,Terça,0,Frio,21.5,0
M3305,L009,106,SAIDA_CONSUMO,6.18,,2,2026-05-05 21:30:00,Terça,0,Frio,21.5,0
M3306,L010,107,SAIDA_CONSUMO,12.21,,2,2026-05-05 21:30:00,Terça,0,Frio,21.5,0
M3307,L012,108,SAIDA_CONSUMO,16.3,,2,2026-05-05 21:30:00,Terça,0,Frio,21.5,0
M3308,L013,109,SAIDA_CONSUMO,7.86,,2,2026-05-05 21:30:00,Terça,0,Frio,21.5,0
M3309,L015,110,SAIDA_CONSUMO,1.8,,2,2026-05-05 21:30:00,Terça,0,Frio,21.5,0
M3310,L001,101,SAIDA_CONSUMO,17.86,,2,2026-05-06 21:30:00,Quarta,0,Nublado,13.4,0
M3311,L003,102,SAIDA_CONSUMO,22.08,,2,2026-05-06 21:30:00,Quarta,0,Nublado,13.4,0
M3312,L004,103,SAIDA_CONSUMO,6.84,,2,2026-05-06 21:30:00,Quarta,0,Nublado,13.4,0
M3313,L006,104,SAIDA_CONSUMO,4.64,,2,2026-05-06 21:30:00,Quarta,0,Nublado,13.4,0
M3314,L006,104,DESPERDICIO,1.14,Sobras de Prato,2,2026-05-06 22:00:00,Quarta,0,Nublado,13.4,0
M3315,L007,105,SAIDA_CONSUMO,14.27,,2,2026-05-06 21:30:00,Quarta,0,Nublado,13.4,0
M3316,L009,106,SAIDA_CONSUMO,10.07,,2,2026-05-06 21:30:00,Quarta,0,Nublado,13.4,0
M3317,L010,107,SAIDA_CONSUMO,12.1,,2,2026-05-06 21:30:00,Quarta,0,Nublado,13.4,0
M3318,L012,108,SAIDA_CONSUMO,16.58,,2,2026-05-06 21:30:00,Quarta,0,Nublado,13.4,0
M3319,L013,109,SAIDA_CONSUMO,14.1,,2,2026-05-06 21:30:00,Quarta,0,Nublado,13.4,0
M3320,L015,110,SAIDA_CONSUMO,1.76,,2,2026-05-06 21:30:00,Quarta,0,Nublado,13.4,0
M3321,L001,101,SAIDA_CONSUMO,18.07,,2,2026-05-07 21:30:00,Quinta,0,Frio,12.2,0
M3322,L003,102,SAIDA_CONSUMO,21.07,,2,2026-05-07 21:30:00,Quinta,0,Frio,12.2,0
M3323,L004,103,SAIDA_CONSUMO,7.53,,2,2026-05-07 21:30:00,Quinta,0,Frio,12.2,0
M3324,L006,104,SAIDA_CONSUMO,4.46,,2,2026-05-07 21:30:00,Quinta,0,Frio,12.2,0
M3325,L006,104,DESPERDICIO,1.16,Quebra de Embalagem,2,2026-05-07 22:00:00,Quinta,0,Frio,12.2,0
M3326,L007,105,SAIDA_CONSUMO,9.66,,2,2026-05-07 21:30:00,Quinta,0,Frio,12.2,0
M3327,L009,106,SAIDA_CONSUMO,6.56,,2,2026-05-07 21:30:00,Quinta,0,Frio,12.2,0
M3328,L010,107,SAIDA_CONSUMO,11.44,,2,2026-05-07 21:30:00,Quinta,0,Frio,12.2,0
M3329,L012,108,SAIDA_CONSUMO,17.49,,2,2026-05-07 21:30:00,Quinta,0,Frio,12.2,0
M3330,L013,109,SAIDA_CONSUMO,7.58,,2,2026-05-07 21:30:00,Quinta,0,Frio,12.2,0
M3331,L015,110,SAIDA_CONSUMO,1.9,,2,2026-05-07 21:30:00,Quinta,0,Frio,12.2,0
M3332,L001,101,SAIDA_CONSUMO,51.14,,2,2026-05-08 21:30:00,Sexta,0,Chuvoso,15.3,1
M3333,L003,102,SAIDA_CONSUMO,29.73,,2,2026-05-08 21:30:00,Sexta,0,Chuvoso,15.3,1
M3334,L004,103,SAIDA_CONSUMO,26.44,,2,2026-05-08 21:30:00,Sexta,0,Chuvoso,15.3,1
M3335,L006,104,SAIDA_CONSUMO,14.91,,2,2026-05-08 21:30:00,Sexta,0,Chuvoso,15.3,1
M3336,L007,105,SAIDA_CONSUMO,21.24,,2,2026-05-08 21:30:00,Sexta,0,Chuvoso,15.3,1
M3337,L009,106,SAIDA_CONSUMO,20.11,,2,2026-05-08 21:30:00,Sexta,0,Chuvoso,15.3,1
M3338,L010,107,SAIDA_CONSUMO,17.67,,2,2026-05-08 21:30:00,Sexta,0,Chuvoso,15.3,1
M3339,L012,108,SAIDA_CONSUMO,11.8,,2,2026-05-08 21:30:00,Sexta,0,Chuvoso,15.3,1
M3340,L013,109,SAIDA_CONSUMO,46.73,,2,2026-05-08 21:30:00,Sexta,0,Chuvoso,15.3,1
M3341,L013,109,DESPERDICIO,1.4,Sobras de Prato,2,2026-05-08 22:00:00,Sexta,0,Chuvoso,15.3,1
M3342,L015,110,SAIDA_CONSUMO,4.22,,2,2026-05-08 21:30:00,Sexta,0,Chuvoso,15.3,1
M3343,L001,101,SAIDA_CONSUMO,56.42,,2,2026-05-09 21:30:00,Sábado,0,Frio,13.5,1
M3344,L003,102,SAIDA_CONSUMO,35.43,,2,2026-05-09 21:30:00,Sábado,0,Frio,13.5,1
M3345,L004,103,SAIDA_CONSUMO,25.2,,2,2026-05-09 21:30:00,Sábado,0,Frio,13.5,1
M3346,L006,104,SAIDA_CONSUMO,14.94,,2,2026-05-09 21:30:00,Sábado,0,Frio,13.5,1
M3347,L007,105,SAIDA_CONSUMO,13.32,,2,2026-05-09 21:30:00,Sábado,0,Frio,13.5,1
M3348,L009,106,SAIDA_CONSUMO,12.16,,2,2026-05-09 21:30:00,Sábado,0,Frio,13.5,1
M3349,L010,107,SAIDA_CONSUMO,17.15,,2,2026-05-09 21:30:00,Sábado,0,Frio,13.5,1
M3350,L012,108,SAIDA_CONSUMO,11.67,,2,2026-05-09 21:30:00,Sábado,0,Frio,13.5,1
M3351,L013,109,SAIDA_CONSUMO,49.04,,2,2026-05-09 21:30:00,Sábado,0,Frio,13.5,1
M3352,L015,110,SAIDA_CONSUMO,4.36,,2,2026-05-09 21:30:00,Sábado,0,Frio,13.5,1
M3353,L001,101,SAIDA_CONSUMO,38.43,,2,2026-05-10 21:30:00,Domingo,0,Chuvoso,21.5,0
M3354,L003,102,SAIDA_CONSUMO,26.82,,2,2026-05-10 21:30:00,Domingo,0,Chuvoso,21.5,0
M3355,L004,103,SAIDA_CONSUMO,21.44,,2,2026-05-10 21:30:00,Domingo,0,Chuvoso,21.5,0
M3356,L006,104,SAIDA_CONSUMO,11.54,,2,2026-05-10 21:30:00,Domingo,0,Chuvoso,21.5,0
M3357,L007,105,SAIDA_CONSUMO,18.26,,2,2026-05-10 21:30:00,Domingo,0,Chuvoso,21.5,0
M3358,L009,106,SAIDA_CONSUMO,16.17,,2,2026-05-10 21:30:00,Domingo,0,Chuvoso,21.5,0
M3359,L010,107,SAIDA_CONSUMO,14.11,,2,2026-05-10 21:30:00,Domingo,0,Chuvoso,21.5,0
M3360,L012,108,SAIDA_CONSUMO,10.03,,2,2026-05-10 21:30:00,Domingo,0,Chuvoso,21.5,0
M3361,L013,109,SAIDA_CONSUMO,42.84,,2,2026-05-10 21:30:00,Domingo,0,Chuvoso,21.5,0
M3362,L015,110,SAIDA_CONSUMO,3.77,,2,2026-05-10 21:30:00,Domingo,0,Chuvoso,21.5,0
M3363,L001,101,SAIDA_CONSUMO,15.13,,2,2026-05-11 21:30:00,Segunda,0,Ensolarado,16.6,0
M3364,L003,102,SAIDA_CONSUMO,18.85,,2,2026-05-11 21:30:00,Segunda,0,Ensolarado,16.6,0
M3365,L004,103,SAIDA_CONSUMO,6.15,,2,2026-05-11 21:30:00,Segunda,0,Ensolarado,16.6,0
M3366,L006,104,SAIDA_CONSUMO,3.82,,2,2026-05-11 21:30:00,Segunda,0,Ensolarado,16.6,0
M3367,L007,105,SAIDA_CONSUMO,12.45,,2,2026-05-11 21:30:00,Segunda,0,Ensolarado,16.6,0
M3368,L009,106,SAIDA_CONSUMO,7.74,,2,2026-05-11 21:30:00,Segunda,0,Ensolarado,16.6,0
M3369,L010,107,SAIDA_CONSUMO,9.89,,2,2026-05-11 21:30:00,Segunda,0,Ensolarado,16.6,0
M3370,L012,108,SAIDA_CONSUMO,14.54,,2,2026-05-11 21:30:00,Segunda,0,Ensolarado,16.6,0
M3371,L013,109,SAIDA_CONSUMO,10.91,,2,2026-05-11 21:30:00,Segunda,0,Ensolarado,16.6,0
M3372,L015,110,SAIDA_CONSUMO,1.46,,2,2026-05-11 21:30:00,Segunda,0,Ensolarado,16.6,0
M3373,L001,101,SAIDA_CONSUMO,19.78,,2,2026-05-12 21:30:00,Terça,1,Frio,13.7,0
M3374,L003,102,SAIDA_CONSUMO,23.93,,2,2026-05-12 21:30:00,Terça,1,Frio,13.7,0
M3375,L004,103,SAIDA_CONSUMO,7.92,,2,2026-05-12 21:30:00,Terça,1,Frio,13.7,0
M3376,L006,104,SAIDA_CONSUMO,5.15,,2,2026-05-12 21:30:00,Terça,1,Frio,13.7,0
M3377,L007,105,SAIDA_CONSUMO,10.66,,2,2026-05-12 21:30:00,Terça,1,Frio,13.7,0
M3378,L007,105,DESPERDICIO,0.69,Erro de Preparo,2,2026-05-12 22:00:00,Terça,1,Frio,13.7,0
M3379,L009,106,SAIDA_CONSUMO,6.37,,2,2026-05-12 21:30:00,Terça,1,Frio,13.7,0
M3380,L010,107,SAIDA_CONSUMO,12.92,,2,2026-05-12 21:30:00,Terça,1,Frio,13.7,0
M3381,L010,107,DESPERDICIO,0.95,Erro de Preparo,2,2026-05-12 22:00:00,Terça,1,Frio,13.7,0
M3382,L012,108,SAIDA_CONSUMO,18.33,,2,2026-05-12 21:30:00,Terça,1,Frio,13.7,0
M3383,L013,109,SAIDA_CONSUMO,7.39,,2,2026-05-12 21:30:00,Terça,1,Frio,13.7,0
M3384,L015,110,SAIDA_CONSUMO,1.89,,2,2026-05-12 21:30:00,Terça,1,Frio,13.7,0
M3385,L001,101,SAIDA_CONSUMO,14.7,,2,2026-05-13 21:30:00,Quarta,0,Frio,17.0,0
M3386,L003,102,SAIDA_CONSUMO,18.29,,2,2026-05-13 21:30:00,Quarta,0,Frio,17.0,0
M3387,L004,103,SAIDA_CONSUMO,5.85,,2,2026-05-13 21:30:00,Quarta,0,Frio,17.0,0
M3388,L006,104,SAIDA_CONSUMO,3.83,,2,2026-05-13 21:30:00,Quarta,0,Frio,17.0,0
M3389,L007,105,SAIDA_CONSUMO,7.53,,2,2026-05-13 21:30:00,Quarta,0,Frio,17.0,0
M3390,L009,106,SAIDA_CONSUMO,5.67,,2,2026-05-13 21:30:00,Quarta,0,Frio,17.0,0
M3391,L010,107,SAIDA_CONSUMO,10.01,,2,2026-05-13 21:30:00,Quarta,0,Frio,17.0,0
M3392,L012,108,SAIDA_CONSUMO,14.07,,2,2026-05-13 21:30:00,Quarta,0,Frio,17.0,0
M3393,L013,109,SAIDA_CONSUMO,5.8,,2,2026-05-13 21:30:00,Quarta,0,Frio,17.0,0
M3394,L015,110,SAIDA_CONSUMO,1.49,,2,2026-05-13 21:30:00,Quarta,0,Frio,17.0,0
M3395,L001,101,SAIDA_CONSUMO,15.92,,2,2026-05-14 21:30:00,Quinta,0,Nublado,21.3,0
M3396,L003,102,SAIDA_CONSUMO,17.99,,2,2026-05-14 21:30:00,Quinta,0,Nublado,21.3,0
M3397,L004,103,SAIDA_CONSUMO,5.77,,2,2026-05-14 21:30:00,Quinta,0,Nublado,21.3,0
M3398,L006,104,SAIDA_CONSUMO,4.11,,2,2026-05-14 21:30:00,Quinta,0,Nublado,21.3,0
M3399,L007,105,SAIDA_CONSUMO,11.88,,2,2026-05-14 21:30:00,Quinta,0,Nublado,21.3,0
M3400,L009,106,SAIDA_CONSUMO,7.76,,2,2026-05-14 21:30:00,Quinta,0,Nublado,21.3,0
M3401,L010,107,SAIDA_CONSUMO,10.67,,2,2026-05-14 21:30:00,Quinta,0,Nublado,21.3,0
M3402,L012,108,SAIDA_CONSUMO,13.92,,2,2026-05-14 21:30:00,Quinta,0,Nublado,21.3,0
M3403,L013,109,SAIDA_CONSUMO,12.56,,2,2026-05-14 21:30:00,Quinta,0,Nublado,21.3,0
M3404,L015,110,SAIDA_CONSUMO,1.52,,2,2026-05-14 21:30:00,Quinta,0,Nublado,21.3,0
M3405,L001,101,SAIDA_CONSUMO,39.31,,2,2026-05-15 21:30:00,Sexta,0,Nublado,16.2,0
M3406,L003,102,SAIDA_CONSUMO,25.61,,2,2026-05-15 21:30:00,Sexta,0,Nublado,16.2,0
M3407,L004,103,SAIDA_CONSUMO,18.06,,2,2026-05-15 21:30:00,Sexta,0,Nublado,16.2,0
M3408,L006,104,SAIDA_CONSUMO,8.99,,2,2026-05-15 21:30:00,Sexta,0,Nublado,16.2,0
M3409,L007,105,SAIDA_CONSUMO,16.08,,2,2026-05-15 21:30:00,Sexta,0,Nublado,16.2,0
M3410,L009,106,SAIDA_CONSUMO,13.64,,2,2026-05-15 21:30:00,Sexta,0,Nublado,16.2,0
M3411,L009,106,DESPERDICIO,0.23,Erro de Preparo,2,2026-05-15 22:00:00,Sexta,0,Nublado,16.2,0
M3412,L010,107,SAIDA_CONSUMO,12.61,,2,2026-05-15 21:30:00,Sexta,0,Nublado,16.2,0
M3413,L012,108,SAIDA_CONSUMO,6.95,,2,2026-05-15 21:30:00,Sexta,0,Nublado,16.2,0
M3414,L013,109,SAIDA_CONSUMO,62.95,,2,2026-05-15 21:30:00,Sexta,0,Nublado,16.2,0
M3415,L015,110,SAIDA_CONSUMO,3.07,,2,2026-05-15 21:30:00,Sexta,0,Nublado,16.2,0
M3416,L001,101,SAIDA_CONSUMO,38.4,,2,2026-05-16 21:30:00,Sábado,0,Frio,15.8,0
M3417,L003,102,SAIDA_CONSUMO,22.52,,2,2026-05-16 21:30:00,Sábado,0,Frio,15.8,0
M3418,L004,103,SAIDA_CONSUMO,19.35,,2,2026-05-16 21:30:00,Sábado,0,Frio,15.8,0
M3419,L004,103,DESPERDICIO,0.9,Validade / Avaria,2,2026-05-16 22:00:00,Sábado,0,Frio,15.8,0
M3420,L006,104,SAIDA_CONSUMO,10.31,,2,2026-05-16 21:30:00,Sábado,0,Frio,15.8,0
M3421,L007,105,SAIDA_CONSUMO,10.14,,2,2026-05-16 21:30:00,Sábado,0,Frio,15.8,0
M3422,L009,106,SAIDA_CONSUMO,8.25,,2,2026-05-16 21:30:00,Sábado,0,Frio,15.8,0
M3423,L010,107,SAIDA_CONSUMO,10.79,,2,2026-05-16 21:30:00,Sábado,0,Frio,15.8,0
M3424,L012,108,SAIDA_CONSUMO,6.87,,2,2026-05-16 21:30:00,Sábado,0,Frio,15.8,0
M3425,L013,109,SAIDA_CONSUMO,31.77,,2,2026-05-16 21:30:00,Sábado,0,Frio,15.8,0
M3426,L015,110,SAIDA_CONSUMO,3.21,,2,2026-05-16 21:30:00,Sábado,0,Frio,15.8,0
M3427,L001,101,SAIDA_CONSUMO,30.77,,2,2026-05-17 21:30:00,Domingo,0,Chuvoso,13.9,0
M3428,L003,102,SAIDA_CONSUMO,20.96,,2,2026-05-17 21:30:00,Domingo,0,Chuvoso,13.9,0
M3429,L004,103,SAIDA_CONSUMO,18.04,,2,2026-05-17 21:30:00,Domingo,0,Chuvoso,13.9,0
M3430,L006,104,SAIDA_CONSUMO,10.31,,2,2026-05-17 21:30:00,Domingo,0,Chuvoso,13.9,0
M3431,L007,105,SAIDA_CONSUMO,14.76,,2,2026-05-17 21:30:00,Domingo,0,Chuvoso,13.9,0
M3432,L009,106,SAIDA_CONSUMO,13.34,,2,2026-05-17 21:30:00,Domingo,0,Chuvoso,13.9,0
M3433,L010,107,SAIDA_CONSUMO,12.89,,2,2026-05-17 21:30:00,Domingo,0,Chuvoso,13.9,0
M3434,L012,108,SAIDA_CONSUMO,7.89,,2,2026-05-17 21:30:00,Domingo,0,Chuvoso,13.9,0
M3435,L013,109,SAIDA_CONSUMO,34.83,,2,2026-05-17 21:30:00,Domingo,0,Chuvoso,13.9,0
M3436,L015,110,SAIDA_CONSUMO,2.98,,2,2026-05-17 21:30:00,Domingo,0,Chuvoso,13.9,0
M3437,L001,101,SAIDA_CONSUMO,15.49,,2,2026-05-18 21:30:00,Segunda,0,Nublado,12.8,0
M3438,L003,102,SAIDA_CONSUMO,16.53,,2,2026-05-18 21:30:00,Segunda,0,Nublado,12.8,0
M3439,L004,103,SAIDA_CONSUMO,6.14,,2,2026-05-18 21:30:00,Segunda,0,Nublado,12.8,0
M3440,L006,104,SAIDA_CONSUMO,3.79,,2,2026-05-18 21:30:00,Segunda,0,Nublado,12.8,0
M3441,L007,105,SAIDA_CONSUMO,12.42,,2,2026-05-18 21:30:00,Segunda,0,Nublado,12.8,0
M3442,L009,106,SAIDA_CONSUMO,8.44,,2,2026-05-18 21:30:00,Segunda,0,Nublado,12.8,0
M3443,L010,107,SAIDA_CONSUMO,9.88,,2,2026-05-18 21:30:00,Segunda,0,Nublado,12.8,0
M3444,L012,108,SAIDA_CONSUMO,13.6,,2,2026-05-18 21:30:00,Segunda,0,Nublado,12.8,0
M3445,L013,109,SAIDA_CONSUMO,12.88,,2,2026-05-18 21:30:00,Segunda,0,Nublado,12.8,0
M3446,L015,110,SAIDA_CONSUMO,1.45,,2,2026-05-18 21:30:00,Segunda,0,Nublado,12.8,0
M3447,L001,101,SAIDA_CONSUMO,13.92,,2,2026-05-19 21:30:00,Terça,0,Ensolarado,14.8,0
M3448,L001,101,DESPERDICIO,1.34,Sobras de Prato,2,2026-05-19 22:00:00,Terça,0,Ensolarado,14.8,0
M3449,L003,102,SAIDA_CONSUMO,17.57,,2,2026-05-19 21:30:00,Terça,0,Ensolarado,14.8,0
M3450,L004,103,SAIDA_CONSUMO,5.68,,2,2026-05-19 21:30:00,Terça,0,Ensolarado,14.8,0
M3451,L006,104,SAIDA_CONSUMO,3.82,,2,2026-05-19 21:30:00,Terça,0,Ensolarado,14.8,0
M3452,L007,105,SAIDA_CONSUMO,12.18,,2,2026-05-19 21:30:00,Terça,0,Ensolarado,14.8,0
M3453,L009,106,SAIDA_CONSUMO,7.98,,2,2026-05-19 21:30:00,Terça,0,Ensolarado,14.8,0
M3454,L010,107,SAIDA_CONSUMO,10.39,,2,2026-05-19 21:30:00,Terça,0,Ensolarado,14.8,0
M3455,L012,108,SAIDA_CONSUMO,14.18,,2,2026-05-19 21:30:00,Terça,0,Ensolarado,14.8,0
M3456,L013,109,SAIDA_CONSUMO,12.04,,2,2026-05-19 21:30:00,Terça,0,Ensolarado,14.8,0
M3457,L013,109,DESPERDICIO,0.3,Validade / Avaria,2,2026-05-19 22:00:00,Terça,0,Ensolarado,14.8,0
M3458,L015,110,SAIDA_CONSUMO,1.41,,2,2026-05-19 21:30:00,Terça,0,Ensolarado,14.8,0
M3459,L001,101,SAIDA_CONSUMO,15.37,,2,2026-05-20 21:30:00,Quarta,0,Ensolarado,21.4,0
M3460,L003,102,SAIDA_CONSUMO,18.49,,2,2026-05-20 21:30:00,Quarta,0,Ensolarado,21.4,0
M3461,L004,103,SAIDA_CONSUMO,5.86,,2,2026-05-20 21:30:00,Quarta,0,Ensolarado,21.4,0
M3462,L006,104,SAIDA_CONSUMO,4.15,,2,2026-05-20 21:30:00,Quarta,0,Ensolarado,21.4,0
M3463,L006,104,DESPERDICIO,0.39,Sobras de Prato,2,2026-05-20 22:00:00,Quarta,0,Ensolarado,21.4,0
M3464,L007,105,SAIDA_CONSUMO,12.14,,2,2026-05-20 21:30:00,Quarta,0,Ensolarado,21.4,0
M3465,L009,106,SAIDA_CONSUMO,7.98,,2,2026-05-20 21:30:00,Quarta,0,Ensolarado,21.4,0
M3466,L010,107,SAIDA_CONSUMO,10.43,,2,2026-05-20 21:30:00,Quarta,0,Ensolarado,21.4,0
M3467,L010,107,DESPERDICIO,0.26,Validade / Avaria,2,2026-05-20 22:00:00,Quarta,0,Ensolarado,21.4,0
M3468,L012,108,SAIDA_CONSUMO,13.27,,2,2026-05-20 21:30:00,Quarta,0,Ensolarado,21.4,0
M3469,L013,109,SAIDA_CONSUMO,12.02,,2,2026-05-20 21:30:00,Quarta,0,Ensolarado,21.4,0
M3470,L015,110,SAIDA_CONSUMO,1.48,,2,2026-05-20 21:30:00,Quarta,0,Ensolarado,21.4,0
M3471,L001,101,SAIDA_CONSUMO,16.19,,2,2026-05-21 21:30:00,Quinta,0,Ensolarado,18.8,0
M3472,L003,102,SAIDA_CONSUMO,18.02,,2,2026-05-21 21:30:00,Quinta,0,Ensolarado,18.8,0
M3473,L004,103,SAIDA_CONSUMO,5.69,,2,2026-05-21 21:30:00,Quinta,0,Ensolarado,18.8,0
M3474,L006,104,SAIDA_CONSUMO,4.09,,2,2026-05-21 21:30:00,Quinta,0,Ensolarado,18.8,0
M3475,L007,105,SAIDA_CONSUMO,11.53,,2,2026-05-21 21:30:00,Quinta,0,Ensolarado,18.8,0
M3476,L009,106,SAIDA_CONSUMO,8.01,,2,2026-05-21 21:30:00,Quinta,0,Ensolarado,18.8,0
M3477,L010,107,SAIDA_CONSUMO,10.26,,2,2026-05-21 21:30:00,Quinta,0,Ensolarado,18.8,0
M3478,L012,108,SAIDA_CONSUMO,14.35,,2,2026-05-21 21:30:00,Quinta,0,Ensolarado,18.8,0
M3479,L013,109,SAIDA_CONSUMO,12.96,,2,2026-05-21 21:30:00,Quinta,0,Ensolarado,18.8,0
M3480,L015,110,SAIDA_CONSUMO,1.48,,2,2026-05-21 21:30:00,Quinta,0,Ensolarado,18.8,0
M3481,L001,101,SAIDA_CONSUMO,41.17,,2,2026-05-22 21:30:00,Sexta,0,Nublado,12.9,0
M3482,L003,102,SAIDA_CONSUMO,24.54,,2,2026-05-22 21:30:00,Sexta,0,Nublado,12.9,0
M3483,L004,103,SAIDA_CONSUMO,18.23,,2,2026-05-22 21:30:00,Sexta,0,Nublado,12.9,0
M3484,L006,104,SAIDA_CONSUMO,9.59,,2,2026-05-22 21:30:00,Sexta,0,Nublado,12.9,0
M3485,L007,105,SAIDA_CONSUMO,15.5,,2,2026-05-22 21:30:00,Sexta,0,Nublado,12.9,0
M3486,L009,106,SAIDA_CONSUMO,13.11,,2,2026-05-22 21:30:00,Sexta,0,Nublado,12.9,0
M3487,L010,107,SAIDA_CONSUMO,12.16,,2,2026-05-22 21:30:00,Sexta,0,Nublado,12.9,0
M3488,L012,108,SAIDA_CONSUMO,8.41,,2,2026-05-22 21:30:00,Sexta,0,Nublado,12.9,0
M3489,L013,109,SAIDA_CONSUMO,66.61,,2,2026-05-22 21:30:00,Sexta,0,Nublado,12.9,0
M3490,L015,110,SAIDA_CONSUMO,2.87,,2,2026-05-22 21:30:00,Sexta,0,Nublado,12.9,0
M3491,L001,101,SAIDA_CONSUMO,49.29,,2,2026-05-23 21:30:00,Sábado,0,Nublado,20.1,1
M3492,L003,102,SAIDA_CONSUMO,30.02,,2,2026-05-23 21:30:00,Sábado,0,Nublado,20.1,1
M3493,L004,103,SAIDA_CONSUMO,21.58,,2,2026-05-23 21:30:00,Sábado,0,Nublado,20.1,1
M3494,L006,104,SAIDA_CONSUMO,12.6,,2,2026-05-23 21:30:00,Sábado,0,Nublado,20.1,1
M3495,L007,105,SAIDA_CONSUMO,18.21,,2,2026-05-23 21:30:00,Sábado,0,Nublado,20.1,1
M3496,L009,106,SAIDA_CONSUMO,17.0,,2,2026-05-23 21:30:00,Sábado,0,Nublado,20.1,1
M3497,L010,107,SAIDA_CONSUMO,16.05,,2,2026-05-23 21:30:00,Sábado,0,Nublado,20.1,1
M3498,L012,108,SAIDA_CONSUMO,9.48,,2,2026-05-23 21:30:00,Sábado,0,Nublado,20.1,1
M3499,L013,109,SAIDA_CONSUMO,71.21,,2,2026-05-23 21:30:00,Sábado,0,Nublado,20.1,1
M3500,L015,110,SAIDA_CONSUMO,3.57,,2,2026-05-23 21:30:00,Sábado,0,Nublado,20.1,1
M3501,L001,101,SAIDA_CONSUMO,39.7,,2,2026-05-24 21:30:00,Domingo,0,Frio,15.1,0
M3502,L003,102,SAIDA_CONSUMO,23.42,,2,2026-05-24 21:30:00,Domingo,0,Frio,15.1,0
M3503,L003,102,DESPERDICIO,0.62,Erro de Preparo,2,2026-05-24 22:00:00,Domingo,0,Frio,15.1,0
M3504,L004,103,SAIDA_CONSUMO,17.58,,2,2026-05-24 21:30:00,Domingo,0,Frio,15.1,0
M3505,L006,104,SAIDA_CONSUMO,9.88,,2,2026-05-24 21:30:00,Domingo,0,Frio,15.1,0
M3506,L007,105,SAIDA_CONSUMO,8.85,,2,2026-05-24 21:30:00,Domingo,0,Frio,15.1,0
M3507,L009,106,SAIDA_CONSUMO,8.45,,2,2026-05-24 21:30:00,Domingo,0,Frio,15.1,0
M3508,L010,107,SAIDA_CONSUMO,12.57,,2,2026-05-24 21:30:00,Domingo,0,Frio,15.1,0
M3509,L012,108,SAIDA_CONSUMO,7.63,,2,2026-05-24 21:30:00,Domingo,0,Frio,15.1,0
M3510,L013,109,SAIDA_CONSUMO,32.29,,2,2026-05-24 21:30:00,Domingo,0,Frio,15.1,0
M3511,L015,110,SAIDA_CONSUMO,2.76,,2,2026-05-24 21:30:00,Domingo,0,Frio,15.1,0
M3512,L001,101,SAIDA_CONSUMO,18.7,,2,2026-05-25 21:30:00,Segunda,1,Frio,21.2,0
M3513,L003,102,SAIDA_CONSUMO,25.54,,2,2026-05-25 21:30:00,Segunda,1,Frio,21.2,0
M3514,L004,103,SAIDA_CONSUMO,7.94,,2,2026-05-25 21:30:00,Segunda,1,Frio,21.2,0
M3515,L006,104,SAIDA_CONSUMO,5.11,,2,2026-05-25 21:30:00,Segunda,1,Frio,21.2,0
M3516,L007,105,SAIDA_CONSUMO,9.55,,2,2026-05-25 21:30:00,Segunda,1,Frio,21.2,0
M3517,L009,106,SAIDA_CONSUMO,6.39,,2,2026-05-25 21:30:00,Segunda,1,Frio,21.2,0
M3518,L010,107,SAIDA_CONSUMO,13.79,,2,2026-05-25 21:30:00,Segunda,1,Frio,21.2,0
M3519,L012,108,SAIDA_CONSUMO,18.59,,2,2026-05-25 21:30:00,Segunda,1,Frio,21.2,0
M3520,L012,108,DESPERDICIO,0.37,Validade / Avaria,2,2026-05-25 22:00:00,Segunda,1,Frio,21.2,0
M3521,L013,109,SAIDA_CONSUMO,8.4,,2,2026-05-25 21:30:00,Segunda,1,Frio,21.2,0
M3522,L015,110,SAIDA_CONSUMO,2.05,,2,2026-05-25 21:30:00,Segunda,1,Frio,21.2,0
M3523,L001,101,SAIDA_CONSUMO,15.04,,2,2026-05-26 21:30:00,Terça,0,Nublado,12.5,0
M3524,L003,102,SAIDA_CONSUMO,19.34,,2,2026-05-26 21:30:00,Terça,0,Nublado,12.5,0
M3525,L004,103,SAIDA_CONSUMO,5.75,,2,2026-05-26 21:30:00,Terça,0,Nublado,12.5,0
M3526,L006,104,SAIDA_CONSUMO,3.71,,2,2026-05-26 21:30:00,Terça,0,Nublado,12.5,0
M3527,L007,105,SAIDA_CONSUMO,11.88,,2,2026-05-26 21:30:00,Terça,0,Nublado,12.5,0
M3528,L009,106,SAIDA_CONSUMO,7.65,,2,2026-05-26 21:30:00,Terça,0,Nublado,12.5,0
M3529,L010,107,SAIDA_CONSUMO,9.92,,2,2026-05-26 21:30:00,Terça,0,Nublado,12.5,0
M3530,L012,108,SAIDA_CONSUMO,14.98,,2,2026-05-26 21:30:00,Terça,0,Nublado,12.5,0
M3531,L013,109,SAIDA_CONSUMO,12.18,,2,2026-05-26 21:30:00,Terça,0,Nublado,12.5,0
M3532,L015,110,SAIDA_CONSUMO,1.53,,2,2026-05-26 21:30:00,Terça,0,Nublado,12.5,0
M3533,L001,101,SAIDA_CONSUMO,12.83,,2,2026-05-27 21:30:00,Quarta,0,Chuvoso,18.3,0
M3534,L003,102,SAIDA_CONSUMO,15.86,,2,2026-05-27 21:30:00,Quarta,0,Chuvoso,18.3,0
M3535,L004,103,SAIDA_CONSUMO,5.8,,2,2026-05-27 21:30:00,Quarta,0,Chuvoso,18.3,0
M3536,L006,104,SAIDA_CONSUMO,4.08,,2,2026-05-27 21:30:00,Quarta,0,Chuvoso,18.3,0
M3537,L007,105,SAIDA_CONSUMO,11.37,,2,2026-05-27 21:30:00,Quarta,0,Chuvoso,18.3,0
M3538,L009,106,SAIDA_CONSUMO,7.67,,2,2026-05-27 21:30:00,Quarta,0,Chuvoso,18.3,0
M3539,L010,107,SAIDA_CONSUMO,8.71,,2,2026-05-27 21:30:00,Quarta,0,Chuvoso,18.3,0
M3540,L012,108,SAIDA_CONSUMO,13.79,,2,2026-05-27 21:30:00,Quarta,0,Chuvoso,18.3,0
M3541,L013,109,SAIDA_CONSUMO,5.68,,2,2026-05-27 21:30:00,Quarta,0,Chuvoso,18.3,0
M3542,L015,110,SAIDA_CONSUMO,1.51,,2,2026-05-27 21:30:00,Quarta,0,Chuvoso,18.3,0
M3543,L001,101,SAIDA_CONSUMO,14.66,,2,2026-05-28 21:30:00,Quinta,0,Nublado,17.6,0
M3544,L003,102,SAIDA_CONSUMO,17.56,,2,2026-05-28 21:30:00,Quinta,0,Nublado,17.6,0
M3545,L004,103,SAIDA_CONSUMO,5.91,,2,2026-05-28 21:30:00,Quinta,0,Nublado,17.6,0
M3546,L006,104,SAIDA_CONSUMO,3.95,,2,2026-05-28 21:30:00,Quinta,0,Nublado,17.6,0
M3547,L006,104,DESPERDICIO,1.24,Erro de Preparo,2,2026-05-28 22:00:00,Quinta,0,Nublado,17.6,0
M3548,L007,105,SAIDA_CONSUMO,11.57,,2,2026-05-28 21:30:00,Quinta,0,Nublado,17.6,0
M3549,L009,106,SAIDA_CONSUMO,7.9,,2,2026-05-28 21:30:00,Quinta,0,Nublado,17.6,0
M3550,L010,107,SAIDA_CONSUMO,9.99,,2,2026-05-28 21:30:00,Quinta,0,Nublado,17.6,0
M3551,L012,108,SAIDA_CONSUMO,13.98,,2,2026-05-28 21:30:00,Quinta,0,Nublado,17.6,0
M3552,L012,108,DESPERDICIO,1.03,Sobras de Prato,2,2026-05-28 22:00:00,Quinta,0,Nublado,17.6,0
M3553,L013,109,SAIDA_CONSUMO,12.38,,2,2026-05-28 21:30:00,Quinta,0,Nublado,17.6,0
M3554,L015,110,SAIDA_CONSUMO,1.46,,2,2026-05-28 21:30:00,Quinta,0,Nublado,17.6,0
M3555,L001,101,SAIDA_CONSUMO,46.61,,2,2026-05-29 21:30:00,Sexta,0,Frio,16.0,1
M3556,L003,102,SAIDA_CONSUMO,30.32,,2,2026-05-29 21:30:00,Sexta,0,Frio,16.0,1
M3557,L004,103,SAIDA_CONSUMO,20.69,,2,2026-05-29 21:30:00,Sexta,0,Frio,16.0,1
M3558,L006,104,SAIDA_CONSUMO,11.16,,2,2026-05-29 21:30:00,Sexta,0,Frio,16.0,1
M3559,L007,105,SAIDA_CONSUMO,11.51,,2,2026-05-29 21:30:00,Sexta,0,Frio,16.0,1
M3560,L009,106,SAIDA_CONSUMO,10.24,,2,2026-05-29 21:30:00,Sexta,0,Frio,16.0,1
M3561,L010,107,SAIDA_CONSUMO,14.14,,2,2026-05-29 21:30:00,Sexta,0,Frio,16.0,1
M3562,L012,108,SAIDA_CONSUMO,9.75,,2,2026-05-29 21:30:00,Sexta,0,Frio,16.0,1
M3563,L013,109,SAIDA_CONSUMO,40.24,,2,2026-05-29 21:30:00,Sexta,0,Frio,16.0,1
M3564,L015,110,SAIDA_CONSUMO,3.53,,2,2026-05-29 21:30:00,Sexta,0,Frio,16.0,1
M3565,L001,101,SAIDA_CONSUMO,39.76,,2,2026-05-30 21:30:00,Sábado,0,Chuvoso,13.1,1
M3566,L003,102,SAIDA_CONSUMO,27.16,,2,2026-05-30 21:30:00,Sábado,0,Chuvoso,13.1,1
M3567,L004,103,SAIDA_CONSUMO,20.46,,2,2026-05-30 21:30:00,Sábado,0,Chuvoso,13.1,1
M3568,L006,104,SAIDA_CONSUMO,12.11,,2,2026-05-30 21:30:00,Sábado,0,Chuvoso,13.1,1
M3569,L007,105,SAIDA_CONSUMO,19.01,,2,2026-05-30 21:30:00,Sábado,0,Chuvoso,13.1,1
M3570,L009,106,SAIDA_CONSUMO,17.7,,2,2026-05-30 21:30:00,Sábado,0,Chuvoso,13.1,1
M3571,L010,107,SAIDA_CONSUMO,15.4,,2,2026-05-30 21:30:00,Sábado,0,Chuvoso,13.1,1
M3572,L012,108,SAIDA_CONSUMO,9.72,,2,2026-05-30 21:30:00,Sábado,0,Chuvoso,13.1,1
M3573,L013,109,SAIDA_CONSUMO,40.45,,2,2026-05-30 21:30:00,Sábado,0,Chuvoso,13.1,1
M3574,L015,110,SAIDA_CONSUMO,3.52,,2,2026-05-30 21:30:00,Sábado,0,Chuvoso,13.1,1
M3575,L001,101,SAIDA_CONSUMO,36.19,,2,2026-05-31 21:30:00,Domingo,0,Chuvoso,13.7,0
M3576,L003,102,SAIDA_CONSUMO,18.51,,2,2026-05-31 21:30:00,Domingo,0,Chuvoso,13.7,0
M3577,L004,103,SAIDA_CONSUMO,17.59,,2,2026-05-31 21:30:00,Domingo,0,Chuvoso,13.7,0
M3578,L006,104,SAIDA_CONSUMO,10.27,,2,2026-05-31 21:30:00,Domingo,0,Chuvoso,13.7,0
M3579,L007,105,SAIDA_CONSUMO,15.0,,2,2026-05-31 21:30:00,Domingo,0,Chuvoso,13.7,0
M3580,L009,106,SAIDA_CONSUMO,14.86,,2,2026-05-31 21:30:00,Domingo,0,Chuvoso,13.7,0
M3581,L010,107,SAIDA_CONSUMO,12.59,,2,2026-05-31 21:30:00,Domingo,0,Chuvoso,13.7,0
M3582,L012,108,SAIDA_CONSUMO,7.44,,2,2026-05-31 21:30:00,Domingo,0,Chuvoso,13.7,0
M3583,L013,109,SAIDA_CONSUMO,32.77,,2,2026-05-31 21:30:00,Domingo,0,Chuvoso,13.7,0
M3584,L015,110,SAIDA_CONSUMO,2.89,,2,2026-05-31 21:30:00,Domingo,0,Chuvoso,13.7,0
M3585,L001,101,SAIDA_CONSUMO,23.11,,2,2026-06-01 21:30:00,Segunda,1,Ensolarado,15.6,0
M3586,L003,102,SAIDA_CONSUMO,28.47,,2,2026-06-01 21:30:00,Segunda,1,Ensolarado,15.6,0
M3587,L004,103,SAIDA_CONSUMO,9.6,,2,2026-06-01 21:30:00,Segunda,1,Ensolarado,15.6,0
M3588,L006,104,SAIDA_CONSUMO,6.43,,2,2026-06-01 21:30:00,Segunda,1,Ensolarado,15.6,0
M3589,L007,105,SAIDA_CONSUMO,18.6,,2,2026-06-01 21:30:00,Segunda,1,Ensolarado,15.6,0
M3590,L009,106,SAIDA_CONSUMO,12.9,,2,2026-06-01 21:30:00,Segunda,1,Ensolarado,15.6,0
M3591,L010,107,SAIDA_CONSUMO,15.44,,2,2026-06-01 21:30:00,Segunda,1,Ensolarado,15.6,0
M3592,L012,108,SAIDA_CONSUMO,21.12,,2,2026-06-01 21:30:00,Segunda,1,Ensolarado,15.6,0
M3593,L013,109,SAIDA_CONSUMO,18.33,,2,2026-06-01 21:30:00,Segunda,1,Ensolarado,15.6,0
M3594,L015,110,SAIDA_CONSUMO,2.32,,2,2026-06-01 21:30:00,Segunda,1,Ensolarado,15.6,0
M3595,L001,101,SAIDA_CONSUMO,19.15,,2,2026-06-02 21:30:00,Terça,0,Frio,16.4,0
M3596,L003,102,SAIDA_CONSUMO,21.53,,2,2026-06-02 21:30:00,Terça,0,Frio,16.4,0
M3597,L004,103,SAIDA_CONSUMO,6.76,,2,2026-06-02 21:30:00,Terça,0,Frio,16.4,0
M3598,L006,104,SAIDA_CONSUMO,4.53,,2,2026-06-02 21:30:00,Terça,0,Frio,16.4,0
M3599,L007,105,SAIDA_CONSUMO,9.59,,2,2026-06-02 21:30:00,Terça,0,Frio,16.4,0
M3600,L009,106,SAIDA_CONSUMO,5.35,,2,2026-06-02 21:30:00,Terça,0,Frio,16.4,0
M3601,L010,107,SAIDA_CONSUMO,12.14,,2,2026-06-02 21:30:00,Terça,0,Frio,16.4,0
M3602,L012,108,SAIDA_CONSUMO,16.7,,2,2026-06-02 21:30:00,Terça,0,Frio,16.4,0
M3603,L013,109,SAIDA_CONSUMO,7.07,,2,2026-06-02 21:30:00,Terça,0,Frio,16.4,0
M3604,L015,110,SAIDA_CONSUMO,1.81,,2,2026-06-02 21:30:00,Terça,0,Frio,16.4,0
M3605,L001,101,SAIDA_CONSUMO,17.91,,2,2026-06-03 21:30:00,Quarta,0,Nublado,15.6,0
M3606,L003,102,SAIDA_CONSUMO,22.11,,2,2026-06-03 21:30:00,Quarta,0,Nublado,15.6,0
M3607,L004,103,SAIDA_CONSUMO,7.41,,2,2026-06-03 21:30:00,Quarta,0,Nublado,15.6,0
M3608,L006,104,SAIDA_CONSUMO,5.42,,2,2026-06-03 21:30:00,Quarta,0,Nublado,15.6,0
M3609,L007,105,SAIDA_CONSUMO,14.15,,2,2026-06-03 21:30:00,Quarta,0,Nublado,15.6,0
M3610,L009,106,SAIDA_CONSUMO,9.42,,2,2026-06-03 21:30:00,Quarta,0,Nublado,15.6,0
M3611,L010,107,SAIDA_CONSUMO,12.37,,2,2026-06-03 21:30:00,Quarta,0,Nublado,15.6,0
M3612,L012,108,SAIDA_CONSUMO,15.91,,2,2026-06-03 21:30:00,Quarta,0,Nublado,15.6,0
M3613,L013,109,SAIDA_CONSUMO,13.96,,2,2026-06-03 21:30:00,Quarta,0,Nublado,15.6,0
M3614,L015,110,SAIDA_CONSUMO,1.79,,2,2026-06-03 21:30:00,Quarta,0,Nublado,15.6,0
M3615,L001,101,SAIDA_CONSUMO,18.01,,2,2026-06-04 21:30:00,Quinta,0,Nublado,19.1,0
M3616,L001,101,DESPERDICIO,0.94,Erro de Preparo,2,2026-06-04 22:00:00,Quinta,0,Nublado,19.1,0
M3617,L003,102,SAIDA_CONSUMO,21.39,,2,2026-06-04 21:30:00,Quinta,0,Nublado,19.1,0
M3618,L004,103,SAIDA_CONSUMO,7.38,,2,2026-06-04 21:30:00,Quinta,0,Nublado,19.1,0
M3619,L006,104,SAIDA_CONSUMO,4.79,,2,2026-06-04 21:30:00,Quinta,0,Nublado,19.1,0
M3620,L007,105,SAIDA_CONSUMO,14.69,,2,2026-06-04 21:30:00,Quinta,0,Nublado,19.1,0
M3621,L009,106,SAIDA_CONSUMO,9.44,,2,2026-06-04 21:30:00,Quinta,0,Nublado,19.1,0
M3622,L010,107,SAIDA_CONSUMO,11.32,,2,2026-06-04 21:30:00,Quinta,0,Nublado,19.1,0
M3623,L012,108,SAIDA_CONSUMO,17.31,,2,2026-06-04 21:30:00,Quinta,0,Nublado,19.1,0
M3624,L013,109,SAIDA_CONSUMO,13.97,,2,2026-06-04 21:30:00,Quinta,0,Nublado,19.1,0
M3625,L015,110,SAIDA_CONSUMO,1.8,,2,2026-06-04 21:30:00,Quinta,0,Nublado,19.1,0
M3626,L001,101,SAIDA_CONSUMO,61.2,,2,2026-06-05 21:30:00,Sexta,0,Ensolarado,18.1,1
M3627,L003,102,SAIDA_CONSUMO,36.27,,2,2026-06-05 21:30:00,Sexta,0,Ensolarado,18.1,1
M3628,L004,103,SAIDA_CONSUMO,26.4,,2,2026-06-05 21:30:00,Sexta,0,Ensolarado,18.1,1
M3629,L006,104,SAIDA_CONSUMO,13.94,,2,2026-06-05 21:30:00,Sexta,0,Ensolarado,18.1,1
M3630,L007,105,SAIDA_CONSUMO,21.65,,2,2026-06-05 21:30:00,Sexta,0,Ensolarado,18.1,1
M3631,L009,106,SAIDA_CONSUMO,21.38,,2,2026-06-05 21:30:00,Sexta,0,Ensolarado,18.1,1
M3632,L010,107,SAIDA_CONSUMO,17.12,,2,2026-06-05 21:30:00,Sexta,0,Ensolarado,18.1,1
M3633,L012,108,SAIDA_CONSUMO,12.0,,2,2026-06-05 21:30:00,Sexta,0,Ensolarado,18.1,1
M3634,L013,109,SAIDA_CONSUMO,90.46,,2,2026-06-05 21:30:00,Sexta,0,Ensolarado,18.1,1
M3635,L015,110,SAIDA_CONSUMO,4.37,,2,2026-06-05 21:30:00,Sexta,0,Ensolarado,18.1,1
M3636,L001,101,SAIDA_CONSUMO,61.06,,2,2026-06-06 21:30:00,Sábado,0,Frio,16.4,1
M3637,L003,102,SAIDA_CONSUMO,33.35,,2,2026-06-06 21:30:00,Sábado,0,Frio,16.4,1
M3638,L004,103,SAIDA_CONSUMO,26.01,,2,2026-06-06 21:30:00,Sábado,0,Frio,16.4,1
M3639,L006,104,SAIDA_CONSUMO,14.55,,2,2026-06-06 21:30:00,Sábado,0,Frio,16.4,1
M3640,L006,104,DESPERDICIO,0.74,Validade / Avaria,2,2026-06-06 22:00:00,Sábado,0,Frio,16.4,1
M3641,L007,105,SAIDA_CONSUMO,14.74,,2,2026-06-06 21:30:00,Sábado,0,Frio,16.4,1
M3642,L009,106,SAIDA_CONSUMO,12.83,,2,2026-06-06 21:30:00,Sábado,0,Frio,16.4,1
M3643,L010,107,SAIDA_CONSUMO,16.14,,2,2026-06-06 21:30:00,Sábado,0,Frio,16.4,1
M3644,L012,108,SAIDA_CONSUMO,11.02,,2,2026-06-06 21:30:00,Sábado,0,Frio,16.4,1
M3645,L013,109,SAIDA_CONSUMO,47.8,,2,2026-06-06 21:30:00,Sábado,0,Frio,16.4,1
M3646,L015,110,SAIDA_CONSUMO,4.32,,2,2026-06-06 21:30:00,Sábado,0,Frio,16.4,1
M3647,L001,101,SAIDA_CONSUMO,46.46,,2,2026-06-07 21:30:00,Domingo,0,Ensolarado,16.4,0
M3648,L003,102,SAIDA_CONSUMO,31.11,,2,2026-06-07 21:30:00,Domingo,0,Ensolarado,16.4,0
M3649,L004,103,SAIDA_CONSUMO,22.99,,2,2026-06-07 21:30:00,Domingo,0,Ensolarado,16.4,0
M3650,L006,104,SAIDA_CONSUMO,12.04,,2,2026-06-07 21:30:00,Domingo,0,Ensolarado,16.4,0
M3651,L007,105,SAIDA_CONSUMO,16.7,,2,2026-06-07 21:30:00,Domingo,0,Ensolarado,16.4,0
M3652,L007,105,DESPERDICIO,1.14,Quebra de Embalagem,2,2026-06-07 22:00:00,Domingo,0,Ensolarado,16.4,0
M3653,L009,106,SAIDA_CONSUMO,16.96,,2,2026-06-07 21:30:00,Domingo,0,Ensolarado,16.4,0
M3654,L010,107,SAIDA_CONSUMO,13.74,,2,2026-06-07 21:30:00,Domingo,0,Ensolarado,16.4,0
M3655,L012,108,SAIDA_CONSUMO,10.39,,2,2026-06-07 21:30:00,Domingo,0,Ensolarado,16.4,0
M3656,L013,109,SAIDA_CONSUMO,78.0,,2,2026-06-07 21:30:00,Domingo,0,Ensolarado,16.4,0
M3657,L015,110,SAIDA_CONSUMO,3.52,,2,2026-06-07 21:30:00,Domingo,0,Ensolarado,16.4,0
M3658,L001,101,SAIDA_CONSUMO,18.53,,2,2026-06-08 21:30:00,Segunda,0,Frio,14.3,0
M3659,L003,102,SAIDA_CONSUMO,21.92,,2,2026-06-08 21:30:00,Segunda,0,Frio,14.3,0
M3660,L004,103,SAIDA_CONSUMO,7.44,,2,2026-06-08 21:30:00,Segunda,0,Frio,14.3,0
M3661,L006,104,SAIDA_CONSUMO,4.89,,2,2026-06-08 21:30:00,Segunda,0,Frio,14.3,0
M3662,L007,105,SAIDA_CONSUMO,9.2,,2,2026-06-08 21:30:00,Segunda,0,Frio,14.3,0
M3663,L009,106,SAIDA_CONSUMO,5.65,,2,2026-06-08 21:30:00,Segunda,0,Frio,14.3,0
M3664,L010,107,SAIDA_CONSUMO,12.63,,2,2026-06-08 21:30:00,Segunda,0,Frio,14.3,0
M3665,L012,108,SAIDA_CONSUMO,17.32,,2,2026-06-08 21:30:00,Segunda,0,Frio,14.3,0
M3666,L013,109,SAIDA_CONSUMO,7.71,,2,2026-06-08 21:30:00,Segunda,0,Frio,14.3,0
M3667,L015,110,SAIDA_CONSUMO,1.87,,2,2026-06-08 21:30:00,Segunda,0,Frio,14.3,0
M3668,L001,101,SAIDA_CONSUMO,15.05,,2,2026-06-09 21:30:00,Terça,0,Chuvoso,21.7,0
M3669,L003,102,SAIDA_CONSUMO,17.87,,2,2026-06-09 21:30:00,Terça,0,Chuvoso,21.7,0
M3670,L004,103,SAIDA_CONSUMO,7.05,,2,2026-06-09 21:30:00,Terça,0,Chuvoso,21.7,0
M3671,L006,104,SAIDA_CONSUMO,4.65,,2,2026-06-09 21:30:00,Terça,0,Chuvoso,21.7,0
M3672,L007,105,SAIDA_CONSUMO,14.05,,2,2026-06-09 21:30:00,Terça,0,Chuvoso,21.7,0
M3673,L009,106,SAIDA_CONSUMO,9.05,,2,2026-06-09 21:30:00,Terça,0,Chuvoso,21.7,0
M3674,L010,107,SAIDA_CONSUMO,11.46,,2,2026-06-09 21:30:00,Terça,0,Chuvoso,21.7,0
M3675,L012,108,SAIDA_CONSUMO,16.61,,2,2026-06-09 21:30:00,Terça,0,Chuvoso,21.7,0
M3676,L013,109,SAIDA_CONSUMO,7.31,,2,2026-06-09 21:30:00,Terça,0,Chuvoso,21.7,0
M3677,L015,110,SAIDA_CONSUMO,1.8,,2,2026-06-09 21:30:00,Terça,0,Chuvoso,21.7,0
M3678,L015,110,DESPERDICIO,1.06,Sobras de Prato,2,2026-06-09 22:00:00,Terça,0,Chuvoso,21.7,0
M3679,L001,101,SAIDA_CONSUMO,18.33,,2,2026-06-10 21:30:00,Quarta,0,Frio,21.2,0
M3680,L003,102,SAIDA_CONSUMO,22.36,,2,2026-06-10 21:30:00,Quarta,0,Frio,21.2,0
M3681,L004,103,SAIDA_CONSUMO,7.32,,2,2026-06-10 21:30:00,Quarta,0,Frio,21.2,0
M3682,L006,104,SAIDA_CONSUMO,4.89,,2,2026-06-10 21:30:00,Quarta,0,Frio,21.2,0
M3683,L007,105,SAIDA_CONSUMO,9.65,,2,2026-06-10 21:30:00,Quarta,0,Frio,21.2,0
M3684,L009,106,SAIDA_CONSUMO,6.53,,2,2026-06-10 21:30:00,Quarta,0,Frio,21.2,0
M3685,L010,107,SAIDA_CONSUMO,11.65,,2,2026-06-10 21:30:00,Quarta,0,Frio,21.2,0
M3686,L012,108,SAIDA_CONSUMO,16.34,,2,2026-06-10 21:30:00,Quarta,0,Frio,21.2,0
M3687,L013,109,SAIDA_CONSUMO,7.82,,2,2026-06-10 21:30:00,Quarta,0,Frio,21.2,0
M3688,L015,110,SAIDA_CONSUMO,1.77,,2,2026-06-10 21:30:00,Quarta,0,Frio,21.2,0
M3689,L001,101,SAIDA_CONSUMO,14.91,,2,2026-06-11 21:30:00,Quinta,0,Frio,12.1,0
M3690,L003,102,SAIDA_CONSUMO,17.81,,2,2026-06-11 21:30:00,Quinta,0,Frio,12.1,0
M3691,L004,103,SAIDA_CONSUMO,6.68,,2,2026-06-11 21:30:00,Quinta,0,Frio,12.1,0
M3692,L006,104,SAIDA_CONSUMO,3.83,,2,2026-06-11 21:30:00,Quinta,0,Frio,12.1,0
M3693,L007,105,SAIDA_CONSUMO,7.28,,2,2026-06-11 21:30:00,Quinta,0,Frio,12.1,0
M3694,L009,106,SAIDA_CONSUMO,5.2,,2,2026-06-11 21:30:00,Quinta,0,Frio,12.1,0
M3695,L010,107,SAIDA_CONSUMO,9.91,,2,2026-06-11 21:30:00,Quinta,0,Frio,12.1,0
M3696,L012,108,SAIDA_CONSUMO,13.21,,2,2026-06-11 21:30:00,Quinta,0,Frio,12.1,0
M3697,L013,109,SAIDA_CONSUMO,5.94,,2,2026-06-11 21:30:00,Quinta,0,Frio,12.1,0
M3698,L015,110,SAIDA_CONSUMO,1.5,,2,2026-06-11 21:30:00,Quinta,0,Frio,12.1,0
M3699,L001,101,SAIDA_CONSUMO,51.06,,2,2026-06-12 21:30:00,Sexta,1,Chuvoso,12.5,1
M3700,L003,102,SAIDA_CONSUMO,32.46,,2,2026-06-12 21:30:00,Sexta,1,Chuvoso,12.5,1
M3701,L004,103,SAIDA_CONSUMO,29.31,,2,2026-06-12 21:30:00,Sexta,1,Chuvoso,12.5,1
M3702,L006,104,SAIDA_CONSUMO,15.1,,2,2026-06-12 21:30:00,Sexta,1,Chuvoso,12.5,1
M3703,L007,105,SAIDA_CONSUMO,24.57,,2,2026-06-12 21:30:00,Sexta,1,Chuvoso,12.5,1
M3704,L007,105,DESPERDICIO,0.3,Sobras de Prato,2,2026-06-12 22:00:00,Sexta,1,Chuvoso,12.5,1
M3705,L009,106,SAIDA_CONSUMO,20.44,,2,2026-06-12 21:30:00,Sexta,1,Chuvoso,12.5,1
M3706,L010,107,SAIDA_CONSUMO,18.62,,2,2026-06-12 21:30:00,Sexta,1,Chuvoso,12.5,1
M3707,L012,108,SAIDA_CONSUMO,12.25,,2,2026-06-12 21:30:00,Sexta,1,Chuvoso,12.5,1
M3708,L013,109,SAIDA_CONSUMO,52.8,,2,2026-06-12 21:30:00,Sexta,1,Chuvoso,12.5,1
M3709,L015,110,SAIDA_CONSUMO,4.72,,2,2026-06-12 21:30:00,Sexta,1,Chuvoso,12.5,1
M3710,L001,101,SAIDA_CONSUMO,38.83,,2,2026-06-13 21:30:00,Sábado,0,Chuvoso,15.4,1
M3711,L003,102,SAIDA_CONSUMO,24.45,,2,2026-06-13 21:30:00,Sábado,0,Chuvoso,15.4,1
M3712,L004,103,SAIDA_CONSUMO,22.42,,2,2026-06-13 21:30:00,Sábado,0,Chuvoso,15.4,1
M3713,L006,104,SAIDA_CONSUMO,12.76,,2,2026-06-13 21:30:00,Sábado,0,Chuvoso,15.4,1
M3714,L007,105,SAIDA_CONSUMO,18.23,,2,2026-06-13 21:30:00,Sábado,0,Chuvoso,15.4,1
M3715,L009,106,SAIDA_CONSUMO,16.94,,2,2026-06-13 21:30:00,Sábado,0,Chuvoso,15.4,1
M3716,L010,107,SAIDA_CONSUMO,12.85,,2,2026-06-13 21:30:00,Sábado,0,Chuvoso,15.4,1
M3717,L012,108,SAIDA_CONSUMO,10.42,,2,2026-06-13 21:30:00,Sábado,0,Chuvoso,15.4,1
M3718,L013,109,SAIDA_CONSUMO,39.56,,2,2026-06-13 21:30:00,Sábado,0,Chuvoso,15.4,1
M3719,L015,110,SAIDA_CONSUMO,3.64,,2,2026-06-13 21:30:00,Sábado,0,Chuvoso,15.4,1
M3720,L001,101,SAIDA_CONSUMO,40.71,,2,2026-06-14 21:30:00,Domingo,0,Nublado,12.6,0
M3721,L003,102,SAIDA_CONSUMO,27.52,,2,2026-06-14 21:30:00,Domingo,0,Nublado,12.6,0
M3722,L004,103,SAIDA_CONSUMO,16.79,,2,2026-06-14 21:30:00,Domingo,0,Nublado,12.6,0
M3723,L006,104,SAIDA_CONSUMO,9.83,,2,2026-06-14 21:30:00,Domingo,0,Nublado,12.6,0
M3724,L007,105,SAIDA_CONSUMO,15.89,,2,2026-06-14 21:30:00,Domingo,0,Nublado,12.6,0
M3725,L009,106,SAIDA_CONSUMO,14.45,,2,2026-06-14 21:30:00,Domingo,0,Nublado,12.6,0
M3726,L010,107,SAIDA_CONSUMO,11.78,,2,2026-06-14 21:30:00,Domingo,0,Nublado,12.6,0
M3727,L012,108,SAIDA_CONSUMO,7.93,,2,2026-06-14 21:30:00,Domingo,0,Nublado,12.6,0
M3728,L013,109,SAIDA_CONSUMO,69.21,,2,2026-06-14 21:30:00,Domingo,0,Nublado,12.6,0
M3729,L015,110,SAIDA_CONSUMO,2.96,,2,2026-06-14 21:30:00,Domingo,0,Nublado,12.6,0
M3730,L001,101,SAIDA_CONSUMO,16.67,,2,2026-06-15 21:30:00,Segunda,0,Frio,12.7,0
M3731,L003,102,SAIDA_CONSUMO,17.2,,2,2026-06-15 21:30:00,Segunda,0,Frio,12.7,0
M3732,L004,103,SAIDA_CONSUMO,5.67,,2,2026-06-15 21:30:00,Segunda,0,Frio,12.7,0
M3733,L006,104,SAIDA_CONSUMO,4.14,,2,2026-06-15 21:30:00,Segunda,0,Frio,12.7,0
M3734,L007,105,SAIDA_CONSUMO,7.8,,2,2026-06-15 21:30:00,Segunda,0,Frio,12.7,0
M3735,L009,106,SAIDA_CONSUMO,4.84,,2,2026-06-15 21:30:00,Segunda,0,Frio,12.7,0
M3736,L010,107,SAIDA_CONSUMO,9.33,,2,2026-06-15 21:30:00,Segunda,0,Frio,12.7,0
M3737,L012,108,SAIDA_CONSUMO,13.78,,2,2026-06-15 21:30:00,Segunda,0,Frio,12.7,0
M3738,L013,109,SAIDA_CONSUMO,7.13,,2,2026-06-15 21:30:00,Segunda,0,Frio,12.7,0
M3739,L015,110,SAIDA_CONSUMO,1.38,,2,2026-06-15 21:30:00,Segunda,0,Frio,12.7,0
M3740,L001,101,SAIDA_CONSUMO,13.5,,2,2026-06-16 21:30:00,Terça,0,Ensolarado,19.3,0
M3741,L003,102,SAIDA_CONSUMO,18.76,,2,2026-06-16 21:30:00,Terça,0,Ensolarado,19.3,0
M3742,L004,103,SAIDA_CONSUMO,5.81,,2,2026-06-16 21:30:00,Terça,0,Ensolarado,19.3,0
M3743,L006,104,SAIDA_CONSUMO,4.2,,2,2026-06-16 21:30:00,Terça,0,Ensolarado,19.3,0
M3744,L007,105,SAIDA_CONSUMO,12.78,,2,2026-06-16 21:30:00,Terça,0,Ensolarado,19.3,0
M3745,L009,106,SAIDA_CONSUMO,7.81,,2,2026-06-16 21:30:00,Terça,0,Ensolarado,19.3,0
M3746,L010,107,SAIDA_CONSUMO,10.13,,2,2026-06-16 21:30:00,Terça,0,Ensolarado,19.3,0
M3747,L012,108,SAIDA_CONSUMO,14.86,,2,2026-06-16 21:30:00,Terça,0,Ensolarado,19.3,0
M3748,L013,109,SAIDA_CONSUMO,12.34,,2,2026-06-16 21:30:00,Terça,0,Ensolarado,19.3,0
M3749,L015,110,SAIDA_CONSUMO,1.47,,2,2026-06-16 21:30:00,Terça,0,Ensolarado,19.3,0
M3750,L015,110,DESPERDICIO,0.87,Validade / Avaria,2,2026-06-16 22:00:00,Terça,0,Ensolarado,19.3,0
M3751,L001,101,SAIDA_CONSUMO,15.46,,2,2026-06-17 21:30:00,Quarta,0,Ensolarado,15.7,0
M3752,L003,102,SAIDA_CONSUMO,16.13,,2,2026-06-17 21:30:00,Quarta,0,Ensolarado,15.7,0
M3753,L004,103,SAIDA_CONSUMO,6.2,,2,2026-06-17 21:30:00,Quarta,0,Ensolarado,15.7,0
M3754,L006,104,SAIDA_CONSUMO,3.78,,2,2026-06-17 21:30:00,Quarta,0,Ensolarado,15.7,0
M3755,L007,105,SAIDA_CONSUMO,12.49,,2,2026-06-17 21:30:00,Quarta,0,Ensolarado,15.7,0
M3756,L009,106,SAIDA_CONSUMO,8.49,,2,2026-06-17 21:30:00,Quarta,0,Ensolarado,15.7,0
M3757,L010,107,SAIDA_CONSUMO,10.3,,2,2026-06-17 21:30:00,Quarta,0,Ensolarado,15.7,0
M3758,L012,108,SAIDA_CONSUMO,12.79,,2,2026-06-17 21:30:00,Quarta,0,Ensolarado,15.7,0
M3759,L013,109,SAIDA_CONSUMO,11.77,,2,2026-06-17 21:30:00,Quarta,0,Ensolarado,15.7,0
M3760,L015,110,SAIDA_CONSUMO,1.36,,2,2026-06-17 21:30:00,Quarta,0,Ensolarado,15.7,0
M3761,L001,101,SAIDA_CONSUMO,15.57,,2,2026-06-18 21:30:00,Quinta,0,Nublado,18.6,0
M3762,L003,102,SAIDA_CONSUMO,17.12,,2,2026-06-18 21:30:00,Quinta,0,Nublado,18.6,0
M3763,L004,103,SAIDA_CONSUMO,5.75,,2,2026-06-18 21:30:00,Quinta,0,Nublado,18.6,0
M3764,L006,104,SAIDA_CONSUMO,3.97,,2,2026-06-18 21:30:00,Quinta,0,Nublado,18.6,0
M3765,L007,105,SAIDA_CONSUMO,12.58,,2,2026-06-18 21:30:00,Quinta,0,Nublado,18.6,0
M3766,L009,106,SAIDA_CONSUMO,7.7,,2,2026-06-18 21:30:00,Quinta,0,Nublado,18.6,0
M3767,L010,107,SAIDA_CONSUMO,10.95,,2,2026-06-18 21:30:00,Quinta,0,Nublado,18.6,0
M3768,L012,108,SAIDA_CONSUMO,12.99,,2,2026-06-18 21:30:00,Quinta,0,Nublado,18.6,0
M3769,L013,109,SAIDA_CONSUMO,11.89,,2,2026-06-18 21:30:00,Quinta,0,Nublado,18.6,0
M3770,L015,110,SAIDA_CONSUMO,1.6,,2,2026-06-18 21:30:00,Quinta,0,Nublado,18.6,0
M3771,L001,101,SAIDA_CONSUMO,36.17,,2,2026-06-19 21:30:00,Sexta,0,Chuvoso,13.6,0
M3772,L003,102,SAIDA_CONSUMO,21.51,,2,2026-06-19 21:30:00,Sexta,0,Chuvoso,13.6,0
M3773,L004,103,SAIDA_CONSUMO,17.53,,2,2026-06-19 21:30:00,Sexta,0,Chuvoso,13.6,0
M3774,L006,104,SAIDA_CONSUMO,10.11,,2,2026-06-19 21:30:00,Sexta,0,Chuvoso,13.6,0
M3775,L007,105,SAIDA_CONSUMO,15.36,,2,2026-06-19 21:30:00,Sexta,0,Chuvoso,13.6,0
M3776,L009,106,SAIDA_CONSUMO,12.78,,2,2026-06-19 21:30:00,Sexta,0,Chuvoso,13.6,0
M3777,L010,107,SAIDA_CONSUMO,12.15,,2,2026-06-19 21:30:00,Sexta,0,Chuvoso,13.6,0
M3778,L012,108,SAIDA_CONSUMO,8.48,,2,2026-06-19 21:30:00,Sexta,0,Chuvoso,13.6,0
M3779,L013,109,SAIDA_CONSUMO,29.99,,2,2026-06-19 21:30:00,Sexta,0,Chuvoso,13.6,0
M3780,L015,110,SAIDA_CONSUMO,2.93,,2,2026-06-19 21:30:00,Sexta,0,Chuvoso,13.6,0
M3781,L001,101,SAIDA_CONSUMO,48.87,,2,2026-06-20 21:30:00,Sábado,0,Frio,21.1,1
M3782,L003,102,SAIDA_CONSUMO,29.62,,2,2026-06-20 21:30:00,Sábado,0,Frio,21.1,1
M3783,L004,103,SAIDA_CONSUMO,21.9,,2,2026-06-20 21:30:00,Sábado,0,Frio,21.1,1
M3784,L006,104,SAIDA_CONSUMO,12.46,,2,2026-06-20 21:30:00,Sábado,0,Frio,21.1,1
M3785,L007,105,SAIDA_CONSUMO,12.45,,2,2026-06-20 21:30:00,Sábado,0,Frio,21.1,1
M3786,L009,106,SAIDA_CONSUMO,10.29,,2,2026-06-20 21:30:00,Sábado,0,Frio,21.1,1
M3787,L010,107,SAIDA_CONSUMO,14.3,,2,2026-06-20 21:30:00,Sábado,0,Frio,21.1,1
M3788,L012,108,SAIDA_CONSUMO,9.41,,2,2026-06-20 21:30:00,Sábado,0,Frio,21.1,1
M3789,L013,109,SAIDA_CONSUMO,42.69,,2,2026-06-20 21:30:00,Sábado,0,Frio,21.1,1
M3790,L015,110,SAIDA_CONSUMO,3.46,,2,2026-06-20 21:30:00,Sábado,0,Frio,21.1,1
M3791,L001,101,SAIDA_CONSUMO,42.55,,2,2026-06-21 21:30:00,Domingo,0,Frio,20.5,0
M3792,L003,102,SAIDA_CONSUMO,25.25,,2,2026-06-21 21:30:00,Domingo,0,Frio,20.5,0
M3793,L004,103,SAIDA_CONSUMO,17.69,,2,2026-06-21 21:30:00,Domingo,0,Frio,20.5,0
M3794,L006,104,SAIDA_CONSUMO,9.02,,2,2026-06-21 21:30:00,Domingo,0,Frio,20.5,0
M3795,L007,105,SAIDA_CONSUMO,9.28,,2,2026-06-21 21:30:00,Domingo,0,Frio,20.5,0
M3796,L009,106,SAIDA_CONSUMO,8.9,,2,2026-06-21 21:30:00,Domingo,0,Frio,20.5,0
M3797,L010,107,SAIDA_CONSUMO,11.86,,2,2026-06-21 21:30:00,Domingo,0,Frio,20.5,0
M3798,L012,108,SAIDA_CONSUMO,7.87,,2,2026-06-21 21:30:00,Domingo,0,Frio,20.5,0
M3799,L013,109,SAIDA_CONSUMO,34.59,,2,2026-06-21 21:30:00,Domingo,0,Frio,20.5,0
M3800,L015,110,SAIDA_CONSUMO,3.12,,2,2026-06-21 21:30:00,Domingo,0,Frio,20.5,0
M3801,L001,101,SAIDA_CONSUMO,12.67,,2,2026-06-22 21:30:00,Segunda,0,Chuvoso,19.7,0
M3802,L003,102,SAIDA_CONSUMO,16.6,,2,2026-06-22 21:30:00,Segunda,0,Chuvoso,19.7,0
M3803,L004,103,SAIDA_CONSUMO,5.95,,2,2026-06-22 21:30:00,Segunda,0,Chuvoso,19.7,0
M3804,L006,104,SAIDA_CONSUMO,4.37,,2,2026-06-22 21:30:00,Segunda,0,Chuvoso,19.7,0
M3805,L007,105,SAIDA_CONSUMO,11.69,,2,2026-06-22 21:30:00,Segunda,0,Chuvoso,19.7,0
M3806,L009,106,SAIDA_CONSUMO,8.22,,2,2026-06-22 21:30:00,Segunda,0,Chuvoso,19.7,0
M3807,L010,107,SAIDA_CONSUMO,10.34,,2,2026-06-22 21:30:00,Segunda,0,Chuvoso,19.7,0
M3808,L012,108,SAIDA_CONSUMO,13.89,,2,2026-06-22 21:30:00,Segunda,0,Chuvoso,19.7,0
M3809,L013,109,SAIDA_CONSUMO,5.76,,2,2026-06-22 21:30:00,Segunda,0,Chuvoso,19.7,0
M3810,L015,110,SAIDA_CONSUMO,1.42,,2,2026-06-22 21:30:00,Segunda,0,Chuvoso,19.7,0
M3811,L001,101,SAIDA_CONSUMO,14.73,,2,2026-06-23 21:30:00,Terça,0,Frio,21.1,0
M3812,L003,102,SAIDA_CONSUMO,16.83,,2,2026-06-23 21:30:00,Terça,0,Frio,21.1,0
M3813,L004,103,SAIDA_CONSUMO,6.33,,2,2026-06-23 21:30:00,Terça,0,Frio,21.1,0
M3814,L006,104,SAIDA_CONSUMO,3.7,,2,2026-06-23 21:30:00,Terça,0,Frio,21.1,0
M3815,L007,105,SAIDA_CONSUMO,7.42,,2,2026-06-23 21:30:00,Terça,0,Frio,21.1,0
M3816,L009,106,SAIDA_CONSUMO,5.28,,2,2026-06-23 21:30:00,Terça,0,Frio,21.1,0
M3817,L010,107,SAIDA_CONSUMO,10.03,,2,2026-06-23 21:30:00,Terça,0,Frio,21.1,0
M3818,L012,108,SAIDA_CONSUMO,13.43,,2,2026-06-23 21:30:00,Terça,0,Frio,21.1,0
M3819,L013,109,SAIDA_CONSUMO,6.18,,2,2026-06-23 21:30:00,Terça,0,Frio,21.1,0
M3820,L015,110,SAIDA_CONSUMO,1.41,,2,2026-06-23 21:30:00,Terça,0,Frio,21.1,0
M3821,L001,101,SAIDA_CONSUMO,15.68,,2,2026-06-24 21:30:00,Quarta,0,Ensolarado,18.2,0
M3822,L003,102,SAIDA_CONSUMO,17.63,,2,2026-06-24 21:30:00,Quarta,0,Ensolarado,18.2,0
M3823,L004,103,SAIDA_CONSUMO,6.18,,2,2026-06-24 21:30:00,Quarta,0,Ensolarado,18.2,0
M3824,L006,104,SAIDA_CONSUMO,3.87,,2,2026-06-24 21:30:00,Quarta,0,Ensolarado,18.2,0
M3825,L007,105,SAIDA_CONSUMO,11.62,,2,2026-06-24 21:30:00,Quarta,0,Ensolarado,18.2,0
M3826,L009,106,SAIDA_CONSUMO,7.58,,2,2026-06-24 21:30:00,Quarta,0,Ensolarado,18.2,0
M3827,L010,107,SAIDA_CONSUMO,9.51,,2,2026-06-24 21:30:00,Quarta,0,Ensolarado,18.2,0
M3828,L012,108,SAIDA_CONSUMO,13.72,,2,2026-06-24 21:30:00,Quarta,0,Ensolarado,18.2,0
M3829,L013,109,SAIDA_CONSUMO,11.9,,2,2026-06-24 21:30:00,Quarta,0,Ensolarado,18.2,0
M3830,L015,110,SAIDA_CONSUMO,1.32,,2,2026-06-24 21:30:00,Quarta,0,Ensolarado,18.2,0
M3831,L001,101,SAIDA_CONSUMO,18.41,,2,2026-06-25 21:30:00,Quinta,1,Ensolarado,15.2,0
M3832,L003,102,SAIDA_CONSUMO,23.02,,2,2026-06-25 21:30:00,Quinta,1,Ensolarado,15.2,0
M3833,L003,102,DESPERDICIO,1.04,Quebra de Embalagem,2,2026-06-25 22:00:00,Quinta,1,Ensolarado,15.2,0
M3834,L004,103,SAIDA_CONSUMO,7.6,,2,2026-06-25 21:30:00,Quinta,1,Ensolarado,15.2,0
M3835,L006,104,SAIDA_CONSUMO,5.45,,2,2026-06-25 21:30:00,Quinta,1,Ensolarado,15.2,0
M3836,L007,105,SAIDA_CONSUMO,16.07,,2,2026-06-25 21:30:00,Quinta,1,Ensolarado,15.2,0
M3837,L009,106,SAIDA_CONSUMO,10.3,,2,2026-06-25 21:30:00,Quinta,1,Ensolarado,15.2,0
M3838,L010,107,SAIDA_CONSUMO,13.1,,2,2026-06-25 21:30:00,Quinta,1,Ensolarado,15.2,0
M3839,L012,108,SAIDA_CONSUMO,18.62,,2,2026-06-25 21:30:00,Quinta,1,Ensolarado,15.2,0
M3840,L013,109,SAIDA_CONSUMO,15.82,,2,2026-06-25 21:30:00,Quinta,1,Ensolarado,15.2,0
M3841,L015,110,SAIDA_CONSUMO,2.1,,2,2026-06-25 21:30:00,Quinta,1,Ensolarado,15.2,0
M3842,L001,101,SAIDA_CONSUMO,48.27,,2,2026-06-26 21:30:00,Sexta,0,Frio,13.7,1
M3843,L003,102,SAIDA_CONSUMO,31.29,,2,2026-06-26 21:30:00,Sexta,0,Frio,13.7,1
M3844,L004,103,SAIDA_CONSUMO,22.48,,2,2026-06-26 21:30:00,Sexta,0,Frio,13.7,1
M3845,L006,104,SAIDA_CONSUMO,11.52,,2,2026-06-26 21:30:00,Sexta,0,Frio,13.7,1
M3846,L007,105,SAIDA_CONSUMO,10.77,,2,2026-06-26 21:30:00,Sexta,0,Frio,13.7,1
M3847,L009,106,SAIDA_CONSUMO,10.95,,2,2026-06-26 21:30:00,Sexta,0,Frio,13.7,1
M3848,L010,107,SAIDA_CONSUMO,14.46,,2,2026-06-26 21:30:00,Sexta,0,Frio,13.7,1
M3849,L012,108,SAIDA_CONSUMO,9.36,,2,2026-06-26 21:30:00,Sexta,0,Frio,13.7,1
M3850,L013,109,SAIDA_CONSUMO,41.57,,2,2026-06-26 21:30:00,Sexta,0,Frio,13.7,1
M3851,L015,110,SAIDA_CONSUMO,3.35,,2,2026-06-26 21:30:00,Sexta,0,Frio,13.7,1
M3852,L015,110,DESPERDICIO,0.29,Validade / Avaria,2,2026-06-26 22:00:00,Sexta,0,Frio,13.7,1
M3853,L001,101,SAIDA_CONSUMO,39.66,,2,2026-06-27 21:30:00,Sábado,0,Frio,13.4,0
M3854,L003,102,SAIDA_CONSUMO,27.05,,2,2026-06-27 21:30:00,Sábado,0,Frio,13.4,0
M3855,L003,102,DESPERDICIO,1.27,Sobras de Prato,2,2026-06-27 22:00:00,Sábado,0,Frio,13.4,0
M3856,L004,103,SAIDA_CONSUMO,17.01,,2,2026-06-27 21:30:00,Sábado,0,Frio,13.4,0
M3857,L006,104,SAIDA_CONSUMO,10.9,,2,2026-06-27 21:30:00,Sábado,0,Frio,13.4,0
M3858,L007,105,SAIDA_CONSUMO,8.24,,2,2026-06-27 21:30:00,Sábado,0,Frio,13.4,0
M3859,L009,106,SAIDA_CONSUMO,9.17,,2,2026-06-27 21:30:00,Sábado,0,Frio,13.4,0
M3860,L010,107,SAIDA_CONSUMO,11.87,,2,2026-06-27 21:30:00,Sábado,0,Frio,13.4,0
M3861,L012,108,SAIDA_CONSUMO,8.41,,2,2026-06-27 21:30:00,Sábado,0,Frio,13.4,0
M3862,L013,109,SAIDA_CONSUMO,31.62,,2,2026-06-27 21:30:00,Sábado,0,Frio,13.4,0
M3863,L015,110,SAIDA_CONSUMO,3.17,,2,2026-06-27 21:30:00,Sábado,0,Frio,13.4,0
M3864,L001,101,SAIDA_CONSUMO,39.07,,2,2026-06-28 21:30:00,Domingo,0,Nublado,18.4,0
M3865,L003,102,SAIDA_CONSUMO,25.98,,2,2026-06-28 21:30:00,Domingo,0,Nublado,18.4,0
M3866,L004,103,SAIDA_CONSUMO,17.19,,2,2026-06-28 21:30:00,Domingo,0,Nublado,18.4,0
M3867,L006,104,SAIDA_CONSUMO,9.82,,2,2026-06-28 21:30:00,Domingo,0,Nublado,18.4,0
M3868,L007,105,SAIDA_CONSUMO,14.34,,2,2026-06-28 21:30:00,Domingo,0,Nublado,18.4,0
M3869,L009,106,SAIDA_CONSUMO,14.93,,2,2026-06-28 21:30:00,Domingo,0,Nublado,18.4,0
M3870,L010,107,SAIDA_CONSUMO,11.7,,2,2026-06-28 21:30:00,Domingo,0,Nublado,18.4,0
M3871,L012,108,SAIDA_CONSUMO,8.47,,2,2026-06-28 21:30:00,Domingo,0,Nublado,18.4,0
M3872,L013,109,SAIDA_CONSUMO,69.32,,2,2026-06-28 21:30:00,Domingo,0,Nublado,18.4,0
M3873,L015,110,SAIDA_CONSUMO,2.84,,2,2026-06-28 21:30:00,Domingo,0,Nublado,18.4,0
M3874,L001,101,SAIDA_CONSUMO,13.41,,2,2026-06-29 21:30:00,Segunda,0,Chuvoso,16.6,0
M3875,L003,102,SAIDA_CONSUMO,15.81,,2,2026-06-29 21:30:00,Segunda,0,Chuvoso,16.6,0
M3876,L004,103,SAIDA_CONSUMO,5.52,,2,2026-06-29 21:30:00,Segunda,0,Chuvoso,16.6,0
M3877,L006,104,SAIDA_CONSUMO,3.74,,2,2026-06-29 21:30:00,Segunda,0,Chuvoso,16.6,0
M3878,L007,105,SAIDA_CONSUMO,12.6,,2,2026-06-29 21:30:00,Segunda,0,Chuvoso,16.6,0
M3879,L009,106,SAIDA_CONSUMO,7.82,,2,2026-06-29 21:30:00,Segunda,0,Chuvoso,16.6,0
M3880,L010,107,SAIDA_CONSUMO,10.18,,2,2026-06-29 21:30:00,Segunda,0,Chuvoso,16.6,0
M3881,L012,108,SAIDA_CONSUMO,13.2,,2,2026-06-29 21:30:00,Segunda,0,Chuvoso,16.6,0
M3882,L012,108,DESPERDICIO,0.25,Validade / Avaria,2,2026-06-29 22:00:00,Segunda,0,Chuvoso,16.6,0
M3883,L013,109,SAIDA_CONSUMO,5.87,,2,2026-06-29 21:30:00,Segunda,0,Chuvoso,16.6,0
M3884,L015,110,SAIDA_CONSUMO,1.45,,2,2026-06-29 21:30:00,Segunda,0,Chuvoso,16.6,0
M3885,L001,101,SAIDA_CONSUMO,15.35,,2,2026-06-30 21:30:00,Terça,0,Frio,21.6,0
M3886,L003,102,SAIDA_CONSUMO,19.17,,2,2026-06-30 21:30:00,Terça,0,Frio,21.6,0
M3887,L003,102,DESPERDICIO,1.48,Validade / Avaria,2,2026-06-30 22:00:00,Terça,0,Frio,21.6,0
M3888,L004,103,SAIDA_CONSUMO,5.82,,2,2026-06-30 21:30:00,Terça,0,Frio,21.6,0
M3889,L006,104,SAIDA_CONSUMO,4.16,,2,2026-06-30 21:30:00,Terça,0,Frio,21.6,0
M3890,L007,105,SAIDA_CONSUMO,7.55,,2,2026-06-30 21:30:00,Terça,0,Frio,21.6,0
M3891,L009,106,SAIDA_CONSUMO,5.46,,2,2026-06-30 21:30:00,Terça,0,Frio,21.6,0
M3892,L010,107,SAIDA_CONSUMO,10.11,,2,2026-06-30 21:30:00,Terça,0,Frio,21.6,0
M3893,L012,108,SAIDA_CONSUMO,13.64,,2,2026-06-30 21:30:00,Terça,0,Frio,21.6,0
M3894,L013,109,SAIDA_CONSUMO,5.91,,2,2026-06-30 21:30:00,Terça,0,Frio,21.6,0
M3895,L015,110,SAIDA_CONSUMO,1.42,,2,2026-06-30 21:30:00,Terça,0,Frio,21.6,0
M3896,L001,101,SAIDA_CONSUMO,20.64,,2,2026-07-01 21:30:00,Quarta,1,Chuvoso,14.7,0
M3897,L003,102,SAIDA_CONSUMO,23.78,,2,2026-07-01 21:30:00,Quarta,1,Chuvoso,14.7,0
M3898,L004,103,SAIDA_CONSUMO,9.07,,2,2026-07-01 21:30:00,Quarta,1,Chuvoso,14.7,0
M3899,L004,103,DESPERDICIO,0.57,Sobras de Prato,2,2026-07-01 22:00:00,Quarta,1,Chuvoso,14.7,0
M3900,L006,104,SAIDA_CONSUMO,5.78,,2,2026-07-01 21:30:00,Quarta,1,Chuvoso,14.7,0
M3901,L007,105,SAIDA_CONSUMO,18.88,,2,2026-07-01 21:30:00,Quarta,1,Chuvoso,14.7,0
M3902,L007,105,DESPERDICIO,0.85,Quebra de Embalagem,2,2026-07-01 22:00:00,Quarta,1,Chuvoso,14.7,0
M3903,L009,106,SAIDA_CONSUMO,12.08,,2,2026-07-01 21:30:00,Quarta,1,Chuvoso,14.7,0
M3904,L010,107,SAIDA_CONSUMO,15.44,,2,2026-07-01 21:30:00,Quarta,1,Chuvoso,14.7,0
M3905,L010,107,DESPERDICIO,1.46,Validade / Avaria,2,2026-07-01 22:00:00,Quarta,1,Chuvoso,14.7,0
M3906,L012,108,SAIDA_CONSUMO,21.85,,2,2026-07-01 21:30:00,Quarta,1,Chuvoso,14.7,0
M3907,L013,109,SAIDA_CONSUMO,9.54,,2,2026-07-01 21:30:00,Quarta,1,Chuvoso,14.7,0
M3908,L015,110,SAIDA_CONSUMO,2.24,,2,2026-07-01 21:30:00,Quarta,1,Chuvoso,14.7,0
M3909,L001,101,SAIDA_CONSUMO,17.71,,2,2026-07-02 21:30:00,Quinta,0,Frio,15.4,0
M3910,L003,102,SAIDA_CONSUMO,22.96,,2,2026-07-02 21:30:00,Quinta,0,Frio,15.4,0
M3911,L004,103,SAIDA_CONSUMO,6.74,,2,2026-07-02 21:30:00,Quinta,0,Frio,15.4,0
M3912,L006,104,SAIDA_CONSUMO,4.99,,2,2026-07-02 21:30:00,Quinta,0,Frio,15.4,0
M3913,L007,105,SAIDA_CONSUMO,9.49,,2,2026-07-02 21:30:00,Quinta,0,Frio,15.4,0
M3914,L009,106,SAIDA_CONSUMO,6.44,,2,2026-07-02 21:30:00,Quinta,0,Frio,15.4,0
M3915,L010,107,SAIDA_CONSUMO,12.58,,2,2026-07-02 21:30:00,Quinta,0,Frio,15.4,0
M3916,L010,107,DESPERDICIO,0.51,Validade / Avaria,2,2026-07-02 22:00:00,Quinta,0,Frio,15.4,0
M3917,L012,108,SAIDA_CONSUMO,17.02,,2,2026-07-02 21:30:00,Quinta,0,Frio,15.4,0
M3918,L013,109,SAIDA_CONSUMO,7.11,,2,2026-07-02 21:30:00,Quinta,0,Frio,15.4,0
M3919,L015,110,SAIDA_CONSUMO,1.65,,2,2026-07-02 21:30:00,Quinta,0,Frio,15.4,0
M3920,L001,101,SAIDA_CONSUMO,48.63,,2,2026-07-03 21:30:00,Sexta,0,Frio,19.2,0
M3921,L003,102,SAIDA_CONSUMO,29.18,,2,2026-07-03 21:30:00,Sexta,0,Frio,19.2,0
M3922,L004,103,SAIDA_CONSUMO,20.61,,2,2026-07-03 21:30:00,Sexta,0,Frio,19.2,0
M3923,L004,103,DESPERDICIO,1.11,Quebra de Embalagem,2,2026-07-03 22:00:00,Sexta,0,Frio,19.2,0
M3924,L006,104,SAIDA_CONSUMO,11.4,,2,2026-07-03 21:30:00,Sexta,0,Frio,19.2,0
M3925,L007,105,SAIDA_CONSUMO,11.77,,2,2026-07-03 21:30:00,Sexta,0,Frio,19.2,0
M3926,L009,106,SAIDA_CONSUMO,10.19,,2,2026-07-03 21:30:00,Sexta,0,Frio,19.2,0
M3927,L010,107,SAIDA_CONSUMO,13.93,,2,2026-07-03 21:30:00,Sexta,0,Frio,19.2,0
M3928,L012,108,SAIDA_CONSUMO,9.59,,2,2026-07-03 21:30:00,Sexta,0,Frio,19.2,0
M3929,L013,109,SAIDA_CONSUMO,38.72,,2,2026-07-03 21:30:00,Sexta,0,Frio,19.2,0
M3930,L015,110,SAIDA_CONSUMO,3.63,,2,2026-07-03 21:30:00,Sexta,0,Frio,19.2,0
M3931,L001,101,SAIDA_CONSUMO,58.26,,2,2026-07-04 21:30:00,Sábado,0,Ensolarado,16.9,1
M3932,L003,102,SAIDA_CONSUMO,37.19,,2,2026-07-04 21:30:00,Sábado,0,Ensolarado,16.9,1
M3933,L004,103,SAIDA_CONSUMO,25.25,,2,2026-07-04 21:30:00,Sábado,0,Ensolarado,16.9,1
M3934,L006,104,SAIDA_CONSUMO,14.83,,2,2026-07-04 21:30:00,Sábado,0,Ensolarado,16.9,1
M3935,L007,105,SAIDA_CONSUMO,21.01,,2,2026-07-04 21:30:00,Sábado,0,Ensolarado,16.9,1
M3936,L009,106,SAIDA_CONSUMO,20.65,,2,2026-07-04 21:30:00,Sábado,0,Ensolarado,16.9,1
M3937,L010,107,SAIDA_CONSUMO,17.08,,2,2026-07-04 21:30:00,Sábado,0,Ensolarado,16.9,1
M3938,L012,108,SAIDA_CONSUMO,11.61,,2,2026-07-04 21:30:00,Sábado,0,Ensolarado,16.9,1
M3939,L013,109,SAIDA_CONSUMO,96.16,,2,2026-07-04 21:30:00,Sábado,0,Ensolarado,16.9,1
M3940,L015,110,SAIDA_CONSUMO,4.24,,2,2026-07-04 21:30:00,Sábado,0,Ensolarado,16.9,1
M3941,L001,101,SAIDA_CONSUMO,39.58,,2,2026-07-05 21:30:00,Domingo,0,Chuvoso,17.8,0
M3942,L003,102,SAIDA_CONSUMO,27.46,,2,2026-07-05 21:30:00,Domingo,0,Chuvoso,17.8,0
M3943,L004,103,SAIDA_CONSUMO,21.44,,2,2026-07-05 21:30:00,Domingo,0,Chuvoso,17.8,0
M3944,L006,104,SAIDA_CONSUMO,12.04,,2,2026-07-05 21:30:00,Domingo,0,Chuvoso,17.8,0
M3945,L007,105,SAIDA_CONSUMO,17.34,,2,2026-07-05 21:30:00,Domingo,0,Chuvoso,17.8,0
M3946,L009,106,SAIDA_CONSUMO,16.24,,2,2026-07-05 21:30:00,Domingo,0,Chuvoso,17.8,0
M3947,L010,107,SAIDA_CONSUMO,15.23,,2,2026-07-05 21:30:00,Domingo,0,Chuvoso,17.8,0
M3948,L012,108,SAIDA_CONSUMO,9.33,,2,2026-07-05 21:30:00,Domingo,0,Chuvoso,17.8,0
M3949,L013,109,SAIDA_CONSUMO,39.02,,2,2026-07-05 21:30:00,Domingo,0,Chuvoso,17.8,0
M3950,L015,110,SAIDA_CONSUMO,3.38,,2,2026-07-05 21:30:00,Domingo,0,Chuvoso,17.8,0
M3951,L001,101,SAIDA_CONSUMO,16.7,,2,2026-07-06 21:30:00,Segunda,0,Frio,19.7,0
M3952,L003,102,SAIDA_CONSUMO,22.8,,2,2026-07-06 21:30:00,Segunda,0,Frio,19.7,0
M3953,L004,103,SAIDA_CONSUMO,7.01,,2,2026-07-06 21:30:00,Segunda,0,Frio,19.7,0
M3954,L006,104,SAIDA_CONSUMO,5.36,,2,2026-07-06 21:30:00,Segunda,0,Frio,19.7,0
M3955,L007,105,SAIDA_CONSUMO,9.47,,2,2026-07-06 21:30:00,Segunda,0,Frio,19.7,0
M3956,L009,106,SAIDA_CONSUMO,6.78,,2,2026-07-06 21:30:00,Segunda,0,Frio,19.7,0
M3957,L010,107,SAIDA_CONSUMO,11.52,,2,2026-07-06 21:30:00,Segunda,0,Frio,19.7,0
M3958,L012,108,SAIDA_CONSUMO,16.56,,2,2026-07-06 21:30:00,Segunda,0,Frio,19.7,0
M3959,L013,109,SAIDA_CONSUMO,6.86,,2,2026-07-06 21:30:00,Segunda,0,Frio,19.7,0
M3960,L015,110,SAIDA_CONSUMO,1.69,,2,2026-07-06 21:30:00,Segunda,0,Frio,19.7,0
M3961,L001,101,SAIDA_CONSUMO,15.35,,2,2026-07-07 21:30:00,Terça,0,Chuvoso,13.7,0
M3962,L003,102,SAIDA_CONSUMO,16.79,,2,2026-07-07 21:30:00,Terça,0,Chuvoso,13.7,0
M3963,L004,103,SAIDA_CONSUMO,7.71,,2,2026-07-07 21:30:00,Terça,0,Chuvoso,13.7,0
M3964,L006,104,SAIDA_CONSUMO,4.9,,2,2026-07-07 21:30:00,Terça,0,Chuvoso,13.7,0
M3965,L007,105,SAIDA_CONSUMO,14.16,,2,2026-07-07 21:30:00,Terça,0,Chuvoso,13.7,0
M3966,L009,106,SAIDA_CONSUMO,9.3,,2,2026-07-07 21:30:00,Terça,0,Chuvoso,13.7,0
M3967,L010,107,SAIDA_CONSUMO,11.95,,2,2026-07-07 21:30:00,Terça,0,Chuvoso,13.7,0
M3968,L010,107,DESPERDICIO,0.78,Sobras de Prato,2,2026-07-07 22:00:00,Terça,0,Chuvoso,13.7,0
M3969,L012,108,SAIDA_CONSUMO,17.23,,2,2026-07-07 21:30:00,Terça,0,Chuvoso,13.7,0
M3970,L013,109,SAIDA_CONSUMO,7.03,,2,2026-07-07 21:30:00,Terça,0,Chuvoso,13.7,0
M3971,L015,110,SAIDA_CONSUMO,1.86,,2,2026-07-07 21:30:00,Terça,0,Chuvoso,13.7,0
M3972,L001,101,SAIDA_CONSUMO,18.05,,2,2026-07-08 21:30:00,Quarta,0,Ensolarado,19.5,0
M3973,L003,102,SAIDA_CONSUMO,21.32,,2,2026-07-08 21:30:00,Quarta,0,Ensolarado,19.5,0
M3974,L004,103,SAIDA_CONSUMO,7.19,,2,2026-07-08 21:30:00,Quarta,0,Ensolarado,19.5,0
M3975,L006,104,SAIDA_CONSUMO,4.66,,2,2026-07-08 21:30:00,Quarta,0,Ensolarado,19.5,0
M3976,L007,105,SAIDA_CONSUMO,14.02,,2,2026-07-08 21:30:00,Quarta,0,Ensolarado,19.5,0
M3977,L009,106,SAIDA_CONSUMO,8.85,,2,2026-07-08 21:30:00,Quarta,0,Ensolarado,19.5,0
M3978,L010,107,SAIDA_CONSUMO,11.33,,2,2026-07-08 21:30:00,Quarta,0,Ensolarado,19.5,0
M3979,L012,108,SAIDA_CONSUMO,17.94,,2,2026-07-08 21:30:00,Quarta,0,Ensolarado,19.5,0
M3980,L013,109,SAIDA_CONSUMO,14.0,,2,2026-07-08 21:30:00,Quarta,0,Ensolarado,19.5,0
M3981,L015,110,SAIDA_CONSUMO,1.88,,2,2026-07-08 21:30:00,Quarta,0,Ensolarado,19.5,0
M3982,L001,101,SAIDA_CONSUMO,13.81,,2,2026-07-09 21:30:00,Quinta,0,Chuvoso,19.4,0
M3983,L003,102,SAIDA_CONSUMO,16.65,,2,2026-07-09 21:30:00,Quinta,0,Chuvoso,19.4,0
M3984,L004,103,SAIDA_CONSUMO,6.96,,2,2026-07-09 21:30:00,Quinta,0,Chuvoso,19.4,0
M3985,L006,104,SAIDA_CONSUMO,5.18,,2,2026-07-09 21:30:00,Quinta,0,Chuvoso,19.4,0
M3986,L007,105,SAIDA_CONSUMO,14.15,,2,2026-07-09 21:30:00,Quinta,0,Chuvoso,19.4,0
M3987,L009,106,SAIDA_CONSUMO,9.66,,2,2026-07-09 21:30:00,Quinta,0,Chuvoso,19.4,0
M3988,L010,107,SAIDA_CONSUMO,12.65,,2,2026-07-09 21:30:00,Quinta,0,Chuvoso,19.4,0
M3989,L012,108,SAIDA_CONSUMO,16.88,,2,2026-07-09 21:30:00,Quinta,0,Chuvoso,19.4,0
M3990,L013,109,SAIDA_CONSUMO,7.25,,2,2026-07-09 21:30:00,Quinta,0,Chuvoso,19.4,0
M3991,L015,110,SAIDA_CONSUMO,1.85,,2,2026-07-09 21:30:00,Quinta,0,Chuvoso,19.4,0
M3992,L001,101,SAIDA_CONSUMO,59.39,,2,2026-07-10 21:30:00,Sexta,0,Nublado,12.6,1
M3993,L003,102,SAIDA_CONSUMO,36.25,,2,2026-07-10 21:30:00,Sexta,0,Nublado,12.6,1
M3994,L004,103,SAIDA_CONSUMO,24.63,,2,2026-07-10 21:30:00,Sexta,0,Nublado,12.6,1
M3995,L006,104,SAIDA_CONSUMO,14.85,,2,2026-07-10 21:30:00,Sexta,0,Nublado,12.6,1
M3996,L007,105,SAIDA_CONSUMO,21.51,,2,2026-07-10 21:30:00,Sexta,0,Nublado,12.6,1
M3997,L009,106,SAIDA_CONSUMO,20.01,,2,2026-07-10 21:30:00,Sexta,0,Nublado,12.6,1
M3998,L010,107,SAIDA_CONSUMO,16.62,,2,2026-07-10 21:30:00,Sexta,0,Nublado,12.6,1
M3999,L012,108,SAIDA_CONSUMO,11.4,,2,2026-07-10 21:30:00,Sexta,0,Nublado,12.6,1
M4000,L013,109,SAIDA_CONSUMO,90.56,,2,2026-07-10 21:30:00,Sexta,0,Nublado,12.6,1
M4001,L015,110,SAIDA_CONSUMO,4.36,,2,2026-07-10 21:30:00,Sexta,0,Nublado,12.6,1
M4002,L001,101,SAIDA_CONSUMO,41.15,,2,2026-07-11 21:30:00,Sábado,0,Ensolarado,18.1,0
M4003,L003,102,SAIDA_CONSUMO,24.33,,2,2026-07-11 21:30:00,Sábado,0,Ensolarado,18.1,0
M4004,L004,103,SAIDA_CONSUMO,17.7,,2,2026-07-11 21:30:00,Sábado,0,Ensolarado,18.1,0
M4005,L006,104,SAIDA_CONSUMO,9.89,,2,2026-07-11 21:30:00,Sábado,0,Ensolarado,18.1,0
M4006,L007,105,SAIDA_CONSUMO,15.02,,2,2026-07-11 21:30:00,Sábado,0,Ensolarado,18.1,0
M4007,L009,106,SAIDA_CONSUMO,13.19,,2,2026-07-11 21:30:00,Sábado,0,Ensolarado,18.1,0
M4008,L010,107,SAIDA_CONSUMO,11.38,,2,2026-07-11 21:30:00,Sábado,0,Ensolarado,18.1,0
M4009,L012,108,SAIDA_CONSUMO,7.92,,2,2026-07-11 21:30:00,Sábado,0,Ensolarado,18.1,0
M4010,L013,109,SAIDA_CONSUMO,68.56,,2,2026-07-11 21:30:00,Sábado,0,Ensolarado,18.1,0
M4011,L015,110,SAIDA_CONSUMO,3.1,,2,2026-07-11 21:30:00,Sábado,0,Ensolarado,18.1,0
M4012,L001,101,SAIDA_CONSUMO,50.08,,2,2026-07-12 21:30:00,Domingo,1,Ensolarado,13.6,0
M4013,L003,102,SAIDA_CONSUMO,33.16,,2,2026-07-12 21:30:00,Domingo,1,Ensolarado,13.6,0
M4014,L004,103,SAIDA_CONSUMO,22.7,,2,2026-07-12 21:30:00,Domingo,1,Ensolarado,13.6,0
M4015,L006,104,SAIDA_CONSUMO,12.55,,2,2026-07-12 21:30:00,Domingo,1,Ensolarado,13.6,0
M4016,L007,105,SAIDA_CONSUMO,19.97,,2,2026-07-12 21:30:00,Domingo,1,Ensolarado,13.6,0
M4017,L009,106,SAIDA_CONSUMO,17.63,,2,2026-07-12 21:30:00,Domingo,1,Ensolarado,13.6,0
M4018,L010,107,SAIDA_CONSUMO,15.02,,2,2026-07-12 21:30:00,Domingo,1,Ensolarado,13.6,0
M4019,L012,108,SAIDA_CONSUMO,10.41,,2,2026-07-12 21:30:00,Domingo,1,Ensolarado,13.6,0
M4020,L013,109,SAIDA_CONSUMO,82.37,,2,2026-07-12 21:30:00,Domingo,1,Ensolarado,13.6,0
M4021,L015,110,SAIDA_CONSUMO,3.64,,2,2026-07-12 21:30:00,Domingo,1,Ensolarado,13.6,0
M4022,L001,101,SAIDA_CONSUMO,15.62,,2,2026-07-13 21:30:00,Segunda,0,Ensolarado,15.6,0
M4023,L003,102,SAIDA_CONSUMO,17.0,,2,2026-07-13 21:30:00,Segunda,0,Ensolarado,15.6,0
M4024,L004,103,SAIDA_CONSUMO,6.17,,2,2026-07-13 21:30:00,Segunda,0,Ensolarado,15.6,0
M4025,L006,104,SAIDA_CONSUMO,4.09,,2,2026-07-13 21:30:00,Segunda,0,Ensolarado,15.6,0
M4026,L007,105,SAIDA_CONSUMO,12.34,,2,2026-07-13 21:30:00,Segunda,0,Ensolarado,15.6,0
M4027,L007,105,DESPERDICIO,0.65,Quebra de Embalagem,2,2026-07-13 22:00:00,Segunda,0,Ensolarado,15.6,0
M4028,L009,106,SAIDA_CONSUMO,7.88,,2,2026-07-13 21:30:00,Segunda,0,Ensolarado,15.6,0
M4029,L010,107,SAIDA_CONSUMO,9.12,,2,2026-07-13 21:30:00,Segunda,0,Ensolarado,15.6,0
M4030,L012,108,SAIDA_CONSUMO,14.2,,2,2026-07-13 21:30:00,Segunda,0,Ensolarado,15.6,0
M4031,L013,109,SAIDA_CONSUMO,12.19,,2,2026-07-13 21:30:00,Segunda,0,Ensolarado,15.6,0
M4032,L015,110,SAIDA_CONSUMO,1.55,,2,2026-07-13 21:30:00,Segunda,0,Ensolarado,15.6,0
M4033,L001,101,SAIDA_CONSUMO,13.71,,2,2026-07-14 21:30:00,Terça,0,Nublado,17.7,0
M4034,L003,102,SAIDA_CONSUMO,16.92,,2,2026-07-14 21:30:00,Terça,0,Nublado,17.7,0
M4035,L004,103,SAIDA_CONSUMO,5.56,,2,2026-07-14 21:30:00,Terça,0,Nublado,17.7,0
M4036,L006,104,SAIDA_CONSUMO,4.37,,2,2026-07-14 21:30:00,Terça,0,Nublado,17.7,0
M4037,L007,105,SAIDA_CONSUMO,11.96,,2,2026-07-14 21:30:00,Terça,0,Nublado,17.7,0
M4038,L009,106,SAIDA_CONSUMO,8.52,,2,2026-07-14 21:30:00,Terça,0,Nublado,17.7,0
M4039,L010,107,SAIDA_CONSUMO,9.55,,2,2026-07-14 21:30:00,Terça,0,Nublado,17.7,0
M4040,L012,108,SAIDA_CONSUMO,14.44,,2,2026-07-14 21:30:00,Terça,0,Nublado,17.7,0
M4041,L013,109,SAIDA_CONSUMO,11.46,,2,2026-07-14 21:30:00,Terça,0,Nublado,17.7,0
M4042,L015,110,SAIDA_CONSUMO,1.32,,2,2026-07-14 21:30:00,Terça,0,Nublado,17.7,0
M4043,L001,101,SAIDA_CONSUMO,11.82,,2,2026-07-15 21:30:00,Quarta,0,Chuvoso,18.6,0
M4044,L003,102,SAIDA_CONSUMO,16.16,,2,2026-07-15 21:30:00,Quarta,0,Chuvoso,18.6,0
M4045,L004,103,SAIDA_CONSUMO,5.95,,2,2026-07-15 21:30:00,Quarta,0,Chuvoso,18.6,0
M4046,L006,104,SAIDA_CONSUMO,4.04,,2,2026-07-15 21:30:00,Quarta,0,Chuvoso,18.6,0
M4047,L007,105,SAIDA_CONSUMO,12.2,,2,2026-07-15 21:30:00,Quarta,0,Chuvoso,18.6,0
M4048,L009,106,SAIDA_CONSUMO,7.64,,2,2026-07-15 21:30:00,Quarta,0,Chuvoso,18.6,0
M4049,L010,107,SAIDA_CONSUMO,9.32,,2,2026-07-15 21:30:00,Quarta,0,Chuvoso,18.6,0
M4050,L012,108,SAIDA_CONSUMO,14.86,,2,2026-07-15 21:30:00,Quarta,0,Chuvoso,18.6,0
M4051,L013,109,SAIDA_CONSUMO,6.47,,2,2026-07-15 21:30:00,Quarta,0,Chuvoso,18.6,0
M4052,L015,110,SAIDA_CONSUMO,1.4,,2,2026-07-15 21:30:00,Quarta,0,Chuvoso,18.6,0
M4053,L001,101,SAIDA_CONSUMO,13.49,,2,2026-07-16 21:30:00,Quinta,0,Chuvoso,14.7,0
M4054,L003,102,SAIDA_CONSUMO,15.55,,2,2026-07-16 21:30:00,Quinta,0,Chuvoso,14.7,0
M4055,L004,103,SAIDA_CONSUMO,5.58,,2,2026-07-16 21:30:00,Quinta,0,Chuvoso,14.7,0
M4056,L006,104,SAIDA_CONSUMO,3.9,,2,2026-07-16 21:30:00,Quinta,0,Chuvoso,14.7,0
M4057,L007,105,SAIDA_CONSUMO,12.43,,2,2026-07-16 21:30:00,Quinta,0,Chuvoso,14.7,0
M4058,L009,106,SAIDA_CONSUMO,7.91,,2,2026-07-16 21:30:00,Quinta,0,Chuvoso,14.7,0
M4059,L010,107,SAIDA_CONSUMO,10.55,,2,2026-07-16 21:30:00,Quinta,0,Chuvoso,14.7,0
M4060,L012,108,SAIDA_CONSUMO,13.73,,2,2026-07-16 21:30:00,Quinta,0,Chuvoso,14.7,0
M4061,L013,109,SAIDA_CONSUMO,6.61,,2,2026-07-16 21:30:00,Quinta,0,Chuvoso,14.7,0
M4062,L013,109,DESPERDICIO,1.33,Validade / Avaria,2,2026-07-16 22:00:00,Quinta,0,Chuvoso,14.7,0
M4063,L015,110,SAIDA_CONSUMO,1.46,,2,2026-07-16 21:30:00,Quinta,0,Chuvoso,14.7,0
M4064,L001,101,SAIDA_CONSUMO,39.56,,2,2026-07-17 21:30:00,Sexta,0,Nublado,20.5,0
M4065,L003,102,SAIDA_CONSUMO,25.02,,2,2026-07-17 21:30:00,Sexta,0,Nublado,20.5,0
M4066,L004,103,SAIDA_CONSUMO,17.65,,2,2026-07-17 21:30:00,Sexta,0,Nublado,20.5,0
M4067,L006,104,SAIDA_CONSUMO,10.11,,2,2026-07-17 21:30:00,Sexta,0,Nublado,20.5,0
M4068,L007,105,SAIDA_CONSUMO,15.13,,2,2026-07-17 21:30:00,Sexta,0,Nublado,20.5,0
M4069,L009,106,SAIDA_CONSUMO,14.15,,2,2026-07-17 21:30:00,Sexta,0,Nublado,20.5,0
M4070,L010,107,SAIDA_CONSUMO,11.46,,2,2026-07-17 21:30:00,Sexta,0,Nublado,20.5,0
M4071,L012,108,SAIDA_CONSUMO,8.21,,2,2026-07-17 21:30:00,Sexta,0,Nublado,20.5,0
M4072,L013,109,SAIDA_CONSUMO,65.28,,2,2026-07-17 21:30:00,Sexta,0,Nublado,20.5,0
M4073,L015,110,SAIDA_CONSUMO,3.38,,2,2026-07-17 21:30:00,Sexta,0,Nublado,20.5,0
M4074,L001,101,SAIDA_CONSUMO,42.56,,2,2026-07-18 21:30:00,Sábado,0,Chuvoso,17.1,1
M4075,L003,102,SAIDA_CONSUMO,24.66,,2,2026-07-18 21:30:00,Sábado,0,Chuvoso,17.1,1
M4076,L004,103,SAIDA_CONSUMO,22.06,,2,2026-07-18 21:30:00,Sábado,0,Chuvoso,17.1,1
M4077,L006,104,SAIDA_CONSUMO,11.84,,2,2026-07-18 21:30:00,Sábado,0,Chuvoso,17.1,1
M4078,L007,105,SAIDA_CONSUMO,17.97,,2,2026-07-18 21:30:00,Sábado,0,Chuvoso,17.1,1
M4079,L009,106,SAIDA_CONSUMO,15.72,,2,2026-07-18 21:30:00,Sábado,0,Chuvoso,17.1,1
M4080,L010,107,SAIDA_CONSUMO,13.13,,2,2026-07-18 21:30:00,Sábado,0,Chuvoso,17.1,1
M4081,L012,108,SAIDA_CONSUMO,9.54,,2,2026-07-18 21:30:00,Sábado,0,Chuvoso,17.1,1
M4082,L013,109,SAIDA_CONSUMO,36.83,,2,2026-07-18 21:30:00,Sábado,0,Chuvoso,17.1,1
M4083,L015,110,SAIDA_CONSUMO,3.76,,2,2026-07-18 21:30:00,Sábado,0,Chuvoso,17.1,1
M4084,L001,101,SAIDA_CONSUMO,41.37,,2,2026-07-19 21:30:00,Domingo,0,Frio,21.3,0
M4085,L003,102,SAIDA_CONSUMO,26.11,,2,2026-07-19 21:30:00,Domingo,0,Frio,21.3,0
M4086,L004,103,SAIDA_CONSUMO,16.53,,2,2026-07-19 21:30:00,Domingo,0,Frio,21.3,0
M4087,L006,104,SAIDA_CONSUMO,9.74,,2,2026-07-19 21:30:00,Domingo,0,Frio,21.3,0
M4088,L007,105,SAIDA_CONSUMO,9.64,,2,2026-07-19 21:30:00,Domingo,0,Frio,21.3,0
M4089,L009,106,SAIDA_CONSUMO,8.28,,2,2026-07-19 21:30:00,Domingo,0,Frio,21.3,0
M4090,L009,106,DESPERDICIO,0.45,Sobras de Prato,2,2026-07-19 22:00:00,Domingo,0,Frio,21.3,0
M4091,L010,107,SAIDA_CONSUMO,11.0,,2,2026-07-19 21:30:00,Domingo,0,Frio,21.3,0
M4092,L012,108,SAIDA_CONSUMO,7.4,,2,2026-07-19 21:30:00,Domingo,0,Frio,21.3,0
M4093,L013,109,SAIDA_CONSUMO,32.94,,2,2026-07-19 21:30:00,Domingo,0,Frio,21.3,0
M4094,L015,110,SAIDA_CONSUMO,3.0,,2,2026-07-19 21:30:00,Domingo,0,Frio,21.3,0
M4095,L015,110,DESPERDICIO,1.21,Erro de Preparo,2,2026-07-19 22:00:00,Domingo,0,Frio,21.3,0
M4096,L001,101,SAIDA_CONSUMO,15.13,,2,2026-07-20 21:30:00,Segunda,0,Frio,18.0,0
M4097,L003,102,SAIDA_CONSUMO,17.17,,2,2026-07-20 21:30:00,Segunda,0,Frio,18.0,0
M4098,L004,103,SAIDA_CONSUMO,5.5,,2,2026-07-20 21:30:00,Segunda,0,Frio,18.0,0
M4099,L006,104,SAIDA_CONSUMO,4.04,,2,2026-07-20 21:30:00,Segunda,0,Frio,18.0,0
M4100,L007,105,SAIDA_CONSUMO,8.05,,2,2026-07-20 21:30:00,Segunda,0,Frio,18.0,0
M4101,L009,106,SAIDA_CONSUMO,4.61,,2,2026-07-20 21:30:00,Segunda,0,Frio,18.0,0
M4102,L009,106,DESPERDICIO,1.02,Quebra de Embalagem,2,2026-07-20 22:00:00,Segunda,0,Frio,18.0,0
M4103,L010,107,SAIDA_CONSUMO,10.0,,2,2026-07-20 21:30:00,Segunda,0,Frio,18.0,0
M4104,L012,108,SAIDA_CONSUMO,15.27,,2,2026-07-20 21:30:00,Segunda,0,Frio,18.0,0
M4105,L013,109,SAIDA_CONSUMO,5.93,,2,2026-07-20 21:30:00,Segunda,0,Frio,18.0,0
M4106,L015,110,SAIDA_CONSUMO,1.47,,2,2026-07-20 21:30:00,Segunda,0,Frio,18.0,0
M4107,L001,101,SAIDA_CONSUMO,15.22,,2,2026-07-21 21:30:00,Terça,0,Frio,12.1,0
M4108,L003,102,SAIDA_CONSUMO,16.92,,2,2026-07-21 21:30:00,Terça,0,Frio,12.1,0
M4109,L004,103,SAIDA_CONSUMO,6.3,,2,2026-07-21 21:30:00,Terça,0,Frio,12.1,0
M4110,L006,104,SAIDA_CONSUMO,4.24,,2,2026-07-21 21:30:00,Terça,0,Frio,12.1,0
M4111,L006,104,DESPERDICIO,0.36,Validade / Avaria,2,2026-07-21 22:00:00,Terça,0,Frio,12.1,0
M4112,L007,105,SAIDA_CONSUMO,6.36,,2,2026-07-21 21:30:00,Terça,0,Frio,12.1,0
M4113,L009,106,SAIDA_CONSUMO,5.11,,2,2026-07-21 21:30:00,Terça,0,Frio,12.1,0
M4114,L010,107,SAIDA_CONSUMO,9.46,,2,2026-07-21 21:30:00,Terça,0,Frio,12.1,0
M4115,L012,108,SAIDA_CONSUMO,15.48,,2,2026-07-21 21:30:00,Terça,0,Frio,12.1,0
M4116,L012,108,DESPERDICIO,1.31,Validade / Avaria,2,2026-07-21 22:00:00,Terça,0,Frio,12.1,0
M4117,L013,109,SAIDA_CONSUMO,5.4,,2,2026-07-21 21:30:00,Terça,0,Frio,12.1,0
M4118,L015,110,SAIDA_CONSUMO,1.54,,2,2026-07-21 21:30:00,Terça,0,Frio,12.1,0
M4119,L001,101,SAIDA_CONSUMO,13.1,,2,2026-07-22 21:30:00,Quarta,0,Chuvoso,18.7,0
M4120,L003,102,SAIDA_CONSUMO,14.25,,2,2026-07-22 21:30:00,Quarta,0,Chuvoso,18.7,0
M4121,L004,103,SAIDA_CONSUMO,5.72,,2,2026-07-22 21:30:00,Quarta,0,Chuvoso,18.7,0
M4122,L006,104,SAIDA_CONSUMO,3.89,,2,2026-07-22 21:30:00,Quarta,0,Chuvoso,18.7,0
M4123,L007,105,SAIDA_CONSUMO,11.81,,2,2026-07-22 21:30:00,Quarta,0,Chuvoso,18.7,0
M4124,L009,106,SAIDA_CONSUMO,7.37,,2,2026-07-22 21:30:00,Quarta,0,Chuvoso,18.7,0
M4125,L010,107,SAIDA_CONSUMO,9.97,,2,2026-07-22 21:30:00,Quarta,0,Chuvoso,18.7,0
M4126,L012,108,SAIDA_CONSUMO,14.31,,2,2026-07-22 21:30:00,Quarta,0,Chuvoso,18.7,0
M4127,L013,109,SAIDA_CONSUMO,6.29,,2,2026-07-22 21:30:00,Quarta,0,Chuvoso,18.7,0
M4128,L015,110,SAIDA_CONSUMO,1.44,,2,2026-07-22 21:30:00,Quarta,0,Chuvoso,18.7,0
M4129,L001,101,SAIDA_CONSUMO,15.19,,2,2026-07-23 21:30:00,Quinta,0,Frio,16.4,0
M4130,L003,102,SAIDA_CONSUMO,18.36,,2,2026-07-23 21:30:00,Quinta,0,Frio,16.4,0
M4131,L004,103,SAIDA_CONSUMO,5.9,,2,2026-07-23 21:30:00,Quinta,0,Frio,16.4,0
M4132,L006,104,SAIDA_CONSUMO,4.02,,2,2026-07-23 21:30:00,Quinta,0,Frio,16.4,0
M4133,L007,105,SAIDA_CONSUMO,6.62,,2,2026-07-23 21:30:00,Quinta,0,Frio,16.4,0
M4134,L009,106,SAIDA_CONSUMO,4.97,,2,2026-07-23 21:30:00,Quinta,0,Frio,16.4,0
M4135,L010,107,SAIDA_CONSUMO,10.25,,2,2026-07-23 21:30:00,Quinta,0,Frio,16.4,0
M4136,L012,108,SAIDA_CONSUMO,13.38,,2,2026-07-23 21:30:00,Quinta,0,Frio,16.4,0
M4137,L013,109,SAIDA_CONSUMO,6.52,,2,2026-07-23 21:30:00,Quinta,0,Frio,16.4,0
M4138,L015,110,SAIDA_CONSUMO,1.37,,2,2026-07-23 21:30:00,Quinta,0,Frio,16.4,0
M4139,L001,101,SAIDA_CONSUMO,49.66,,2,2026-07-24 21:30:00,Sexta,0,Ensolarado,20.1,1
M4140,L003,102,SAIDA_CONSUMO,31.21,,2,2026-07-24 21:30:00,Sexta,0,Ensolarado,20.1,1
M4141,L004,103,SAIDA_CONSUMO,21.28,,2,2026-07-24 21:30:00,Sexta,0,Ensolarado,20.1,1
M4142,L006,104,SAIDA_CONSUMO,12.05,,2,2026-07-24 21:30:00,Sexta,0,Ensolarado,20.1,1
M4143,L007,105,SAIDA_CONSUMO,16.32,,2,2026-07-24 21:30:00,Sexta,0,Ensolarado,20.1,1
M4144,L009,106,SAIDA_CONSUMO,16.8,,2,2026-07-24 21:30:00,Sexta,0,Ensolarado,20.1,1
M4145,L010,107,SAIDA_CONSUMO,14.85,,2,2026-07-24 21:30:00,Sexta,0,Ensolarado,20.1,1
M4146,L012,108,SAIDA_CONSUMO,9.76,,2,2026-07-24 21:30:00,Sexta,0,Ensolarado,20.1,1
M4147,L013,109,SAIDA_CONSUMO,81.24,,2,2026-07-24 21:30:00,Sexta,0,Ensolarado,20.1,1
M4148,L015,110,SAIDA_CONSUMO,3.62,,2,2026-07-24 21:30:00,Sexta,0,Ensolarado,20.1,1
M4149,L001,101,SAIDA_CONSUMO,62.5,,2,2026-07-25 21:30:00,Sábado,1,Nublado,19.5,1
M4150,L003,102,SAIDA_CONSUMO,39.9,,2,2026-07-25 21:30:00,Sábado,1,Nublado,19.5,1
M4151,L004,103,SAIDA_CONSUMO,28.24,,2,2026-07-25 21:30:00,Sábado,1,Nublado,19.5,1
M4152,L006,104,SAIDA_CONSUMO,15.46,,2,2026-07-25 21:30:00,Sábado,1,Nublado,19.5,1
M4153,L007,105,SAIDA_CONSUMO,24.05,,2,2026-07-25 21:30:00,Sábado,1,Nublado,19.5,1
M4154,L009,106,SAIDA_CONSUMO,21.49,,2,2026-07-25 21:30:00,Sábado,1,Nublado,19.5,1
M4155,L010,107,SAIDA_CONSUMO,19.07,,2,2026-07-25 21:30:00,Sábado,1,Nublado,19.5,1
M4156,L012,108,SAIDA_CONSUMO,11.88,,2,2026-07-25 21:30:00,Sábado,1,Nublado,19.5,1
M4157,L013,109,SAIDA_CONSUMO,106.95,,2,2026-07-25 21:30:00,Sábado,1,Nublado,19.5,1
M4158,L015,110,SAIDA_CONSUMO,4.56,,2,2026-07-25 21:30:00,Sábado,1,Nublado,19.5,1
M4159,L001,101,SAIDA_CONSUMO,37.33,,2,2026-07-26 21:30:00,Domingo,0,Frio,19.5,0
M4160,L001,101,DESPERDICIO,0.24,Quebra de Embalagem,2,2026-07-26 22:00:00,Domingo,0,Frio,19.5,0
M4161,L003,102,SAIDA_CONSUMO,26.67,,2,2026-07-26 21:30:00,Domingo,0,Frio,19.5,0
M4162,L003,102,DESPERDICIO,0.82,Quebra de Embalagem,2,2026-07-26 22:00:00,Domingo,0,Frio,19.5,0
M4163,L004,103,SAIDA_CONSUMO,16.83,,2,2026-07-26 21:30:00,Domingo,0,Frio,19.5,0
M4164,L006,104,SAIDA_CONSUMO,9.67,,2,2026-07-26 21:30:00,Domingo,0,Frio,19.5,0
M4165,L007,105,SAIDA_CONSUMO,9.65,,2,2026-07-26 21:30:00,Domingo,0,Frio,19.5,0
M4166,L009,106,SAIDA_CONSUMO,9.64,,2,2026-07-26 21:30:00,Domingo,0,Frio,19.5,0
M4167,L010,107,SAIDA_CONSUMO,12.24,,2,2026-07-26 21:30:00,Domingo,0,Frio,19.5,0
M4168,L012,108,SAIDA_CONSUMO,8.1,,2,2026-07-26 21:30:00,Domingo,0,Frio,19.5,0
M4169,L013,109,SAIDA_CONSUMO,34.79,,2,2026-07-26 21:30:00,Domingo,0,Frio,19.5,0
M4170,L015,110,SAIDA_CONSUMO,2.98,,2,2026-07-26 21:30:00,Domingo,0,Frio,19.5,0
M4171,L001,101,SAIDA_CONSUMO,15.53,,2,2026-07-27 21:30:00,Segunda,0,Ensolarado,12.0,0
M4172,L003,102,SAIDA_CONSUMO,18.21,,2,2026-07-27 21:30:00,Segunda,0,Ensolarado,12.0,0
M4173,L004,103,SAIDA_CONSUMO,6.05,,2,2026-07-27 21:30:00,Segunda,0,Ensolarado,12.0,0
M4174,L006,104,SAIDA_CONSUMO,3.85,,2,2026-07-27 21:30:00,Segunda,0,Ensolarado,12.0,0
M4175,L007,105,SAIDA_CONSUMO,11.79,,2,2026-07-27 21:30:00,Segunda,0,Ensolarado,12.0,0
M4176,L009,106,SAIDA_CONSUMO,7.25,,2,2026-07-27 21:30:00,Segunda,0,Ensolarado,12.0,0
M4177,L010,107,SAIDA_CONSUMO,9.57,,2,2026-07-27 21:30:00,Segunda,0,Ensolarado,12.0,0
M4178,L012,108,SAIDA_CONSUMO,14.74,,2,2026-07-27 21:30:00,Segunda,0,Ensolarado,12.0,0
M4179,L013,109,SAIDA_CONSUMO,11.54,,2,2026-07-27 21:30:00,Segunda,0,Ensolarado,12.0,0
M4180,L015,110,SAIDA_CONSUMO,1.53,,2,2026-07-27 21:30:00,Segunda,0,Ensolarado,12.0,0
M4181,L001,101,SAIDA_CONSUMO,15.35,,2,2026-07-28 21:30:00,Terça,0,Frio,14.6,0
M4182,L003,102,SAIDA_CONSUMO,16.89,,2,2026-07-28 21:30:00,Terça,0,Frio,14.6,0
M4183,L004,103,SAIDA_CONSUMO,6.29,,2,2026-07-28 21:30:00,Terça,0,Frio,14.6,0
M4184,L006,104,SAIDA_CONSUMO,4.25,,2,2026-07-28 21:30:00,Terça,0,Frio,14.6,0
M4185,L007,105,SAIDA_CONSUMO,7.31,,2,2026-07-28 21:30:00,Terça,0,Frio,14.6,0
M4186,L009,106,SAIDA_CONSUMO,5.1,,2,2026-07-28 21:30:00,Terça,0,Frio,14.6,0
M4187,L010,107,SAIDA_CONSUMO,9.5,,2,2026-07-28 21:30:00,Terça,0,Frio,14.6,0
M4188,L012,108,SAIDA_CONSUMO,14.58,,2,2026-07-28 21:30:00,Terça,0,Frio,14.6,0
M4189,L013,109,SAIDA_CONSUMO,6.02,,2,2026-07-28 21:30:00,Terça,0,Frio,14.6,0
M4190,L015,110,SAIDA_CONSUMO,1.5,,2,2026-07-28 21:30:00,Terça,0,Frio,14.6,0
M4191,L001,101,SAIDA_CONSUMO,13.4,,2,2026-07-29 21:30:00,Quarta,0,Ensolarado,20.8,0
M4192,L003,102,SAIDA_CONSUMO,17.87,,2,2026-07-29 21:30:00,Quarta,0,Ensolarado,20.8,0
M4193,L003,102,DESPERDICIO,0.96,Quebra de Embalagem,2,2026-07-29 22:00:00,Quarta,0,Ensolarado,20.8,0
M4194,L004,103,SAIDA_CONSUMO,6.2,,2,2026-07-29 21:30:00,Quarta,0,Ensolarado,20.8,0
M4195,L006,104,SAIDA_CONSUMO,4.03,,2,2026-07-29 21:30:00,Quarta,0,Ensolarado,20.8,0
M4196,L007,105,SAIDA_CONSUMO,12.26,,2,2026-07-29 21:30:00,Quarta,0,Ensolarado,20.8,0
M4197,L009,106,SAIDA_CONSUMO,8.34,,2,2026-07-29 21:30:00,Quarta,0,Ensolarado,20.8,0
M4198,L010,107,SAIDA_CONSUMO,9.89,,2,2026-07-29 21:30:00,Quarta,0,Ensolarado,20.8,0
M4199,L012,108,SAIDA_CONSUMO,14.98,,2,2026-07-29 21:30:00,Quarta,0,Ensolarado,20.8,0
M4200,L013,109,SAIDA_CONSUMO,12.03,,2,2026-07-29 21:30:00,Quarta,0,Ensolarado,20.8,0
M4201,L015,110,SAIDA_CONSUMO,1.38,,2,2026-07-29 21:30:00,Quarta,0,Ensolarado,20.8,0
M4202,L001,101,SAIDA_CONSUMO,10.64,,2,2026-07-30 21:30:00,Quinta,0,Chuvoso,18.2,0
M4203,L003,102,SAIDA_CONSUMO,14.12,,2,2026-07-30 21:30:00,Quinta,0,Chuvoso,18.2,0
M4204,L004,103,SAIDA_CONSUMO,6.45,,2,2026-07-30 21:30:00,Quinta,0,Chuvoso,18.2,0
M4205,L006,104,SAIDA_CONSUMO,4.24,,2,2026-07-30 21:30:00,Quinta,0,Chuvoso,18.2,0
M4206,L007,105,SAIDA_CONSUMO,12.03,,2,2026-07-30 21:30:00,Quinta,0,Chuvoso,18.2,0
M4207,L009,106,SAIDA_CONSUMO,8.24,,2,2026-07-30 21:30:00,Quinta,0,Chuvoso,18.2,0
M4208,L010,107,SAIDA_CONSUMO,9.87,,2,2026-07-30 21:30:00,Quinta,0,Chuvoso,18.2,0
M4209,L012,108,SAIDA_CONSUMO,13.09,,2,2026-07-30 21:30:00,Quinta,0,Chuvoso,18.2,0
M4210,L013,109,SAIDA_CONSUMO,6.12,,2,2026-07-30 21:30:00,Quinta,0,Chuvoso,18.2,0
M4211,L013,109,DESPERDICIO,0.89,Quebra de Embalagem,2,2026-07-30 22:00:00,Quinta,0,Chuvoso,18.2,0
M4212,L015,110,SAIDA_CONSUMO,1.48,,2,2026-07-30 21:30:00,Quinta,0,Chuvoso,18.2,0
M4213,L001,101,SAIDA_CONSUMO,40.39,,2,2026-07-31 21:30:00,Sexta,0,Nublado,18.9,0
M4214,L003,102,SAIDA_CONSUMO,26.32,,2,2026-07-31 21:30:00,Sexta,0,Nublado,18.9,0
M4215,L004,103,SAIDA_CONSUMO,19.18,,2,2026-07-31 21:30:00,Sexta,0,Nublado,18.9,0
M4216,L006,104,SAIDA_CONSUMO,9.93,,2,2026-07-31 21:30:00,Sexta,0,Nublado,18.9,0
M4217,L007,105,SAIDA_CONSUMO,14.22,,2,2026-07-31 21:30:00,Sexta,0,Nublado,18.9,0
M4218,L007,105,DESPERDICIO,0.59,Validade / Avaria,2,2026-07-31 22:00:00,Sexta,0,Nublado,18.9,0
M4219,L009,106,SAIDA_CONSUMO,13.99,,2,2026-07-31 21:30:00,Sexta,0,Nublado,18.9,0
M4220,L010,107,SAIDA_CONSUMO,12.03,,2,2026-07-31 21:30:00,Sexta,0,Nublado,18.9,0
M4221,L012,108,SAIDA_CONSUMO,8.5,,2,2026-07-31 21:30:00,Sexta,0,Nublado,18.9,0
M4222,L013,109,SAIDA_CONSUMO,70.62,,2,2026-07-31 21:30:00,Sexta,0,Nublado,18.9,0
M4223,L015,110,SAIDA_CONSUMO,2.85,,2,2026-07-31 21:30:00,Sexta,0,Nublado,18.9,0
M4224,L001,101,SAIDA_CONSUMO,59.02,,2,2026-08-01 21:30:00,Sábado,1,Ensolarado,12.1,0
M4225,L003,102,SAIDA_CONSUMO,37.35,,2,2026-08-01 21:30:00,Sábado,1,Ensolarado,12.1,0
M4226,L004,103,SAIDA_CONSUMO,29.31,,2,2026-08-01 21:30:00,Sábado,1,Ensolarado,12.1,0
M4227,L006,104,SAIDA_CONSUMO,15.85,,2,2026-08-01 21:30:00,Sábado,1,Ensolarado,12.1,0
M4228,L007,105,SAIDA_CONSUMO,24.13,,2,2026-08-01 21:30:00,Sábado,1,Ensolarado,12.1,0
M4229,L007,105,DESPERDICIO,0.77,Erro de Preparo,2,2026-08-01 22:00:00,Sábado,1,Ensolarado,12.1,0
M4230,L009,106,SAIDA_CONSUMO,22.04,,2,2026-08-01 21:30:00,Sábado,1,Ensolarado,12.1,0
M4231,L010,107,SAIDA_CONSUMO,20.02,,2,2026-08-01 21:30:00,Sábado,1,Ensolarado,12.1,0
M4232,L012,108,SAIDA_CONSUMO,11.74,,2,2026-08-01 21:30:00,Sábado,1,Ensolarado,12.1,0
M4233,L013,109,SAIDA_CONSUMO,99.76,,2,2026-08-01 21:30:00,Sábado,1,Ensolarado,12.1,0
M4234,L015,110,SAIDA_CONSUMO,4.76,,2,2026-08-01 21:30:00,Sábado,1,Ensolarado,12.1,0
M4235,L001,101,SAIDA_CONSUMO,43.64,,2,2026-08-02 21:30:00,Domingo,0,Chuvoso,13.5,0
M4236,L003,102,SAIDA_CONSUMO,25.52,,2,2026-08-02 21:30:00,Domingo,0,Chuvoso,13.5,0
M4237,L004,103,SAIDA_CONSUMO,22.02,,2,2026-08-02 21:30:00,Domingo,0,Chuvoso,13.5,0
M4238,L006,104,SAIDA_CONSUMO,12.4,,2,2026-08-02 21:30:00,Domingo,0,Chuvoso,13.5,0
M4239,L007,105,SAIDA_CONSUMO,18.14,,2,2026-08-02 21:30:00,Domingo,0,Chuvoso,13.5,0
M4240,L009,106,SAIDA_CONSUMO,17.48,,2,2026-08-02 21:30:00,Domingo,0,Chuvoso,13.5,0
M4241,L010,107,SAIDA_CONSUMO,14.13,,2,2026-08-02 21:30:00,Domingo,0,Chuvoso,13.5,0
M4242,L012,108,SAIDA_CONSUMO,10.11,,2,2026-08-02 21:30:00,Domingo,0,Chuvoso,13.5,0
M4243,L013,109,SAIDA_CONSUMO,42.31,,2,2026-08-02 21:30:00,Domingo,0,Chuvoso,13.5,0
M4244,L013,109,DESPERDICIO,0.2,Sobras de Prato,2,2026-08-02 22:00:00,Domingo,0,Chuvoso,13.5,0
M4245,L015,110,SAIDA_CONSUMO,3.24,,2,2026-08-02 21:30:00,Domingo,0,Chuvoso,13.5,0
M4246,L001,101,SAIDA_CONSUMO,14.7,,2,2026-08-03 21:30:00,Segunda,0,Chuvoso,16.7,0
M4247,L003,102,SAIDA_CONSUMO,18.62,,2,2026-08-03 21:30:00,Segunda,0,Chuvoso,16.7,0
M4248,L004,103,SAIDA_CONSUMO,7.18,,2,2026-08-03 21:30:00,Segunda,0,Chuvoso,16.7,0
M4249,L006,104,SAIDA_CONSUMO,4.77,,2,2026-08-03 21:30:00,Segunda,0,Chuvoso,16.7,0
M4250,L007,105,SAIDA_CONSUMO,14.56,,2,2026-08-03 21:30:00,Segunda,0,Chuvoso,16.7,0
M4251,L009,106,SAIDA_CONSUMO,9.27,,2,2026-08-03 21:30:00,Segunda,0,Chuvoso,16.7,0
M4252,L010,107,SAIDA_CONSUMO,11.55,,2,2026-08-03 21:30:00,Segunda,0,Chuvoso,16.7,0
M4253,L012,108,SAIDA_CONSUMO,17.62,,2,2026-08-03 21:30:00,Segunda,0,Chuvoso,16.7,0
M4254,L012,108,DESPERDICIO,0.78,Quebra de Embalagem,2,2026-08-03 22:00:00,Segunda,0,Chuvoso,16.7,0
M4255,L013,109,SAIDA_CONSUMO,8.78,,2,2026-08-03 21:30:00,Segunda,0,Chuvoso,16.7,0
M4256,L015,110,SAIDA_CONSUMO,1.82,,2,2026-08-03 21:30:00,Segunda,0,Chuvoso,16.7,0
M4257,L001,101,SAIDA_CONSUMO,14.55,,2,2026-08-04 21:30:00,Terça,0,Chuvoso,18.4,0
M4258,L003,102,SAIDA_CONSUMO,18.06,,2,2026-08-04 21:30:00,Terça,0,Chuvoso,18.4,0
M4259,L004,103,SAIDA_CONSUMO,7.15,,2,2026-08-04 21:30:00,Terça,0,Chuvoso,18.4,0
M4260,L006,104,SAIDA_CONSUMO,4.86,,2,2026-08-04 21:30:00,Terça,0,Chuvoso,18.4,0
M4261,L007,105,SAIDA_CONSUMO,14.04,,2,2026-08-04 21:30:00,Terça,0,Chuvoso,18.4,0
M4262,L009,106,SAIDA_CONSUMO,9.66,,2,2026-08-04 21:30:00,Terça,0,Chuvoso,18.4,0
M4263,L010,107,SAIDA_CONSUMO,12.48,,2,2026-08-04 21:30:00,Terça,0,Chuvoso,18.4,0
M4264,L012,108,SAIDA_CONSUMO,17.15,,2,2026-08-04 21:30:00,Terça,0,Chuvoso,18.4,0
M4265,L012,108,DESPERDICIO,1.34,Validade / Avaria,2,2026-08-04 22:00:00,Terça,0,Chuvoso,18.4,0
M4266,L013,109,SAIDA_CONSUMO,7.59,,2,2026-08-04 21:30:00,Terça,0,Chuvoso,18.4,0
M4267,L015,110,SAIDA_CONSUMO,1.81,,2,2026-08-04 21:30:00,Terça,0,Chuvoso,18.4,0
M4268,L001,101,SAIDA_CONSUMO,17.2,,2,2026-08-05 21:30:00,Quarta,0,Ensolarado,12.2,0
M4269,L001,101,DESPERDICIO,0.55,Erro de Preparo,2,2026-08-05 22:00:00,Quarta,0,Ensolarado,12.2,0
M4270,L003,102,SAIDA_CONSUMO,20.01,,2,2026-08-05 21:30:00,Quarta,0,Ensolarado,12.2,0
M4271,L004,103,SAIDA_CONSUMO,7.4,,2,2026-08-05 21:30:00,Quarta,0,Ensolarado,12.2,0
M4272,L006,104,SAIDA_CONSUMO,4.6,,2,2026-08-05 21:30:00,Quarta,0,Ensolarado,12.2,0
M4273,L007,105,SAIDA_CONSUMO,14.8,,2,2026-08-05 21:30:00,Quarta,0,Ensolarado,12.2,0
M4274,L009,106,SAIDA_CONSUMO,9.87,,2,2026-08-05 21:30:00,Quarta,0,Ensolarado,12.2,0
M4275,L010,107,SAIDA_CONSUMO,12.23,,2,2026-08-05 21:30:00,Quarta,0,Ensolarado,12.2,0
M4276,L012,108,SAIDA_CONSUMO,17.49,,2,2026-08-05 21:30:00,Quarta,0,Ensolarado,12.2,0
M4277,L013,109,SAIDA_CONSUMO,13.97,,2,2026-08-05 21:30:00,Quarta,0,Ensolarado,12.2,0
M4278,L015,110,SAIDA_CONSUMO,1.77,,2,2026-08-05 21:30:00,Quarta,0,Ensolarado,12.2,0
M4279,L001,101,SAIDA_CONSUMO,15.53,,2,2026-08-06 21:30:00,Quinta,0,Chuvoso,21.1,0
M4280,L003,102,SAIDA_CONSUMO,17.86,,2,2026-08-06 21:30:00,Quinta,0,Chuvoso,21.1,0
M4281,L004,103,SAIDA_CONSUMO,7.24,,2,2026-08-06 21:30:00,Quinta,0,Chuvoso,21.1,0
M4282,L006,104,SAIDA_CONSUMO,4.96,,2,2026-08-06 21:30:00,Quinta,0,Chuvoso,21.1,0
M4283,L007,105,SAIDA_CONSUMO,14.92,,2,2026-08-06 21:30:00,Quinta,0,Chuvoso,21.1,0
M4284,L007,105,DESPERDICIO,1.29,Sobras de Prato,2,2026-08-06 22:00:00,Quinta,0,Chuvoso,21.1,0
M4285,L009,106,SAIDA_CONSUMO,9.17,,2,2026-08-06 21:30:00,Quinta,0,Chuvoso,21.1,0
M4286,L010,107,SAIDA_CONSUMO,12.27,,2,2026-08-06 21:30:00,Quinta,0,Chuvoso,21.1,0
M4287,L012,108,SAIDA_CONSUMO,15.08,,2,2026-08-06 21:30:00,Quinta,0,Chuvoso,21.1,0
M4288,L013,109,SAIDA_CONSUMO,6.82,,2,2026-08-06 21:30:00,Quinta,0,Chuvoso,21.1,0
M4289,L015,110,SAIDA_CONSUMO,1.86,,2,2026-08-06 21:30:00,Quinta,0,Chuvoso,21.1,0
M4290,L001,101,SAIDA_CONSUMO,51.28,,2,2026-08-07 21:30:00,Sexta,0,Ensolarado,15.4,0
M4291,L003,102,SAIDA_CONSUMO,29.62,,2,2026-08-07 21:30:00,Sexta,0,Ensolarado,15.4,0
M4292,L003,102,DESPERDICIO,1.21,Quebra de Embalagem,2,2026-08-07 22:00:00,Sexta,0,Ensolarado,15.4,0
M4293,L004,103,SAIDA_CONSUMO,21.12,,2,2026-08-07 21:30:00,Sexta,0,Ensolarado,15.4,0
M4294,L006,104,SAIDA_CONSUMO,12.56,,2,2026-08-07 21:30:00,Sexta,0,Ensolarado,15.4,0
M4295,L007,105,SAIDA_CONSUMO,18.13,,2,2026-08-07 21:30:00,Sexta,0,Ensolarado,15.4,0
M4296,L009,106,SAIDA_CONSUMO,16.63,,2,2026-08-07 21:30:00,Sexta,0,Ensolarado,15.4,0
M4297,L010,107,SAIDA_CONSUMO,14.16,,2,2026-08-07 21:30:00,Sexta,0,Ensolarado,15.4,0
M4298,L012,108,SAIDA_CONSUMO,9.97,,2,2026-08-07 21:30:00,Sexta,0,Ensolarado,15.4,0
M4299,L013,109,SAIDA_CONSUMO,76.6,,2,2026-08-07 21:30:00,Sexta,0,Ensolarado,15.4,0
M4300,L015,110,SAIDA_CONSUMO,3.87,,2,2026-08-07 21:30:00,Sexta,0,Ensolarado,15.4,0
M4301,L001,101,SAIDA_CONSUMO,47.71,,2,2026-08-08 21:30:00,Sábado,0,Ensolarado,20.7,0
M4302,L003,102,SAIDA_CONSUMO,29.79,,2,2026-08-08 21:30:00,Sábado,0,Ensolarado,20.7,0
M4303,L004,103,SAIDA_CONSUMO,21.21,,2,2026-08-08 21:30:00,Sábado,0,Ensolarado,20.7,0
M4304,L006,104,SAIDA_CONSUMO,12.64,,2,2026-08-08 21:30:00,Sábado,0,Ensolarado,20.7,0
M4305,L007,105,SAIDA_CONSUMO,20.08,,2,2026-08-08 21:30:00,Sábado,0,Ensolarado,20.7,0
M4306,L009,106,SAIDA_CONSUMO,16.07,,2,2026-08-08 21:30:00,Sábado,0,Ensolarado,20.7,0
M4307,L010,107,SAIDA_CONSUMO,13.15,,2,2026-08-08 21:30:00,Sábado,0,Ensolarado,20.7,0
M4308,L012,108,SAIDA_CONSUMO,9.51,,2,2026-08-08 21:30:00,Sábado,0,Ensolarado,20.7,0
M4309,L013,109,SAIDA_CONSUMO,71.56,,2,2026-08-08 21:30:00,Sábado,0,Ensolarado,20.7,0
M4310,L015,110,SAIDA_CONSUMO,3.38,,2,2026-08-08 21:30:00,Sábado,0,Ensolarado,20.7,0
M4311,L001,101,SAIDA_CONSUMO,50.78,,2,2026-08-09 21:30:00,Domingo,0,Frio,14.5,0
M4312,L003,102,SAIDA_CONSUMO,32.23,,2,2026-08-09 21:30:00,Domingo,0,Frio,14.5,0
M4313,L004,103,SAIDA_CONSUMO,20.86,,2,2026-08-09 21:30:00,Domingo,0,Frio,14.5,0
M4314,L006,104,SAIDA_CONSUMO,11.79,,2,2026-08-09 21:30:00,Domingo,0,Frio,14.5,0
M4315,L007,105,SAIDA_CONSUMO,12.54,,2,2026-08-09 21:30:00,Domingo,0,Frio,14.5,0
M4316,L009,106,SAIDA_CONSUMO,11.81,,2,2026-08-09 21:30:00,Domingo,0,Frio,14.5,0
M4317,L010,107,SAIDA_CONSUMO,14.3,,2,2026-08-09 21:30:00,Domingo,0,Frio,14.5,0
M4318,L012,108,SAIDA_CONSUMO,10.04,,2,2026-08-09 21:30:00,Domingo,0,Frio,14.5,0
M4319,L013,109,SAIDA_CONSUMO,41.95,,2,2026-08-09 21:30:00,Domingo,0,Frio,14.5,0
M4320,L015,110,SAIDA_CONSUMO,3.61,,2,2026-08-09 21:30:00,Domingo,0,Frio,14.5,0
M4321,L001,101,SAIDA_CONSUMO,14.91,,2,2026-08-10 21:30:00,Segunda,0,Chuvoso,17.8,0
M4322,L003,102,SAIDA_CONSUMO,18.25,,2,2026-08-10 21:30:00,Segunda,0,Chuvoso,17.8,0
M4323,L004,103,SAIDA_CONSUMO,7.19,,2,2026-08-10 21:30:00,Segunda,0,Chuvoso,17.8,0
M4324,L006,104,SAIDA_CONSUMO,4.52,,2,2026-08-10 21:30:00,Segunda,0,Chuvoso,17.8,0
M4325,L007,105,SAIDA_CONSUMO,13.23,,2,2026-08-10 21:30:00,Segunda,0,Chuvoso,17.8,0
M4326,L009,106,SAIDA_CONSUMO,9.6,,2,2026-08-10 21:30:00,Segunda,0,Chuvoso,17.8,0
M4327,L010,107,SAIDA_CONSUMO,11.2,,2,2026-08-10 21:30:00,Segunda,0,Chuvoso,17.8,0
M4328,L012,108,SAIDA_CONSUMO,16.33,,2,2026-08-10 21:30:00,Segunda,0,Chuvoso,17.8,0
M4329,L013,109,SAIDA_CONSUMO,7.27,,2,2026-08-10 21:30:00,Segunda,0,Chuvoso,17.8,0
M4330,L015,110,SAIDA_CONSUMO,1.7,,2,2026-08-10 21:30:00,Segunda,0,Chuvoso,17.8,0
M4331,L001,101,SAIDA_CONSUMO,14.73,,2,2026-08-11 21:30:00,Terça,0,Ensolarado,18.5,0
M4332,L003,102,SAIDA_CONSUMO,18.45,,2,2026-08-11 21:30:00,Terça,0,Ensolarado,18.5,0
M4333,L004,103,SAIDA_CONSUMO,5.98,,2,2026-08-11 21:30:00,Terça,0,Ensolarado,18.5,0
M4334,L006,104,SAIDA_CONSUMO,4.06,,2,2026-08-11 21:30:00,Terça,0,Ensolarado,18.5,0
M4335,L007,105,SAIDA_CONSUMO,12.26,,2,2026-08-11 21:30:00,Terça,0,Ensolarado,18.5,0
M4336,L009,106,SAIDA_CONSUMO,7.96,,2,2026-08-11 21:30:00,Terça,0,Ensolarado,18.5,0
M4337,L010,107,SAIDA_CONSUMO,10.18,,2,2026-08-11 21:30:00,Terça,0,Ensolarado,18.5,0
M4338,L012,108,SAIDA_CONSUMO,13.52,,2,2026-08-11 21:30:00,Terça,0,Ensolarado,18.5,0
M4339,L013,109,SAIDA_CONSUMO,12.29,,2,2026-08-11 21:30:00,Terça,0,Ensolarado,18.5,0
M4340,L015,110,SAIDA_CONSUMO,1.48,,2,2026-08-11 21:30:00,Terça,0,Ensolarado,18.5,0
M4341,L001,101,SAIDA_CONSUMO,19.09,,2,2026-08-12 21:30:00,Quarta,1,Nublado,20.2,0
M4342,L003,102,SAIDA_CONSUMO,23.86,,2,2026-08-12 21:30:00,Quarta,1,Nublado,20.2,0
M4343,L004,103,SAIDA_CONSUMO,8.21,,2,2026-08-12 21:30:00,Quarta,1,Nublado,20.2,0
M4344,L006,104,SAIDA_CONSUMO,5.11,,2,2026-08-12 21:30:00,Quarta,1,Nublado,20.2,0
M4345,L007,105,SAIDA_CONSUMO,15.22,,2,2026-08-12 21:30:00,Quarta,1,Nublado,20.2,0
M4346,L009,106,SAIDA_CONSUMO,9.35,,2,2026-08-12 21:30:00,Quarta,1,Nublado,20.2,0
M4347,L010,107,SAIDA_CONSUMO,13.07,,2,2026-08-12 21:30:00,Quarta,1,Nublado,20.2,0
M4348,L012,108,SAIDA_CONSUMO,17.97,,2,2026-08-12 21:30:00,Quarta,1,Nublado,20.2,0
M4349,L013,109,SAIDA_CONSUMO,15.9,,2,2026-08-12 21:30:00,Quarta,1,Nublado,20.2,0
M4350,L015,110,SAIDA_CONSUMO,1.99,,2,2026-08-12 21:30:00,Quarta,1,Nublado,20.2,0
M4351,L001,101,SAIDA_CONSUMO,15.59,,2,2026-08-13 21:30:00,Quinta,0,Nublado,14.9,0
M4352,L001,101,DESPERDICIO,0.32,Quebra de Embalagem,2,2026-08-13 22:00:00,Quinta,0,Nublado,14.9,0
M4353,L003,102,SAIDA_CONSUMO,17.19,,2,2026-08-13 21:30:00,Quinta,0,Nublado,14.9,0
M4354,L004,103,SAIDA_CONSUMO,5.57,,2,2026-08-13 21:30:00,Quinta,0,Nublado,14.9,0
M4355,L006,104,SAIDA_CONSUMO,4.02,,2,2026-08-13 21:30:00,Quinta,0,Nublado,14.9,0
M4356,L007,105,SAIDA_CONSUMO,11.58,,2,2026-08-13 21:30:00,Quinta,0,Nublado,14.9,0
M4357,L009,106,SAIDA_CONSUMO,8.15,,2,2026-08-13 21:30:00,Quinta,0,Nublado,14.9,0
M4358,L010,107,SAIDA_CONSUMO,10.24,,2,2026-08-13 21:30:00,Quinta,0,Nublado,14.9,0
M4359,L012,108,SAIDA_CONSUMO,15.04,,2,2026-08-13 21:30:00,Quinta,0,Nublado,14.9,0
M4360,L013,109,SAIDA_CONSUMO,12.85,,2,2026-08-13 21:30:00,Quinta,0,Nublado,14.9,0
M4361,L015,110,SAIDA_CONSUMO,1.46,,2,2026-08-13 21:30:00,Quinta,0,Nublado,14.9,0
M4362,L001,101,SAIDA_CONSUMO,41.38,,2,2026-08-14 21:30:00,Sexta,0,Chuvoso,20.7,1
M4363,L003,102,SAIDA_CONSUMO,26.12,,2,2026-08-14 21:30:00,Sexta,0,Chuvoso,20.7,1
M4364,L004,103,SAIDA_CONSUMO,21.88,,2,2026-08-14 21:30:00,Sexta,0,Chuvoso,20.7,1
M4365,L006,104,SAIDA_CONSUMO,12.08,,2,2026-08-14 21:30:00,Sexta,0,Chuvoso,20.7,1
M4366,L007,105,SAIDA_CONSUMO,17.42,,2,2026-08-14 21:30:00,Sexta,0,Chuvoso,20.7,1
M4367,L009,106,SAIDA_CONSUMO,15.94,,2,2026-08-14 21:30:00,Sexta,0,Chuvoso,20.7,1
M4368,L010,107,SAIDA_CONSUMO,14.57,,2,2026-08-14 21:30:00,Sexta,0,Chuvoso,20.7,1
M4369,L012,108,SAIDA_CONSUMO,8.82,,2,2026-08-14 21:30:00,Sexta,0,Chuvoso,20.7,1
M4370,L013,109,SAIDA_CONSUMO,33.78,,2,2026-08-14 21:30:00,Sexta,0,Chuvoso,20.7,1
M4371,L015,110,SAIDA_CONSUMO,3.54,,2,2026-08-14 21:30:00,Sexta,0,Chuvoso,20.7,1
M4372,L001,101,SAIDA_CONSUMO,42.49,,2,2026-08-15 21:30:00,Sábado,0,Ensolarado,12.1,0
M4373,L003,102,SAIDA_CONSUMO,26.09,,2,2026-08-15 21:30:00,Sábado,0,Ensolarado,12.1,0
M4374,L004,103,SAIDA_CONSUMO,19.26,,2,2026-08-15 21:30:00,Sábado,0,Ensolarado,12.1,0
M4375,L004,103,DESPERDICIO,0.71,Quebra de Embalagem,2,2026-08-15 22:00:00,Sábado,0,Ensolarado,12.1,0
M4376,L006,104,SAIDA_CONSUMO,9.42,,2,2026-08-15 21:30:00,Sábado,0,Ensolarado,12.1,0
M4377,L007,105,SAIDA_CONSUMO,14.05,,2,2026-08-15 21:30:00,Sábado,0,Ensolarado,12.1,0
M4378,L009,106,SAIDA_CONSUMO,15.25,,2,2026-08-15 21:30:00,Sábado,0,Ensolarado,12.1,0
M4379,L010,107,SAIDA_CONSUMO,12.03,,2,2026-08-15 21:30:00,Sábado,0,Ensolarado,12.1,0
M4380,L012,108,SAIDA_CONSUMO,8.08,,2,2026-08-15 21:30:00,Sábado,0,Ensolarado,12.1,0
M4381,L013,109,SAIDA_CONSUMO,66.85,,2,2026-08-15 21:30:00,Sábado,0,Ensolarado,12.1,0
M4382,L013,109,DESPERDICIO,1.26,Quebra de Embalagem,2,2026-08-15 22:00:00,Sábado,0,Ensolarado,12.1,0
M4383,L015,110,SAIDA_CONSUMO,2.9,,2,2026-08-15 21:30:00,Sábado,0,Ensolarado,12.1,0
M4384,L001,101,SAIDA_CONSUMO,39.95,,2,2026-08-16 21:30:00,Domingo,0,Nublado,16.8,0
M4385,L003,102,SAIDA_CONSUMO,26.7,,2,2026-08-16 21:30:00,Domingo,0,Nublado,16.8,0
M4386,L004,103,SAIDA_CONSUMO,17.09,,2,2026-08-16 21:30:00,Domingo,0,Nublado,16.8,0
M4387,L004,103,DESPERDICIO,0.38,Validade / Avaria,2,2026-08-16 22:00:00,Domingo,0,Nublado,16.8,0
M4388,L006,104,SAIDA_CONSUMO,10.22,,2,2026-08-16 21:30:00,Domingo,0,Nublado,16.8,0
M4389,L006,104,DESPERDICIO,0.64,Validade / Avaria,2,2026-08-16 22:00:00,Domingo,0,Nublado,16.8,0
M4390,L007,105,SAIDA_CONSUMO,15.4,,2,2026-08-16 21:30:00,Domingo,0,Nublado,16.8,0
M4391,L009,106,SAIDA_CONSUMO,14.39,,2,2026-08-16 21:30:00,Domingo,0,Nublado,16.8,0
M4392,L010,107,SAIDA_CONSUMO,12.42,,2,2026-08-16 21:30:00,Domingo,0,Nublado,16.8,0
M4393,L012,108,SAIDA_CONSUMO,8.12,,2,2026-08-16 21:30:00,Domingo,0,Nublado,16.8,0
M4394,L013,109,SAIDA_CONSUMO,64.54,,2,2026-08-16 21:30:00,Domingo,0,Nublado,16.8,0
M4395,L015,110,SAIDA_CONSUMO,3.01,,2,2026-08-16 21:30:00,Domingo,0,Nublado,16.8,0
M4396,L001,101,SAIDA_CONSUMO,14.27,,2,2026-08-17 21:30:00,Segunda,0,Frio,21.6,0
M4397,L001,101,DESPERDICIO,0.82,Erro de Preparo,2,2026-08-17 22:00:00,Segunda,0,Frio,21.6,0
M4398,L003,102,SAIDA_CONSUMO,18.6,,2,2026-08-17 21:30:00,Segunda,0,Frio,21.6,0
M4399,L004,103,SAIDA_CONSUMO,5.84,,2,2026-08-17 21:30:00,Segunda,0,Frio,21.6,0
M4400,L006,104,SAIDA_CONSUMO,3.9,,2,2026-08-17 21:30:00,Segunda,0,Frio,21.6,0
M4401,L007,105,SAIDA_CONSUMO,5.85,,2,2026-08-17 21:30:00,Segunda,0,Frio,21.6,0
M4402,L009,106,SAIDA_CONSUMO,5.68,,2,2026-08-17 21:30:00,Segunda,0,Frio,21.6,0
M4403,L009,106,DESPERDICIO,0.99,Erro de Preparo,2,2026-08-17 22:00:00,Segunda,0,Frio,21.6,0
M4404,L010,107,SAIDA_CONSUMO,9.91,,2,2026-08-17 21:30:00,Segunda,0,Frio,21.6,0
M4405,L012,108,SAIDA_CONSUMO,14.46,,2,2026-08-17 21:30:00,Segunda,0,Frio,21.6,0
M4406,L013,109,SAIDA_CONSUMO,5.68,,2,2026-08-17 21:30:00,Segunda,0,Frio,21.6,0
M4407,L015,110,SAIDA_CONSUMO,1.42,,2,2026-08-17 21:30:00,Segunda,0,Frio,21.6,0
M4408,L001,101,SAIDA_CONSUMO,15.38,,2,2026-08-18 21:30:00,Terça,0,Ensolarado,18.7,0
M4409,L003,102,SAIDA_CONSUMO,19.6,,2,2026-08-18 21:30:00,Terça,0,Ensolarado,18.7,0
M4410,L004,103,SAIDA_CONSUMO,5.92,,2,2026-08-18 21:30:00,Terça,0,Ensolarado,18.7,0
M4411,L006,104,SAIDA_CONSUMO,3.75,,2,2026-08-18 21:30:00,Terça,0,Ensolarado,18.7,0
M4412,L007,105,SAIDA_CONSUMO,11.07,,2,2026-08-18 21:30:00,Terça,0,Ensolarado,18.7,0
M4413,L009,106,SAIDA_CONSUMO,7.71,,2,2026-08-18 21:30:00,Terça,0,Ensolarado,18.7,0
M4414,L010,107,SAIDA_CONSUMO,10.66,,2,2026-08-18 21:30:00,Terça,0,Ensolarado,18.7,0
M4415,L012,108,SAIDA_CONSUMO,15.32,,2,2026-08-18 21:30:00,Terça,0,Ensolarado,18.7,0
M4416,L013,109,SAIDA_CONSUMO,12.37,,2,2026-08-18 21:30:00,Terça,0,Ensolarado,18.7,0
M4417,L015,110,SAIDA_CONSUMO,1.53,,2,2026-08-18 21:30:00,Terça,0,Ensolarado,18.7,0
M4418,L001,101,SAIDA_CONSUMO,16.2,,2,2026-08-19 21:30:00,Quarta,0,Frio,20.3,0
M4419,L003,102,SAIDA_CONSUMO,17.94,,2,2026-08-19 21:30:00,Quarta,0,Frio,20.3,0
M4420,L004,103,SAIDA_CONSUMO,5.98,,2,2026-08-19 21:30:00,Quarta,0,Frio,20.3,0
M4421,L006,104,SAIDA_CONSUMO,4.2,,2,2026-08-19 21:30:00,Quarta,0,Frio,20.3,0
M4422,L007,105,SAIDA_CONSUMO,7.55,,2,2026-08-19 21:30:00,Quarta,0,Frio,20.3,0
M4423,L007,105,DESPERDICIO,1.01,Sobras de Prato,2,2026-08-19 22:00:00,Quarta,0,Frio,20.3,0
M4424,L009,106,SAIDA_CONSUMO,5.61,,2,2026-08-19 21:30:00,Quarta,0,Frio,20.3,0
M4425,L010,107,SAIDA_CONSUMO,10.72,,2,2026-08-19 21:30:00,Quarta,0,Frio,20.3,0
M4426,L012,108,SAIDA_CONSUMO,13.82,,2,2026-08-19 21:30:00,Quarta,0,Frio,20.3,0
M4427,L013,109,SAIDA_CONSUMO,5.87,,2,2026-08-19 21:30:00,Quarta,0,Frio,20.3,0
M4428,L015,110,SAIDA_CONSUMO,1.41,,2,2026-08-19 21:30:00,Quarta,0,Frio,20.3,0
M4429,L001,101,SAIDA_CONSUMO,14.62,,2,2026-08-20 21:30:00,Quinta,0,Nublado,15.9,0
M4430,L003,102,SAIDA_CONSUMO,17.45,,2,2026-08-20 21:30:00,Quinta,0,Nublado,15.9,0
M4431,L004,103,SAIDA_CONSUMO,5.61,,2,2026-08-20 21:30:00,Quinta,0,Nublado,15.9,0
M4432,L006,104,SAIDA_CONSUMO,4.01,,2,2026-08-20 21:30:00,Quinta,0,Nublado,15.9,0
M4433,L007,105,SAIDA_CONSUMO,11.96,,2,2026-08-20 21:30:00,Quinta,0,Nublado,15.9,0
M4434,L009,106,SAIDA_CONSUMO,7.32,,2,2026-08-20 21:30:00,Quinta,0,Nublado,15.9,0
M4435,L010,107,SAIDA_CONSUMO,9.6,,2,2026-08-20 21:30:00,Quinta,0,Nublado,15.9,0
M4436,L012,108,SAIDA_CONSUMO,14.13,,2,2026-08-20 21:30:00,Quinta,0,Nublado,15.9,0
M4437,L013,109,SAIDA_CONSUMO,12.41,,2,2026-08-20 21:30:00,Quinta,0,Nublado,15.9,0
M4438,L015,110,SAIDA_CONSUMO,1.57,,2,2026-08-20 21:30:00,Quinta,0,Nublado,15.9,0
M4439,L001,101,SAIDA_CONSUMO,40.27,,2,2026-08-21 21:30:00,Sexta,0,Frio,21.6,0
M4440,L003,102,SAIDA_CONSUMO,25.88,,2,2026-08-21 21:30:00,Sexta,0,Frio,21.6,0
M4441,L004,103,SAIDA_CONSUMO,18.05,,2,2026-08-21 21:30:00,Sexta,0,Frio,21.6,0
M4442,L006,104,SAIDA_CONSUMO,9.19,,2,2026-08-21 21:30:00,Sexta,0,Frio,21.6,0
M4443,L007,105,SAIDA_CONSUMO,8.93,,2,2026-08-21 21:30:00,Sexta,0,Frio,21.6,0
M4444,L007,105,DESPERDICIO,1.21,Sobras de Prato,2,2026-08-21 22:00:00,Sexta,0,Frio,21.6,0
M4445,L009,106,SAIDA_CONSUMO,9.0,,2,2026-08-21 21:30:00,Sexta,0,Frio,21.6,0
M4446,L010,107,SAIDA_CONSUMO,11.59,,2,2026-08-21 21:30:00,Sexta,0,Frio,21.6,0
M4447,L012,108,SAIDA_CONSUMO,8.56,,2,2026-08-21 21:30:00,Sexta,0,Frio,21.6,0
M4448,L013,109,SAIDA_CONSUMO,31.96,,2,2026-08-21 21:30:00,Sexta,0,Frio,21.6,0
M4449,L015,110,SAIDA_CONSUMO,3.13,,2,2026-08-21 21:30:00,Sexta,0,Frio,21.6,0
M4450,L001,101,SAIDA_CONSUMO,42.59,,2,2026-08-22 21:30:00,Sábado,0,Nublado,12.0,1
M4451,L003,102,SAIDA_CONSUMO,29.88,,2,2026-08-22 21:30:00,Sábado,0,Nublado,12.0,1
M4452,L004,103,SAIDA_CONSUMO,22.41,,2,2026-08-22 21:30:00,Sábado,0,Nublado,12.0,1
M4453,L006,104,SAIDA_CONSUMO,12.6,,2,2026-08-22 21:30:00,Sábado,0,Nublado,12.0,1
M4454,L007,105,SAIDA_CONSUMO,18.05,,2,2026-08-22 21:30:00,Sábado,0,Nublado,12.0,1
M4455,L009,106,SAIDA_CONSUMO,16.34,,2,2026-08-22 21:30:00,Sábado,0,Nublado,12.0,1
M4456,L010,107,SAIDA_CONSUMO,13.76,,2,2026-08-22 21:30:00,Sábado,0,Nublado,12.0,1
M4457,L012,108,SAIDA_CONSUMO,9.28,,2,2026-08-22 21:30:00,Sábado,0,Nublado,12.0,1
M4458,L013,109,SAIDA_CONSUMO,82.42,,2,2026-08-22 21:30:00,Sábado,0,Nublado,12.0,1
M4459,L015,110,SAIDA_CONSUMO,3.72,,2,2026-08-22 21:30:00,Sábado,0,Nublado,12.0,1
M4460,L001,101,SAIDA_CONSUMO,39.18,,2,2026-08-23 21:30:00,Domingo,0,Frio,14.0,0
M4461,L003,102,SAIDA_CONSUMO,25.59,,2,2026-08-23 21:30:00,Domingo,0,Frio,14.0,0
M4462,L004,103,SAIDA_CONSUMO,18.18,,2,2026-08-23 21:30:00,Domingo,0,Frio,14.0,0
M4463,L006,104,SAIDA_CONSUMO,10.8,,2,2026-08-23 21:30:00,Domingo,0,Frio,14.0,0
M4464,L007,105,SAIDA_CONSUMO,9.52,,2,2026-08-23 21:30:00,Domingo,0,Frio,14.0,0
M4465,L009,106,SAIDA_CONSUMO,8.66,,2,2026-08-23 21:30:00,Domingo,0,Frio,14.0,0
M4466,L010,107,SAIDA_CONSUMO,12.16,,2,2026-08-23 21:30:00,Domingo,0,Frio,14.0,0
M4467,L012,108,SAIDA_CONSUMO,8.19,,2,2026-08-23 21:30:00,Domingo,0,Frio,14.0,0
M4468,L013,109,SAIDA_CONSUMO,30.78,,2,2026-08-23 21:30:00,Domingo,0,Frio,14.0,0
M4469,L015,110,SAIDA_CONSUMO,3.06,,2,2026-08-23 21:30:00,Domingo,0,Frio,14.0,0
M4470,L001,101,SAIDA_CONSUMO,14.95,,2,2026-08-24 21:30:00,Segunda,0,Ensolarado,16.2,0
M4471,L003,102,SAIDA_CONSUMO,17.98,,2,2026-08-24 21:30:00,Segunda,0,Ensolarado,16.2,0
M4472,L004,103,SAIDA_CONSUMO,5.88,,2,2026-08-24 21:30:00,Segunda,0,Ensolarado,16.2,0
M4473,L006,104,SAIDA_CONSUMO,4.14,,2,2026-08-24 21:30:00,Segunda,0,Ensolarado,16.2,0
M4474,L007,105,SAIDA_CONSUMO,12.09,,2,2026-08-24 21:30:00,Segunda,0,Ensolarado,16.2,0
M4475,L009,106,SAIDA_CONSUMO,8.43,,2,2026-08-24 21:30:00,Segunda,0,Ensolarado,16.2,0
M4476,L010,107,SAIDA_CONSUMO,10.63,,2,2026-08-24 21:30:00,Segunda,0,Ensolarado,16.2,0
M4477,L012,108,SAIDA_CONSUMO,14.76,,2,2026-08-24 21:30:00,Segunda,0,Ensolarado,16.2,0
M4478,L013,109,SAIDA_CONSUMO,12.17,,2,2026-08-24 21:30:00,Segunda,0,Ensolarado,16.2,0
M4479,L015,110,SAIDA_CONSUMO,1.49,,2,2026-08-24 21:30:00,Segunda,0,Ensolarado,16.2,0
M4480,L001,101,SAIDA_CONSUMO,16.2,,2,2026-08-25 21:30:00,Terça,1,Chuvoso,20.6,0
M4481,L003,102,SAIDA_CONSUMO,17.56,,2,2026-08-25 21:30:00,Terça,1,Chuvoso,20.6,0
M4482,L004,103,SAIDA_CONSUMO,7.79,,2,2026-08-25 21:30:00,Terça,1,Chuvoso,20.6,0
M4483,L006,104,SAIDA_CONSUMO,4.95,,2,2026-08-25 21:30:00,Terça,1,Chuvoso,20.6,0
M4484,L007,105,SAIDA_CONSUMO,15.58,,2,2026-08-25 21:30:00,Terça,1,Chuvoso,20.6,0
M4485,L009,106,SAIDA_CONSUMO,10.01,,2,2026-08-25 21:30:00,Terça,1,Chuvoso,20.6,0
M4486,L010,107,SAIDA_CONSUMO,13.79,,2,2026-08-25 21:30:00,Terça,1,Chuvoso,20.6,0
M4487,L012,108,SAIDA_CONSUMO,17.22,,2,2026-08-25 21:30:00,Terça,1,Chuvoso,20.6,0
M4488,L013,109,SAIDA_CONSUMO,6.93,,2,2026-08-25 21:30:00,Terça,1,Chuvoso,20.6,0
M4489,L015,110,SAIDA_CONSUMO,1.82,,2,2026-08-25 21:30:00,Terça,1,Chuvoso,20.6,0
M4490,L001,101,SAIDA_CONSUMO,15.78,,2,2026-08-26 21:30:00,Quarta,0,Ensolarado,14.9,0
M4491,L003,102,SAIDA_CONSUMO,18.48,,2,2026-08-26 21:30:00,Quarta,0,Ensolarado,14.9,0
M4492,L004,103,SAIDA_CONSUMO,5.49,,2,2026-08-26 21:30:00,Quarta,0,Ensolarado,14.9,0
M4493,L006,104,SAIDA_CONSUMO,4.2,,2,2026-08-26 21:30:00,Quarta,0,Ensolarado,14.9,0
M4494,L007,105,SAIDA_CONSUMO,11.66,,2,2026-08-26 21:30:00,Quarta,0,Ensolarado,14.9,0
M4495,L009,106,SAIDA_CONSUMO,7.93,,2,2026-08-26 21:30:00,Quarta,0,Ensolarado,14.9,0
M4496,L010,107,SAIDA_CONSUMO,9.01,,2,2026-08-26 21:30:00,Quarta,0,Ensolarado,14.9,0
M4497,L012,108,SAIDA_CONSUMO,14.61,,2,2026-08-26 21:30:00,Quarta,0,Ensolarado,14.9,0
M4498,L013,109,SAIDA_CONSUMO,11.47,,2,2026-08-26 21:30:00,Quarta,0,Ensolarado,14.9,0
M4499,L015,110,SAIDA_CONSUMO,1.64,,2,2026-08-26 21:30:00,Quarta,0,Ensolarado,14.9,0
M4500,L001,101,SAIDA_CONSUMO,14.98,,2,2026-08-27 21:30:00,Quinta,0,Frio,14.9,0
M4501,L003,102,SAIDA_CONSUMO,17.25,,2,2026-08-27 21:30:00,Quinta,0,Frio,14.9,0
M4502,L004,103,SAIDA_CONSUMO,5.98,,2,2026-08-27 21:30:00,Quinta,0,Frio,14.9,0
M4503,L006,104,SAIDA_CONSUMO,4.12,,2,2026-08-27 21:30:00,Quinta,0,Frio,14.9,0
M4504,L007,105,SAIDA_CONSUMO,7.27,,2,2026-08-27 21:30:00,Quinta,0,Frio,14.9,0
M4505,L009,106,SAIDA_CONSUMO,4.72,,2,2026-08-27 21:30:00,Quinta,0,Frio,14.9,0
M4506,L010,107,SAIDA_CONSUMO,9.74,,2,2026-08-27 21:30:00,Quinta,0,Frio,14.9,0
M4507,L012,108,SAIDA_CONSUMO,13.69,,2,2026-08-27 21:30:00,Quinta,0,Frio,14.9,0
M4508,L013,109,SAIDA_CONSUMO,6.22,,2,2026-08-27 21:30:00,Quinta,0,Frio,14.9,0
M4509,L015,110,SAIDA_CONSUMO,1.46,,2,2026-08-27 21:30:00,Quinta,0,Frio,14.9,0
M4510,L001,101,SAIDA_CONSUMO,44.14,,2,2026-08-28 21:30:00,Sexta,0,Chuvoso,13.5,1
M4511,L001,101,DESPERDICIO,1.41,Validade / Avaria,2,2026-08-28 22:00:00,Sexta,0,Chuvoso,13.5,1
M4512,L003,102,SAIDA_CONSUMO,26.86,,2,2026-08-28 21:30:00,Sexta,0,Chuvoso,13.5,1
M4513,L004,103,SAIDA_CONSUMO,23.52,,2,2026-08-28 21:30:00,Sexta,0,Chuvoso,13.5,1
M4514,L006,104,SAIDA_CONSUMO,12.14,,2,2026-08-28 21:30:00,Sexta,0,Chuvoso,13.5,1
M4515,L007,105,SAIDA_CONSUMO,17.98,,2,2026-08-28 21:30:00,Sexta,0,Chuvoso,13.5,1
M4516,L009,106,SAIDA_CONSUMO,16.82,,2,2026-08-28 21:30:00,Sexta,0,Chuvoso,13.5,1
M4517,L010,107,SAIDA_CONSUMO,13.74,,2,2026-08-28 21:30:00,Sexta,0,Chuvoso,13.5,1
M4518,L012,108,SAIDA_CONSUMO,9.93,,2,2026-08-28 21:30:00,Sexta,0,Chuvoso,13.5,1
M4519,L013,109,SAIDA_CONSUMO,41.68,,2,2026-08-28 21:30:00,Sexta,0,Chuvoso,13.5,1
M4520,L015,110,SAIDA_CONSUMO,3.58,,2,2026-08-28 21:30:00,Sexta,0,Chuvoso,13.5,1
M4521,L001,101,SAIDA_CONSUMO,48.02,,2,2026-08-29 21:30:00,Sábado,0,Ensolarado,21.5,1
M4522,L003,102,SAIDA_CONSUMO,28.33,,2,2026-08-29 21:30:00,Sábado,0,Ensolarado,21.5,1
M4523,L003,102,DESPERDICIO,0.99,Validade / Avaria,2,2026-08-29 22:00:00,Sábado,0,Ensolarado,21.5,1
M4524,L004,103,SAIDA_CONSUMO,20.47,,2,2026-08-29 21:30:00,Sábado,0,Ensolarado,21.5,1
M4525,L006,104,SAIDA_CONSUMO,11.6,,2,2026-08-29 21:30:00,Sábado,0,Ensolarado,21.5,1
M4526,L007,105,SAIDA_CONSUMO,18.3,,2,2026-08-29 21:30:00,Sábado,0,Ensolarado,21.5,1
M4527,L009,106,SAIDA_CONSUMO,16.62,,2,2026-08-29 21:30:00,Sábado,0,Ensolarado,21.5,1
M4528,L010,107,SAIDA_CONSUMO,14.54,,2,2026-08-29 21:30:00,Sábado,0,Ensolarado,21.5,1
M4529,L012,108,SAIDA_CONSUMO,10.14,,2,2026-08-29 21:30:00,Sábado,0,Ensolarado,21.5,1
M4530,L013,109,SAIDA_CONSUMO,77.02,,2,2026-08-29 21:30:00,Sábado,0,Ensolarado,21.5,1
M4531,L015,110,SAIDA_CONSUMO,3.72,,2,2026-08-29 21:30:00,Sábado,0,Ensolarado,21.5,1
M4532,L001,101,SAIDA_CONSUMO,36.11,,2,2026-08-30 21:30:00,Domingo,0,Nublado,17.5,0
M4533,L003,102,SAIDA_CONSUMO,24.95,,2,2026-08-30 21:30:00,Domingo,0,Nublado,17.5,0
M4534,L004,103,SAIDA_CONSUMO,19.57,,2,2026-08-30 21:30:00,Domingo,0,Nublado,17.5,0
M4535,L006,104,SAIDA_CONSUMO,9.47,,2,2026-08-30 21:30:00,Domingo,0,Nublado,17.5,0
M4536,L007,105,SAIDA_CONSUMO,14.24,,2,2026-08-30 21:30:00,Domingo,0,Nublado,17.5,0
M4537,L009,106,SAIDA_CONSUMO,14.0,,2,2026-08-30 21:30:00,Domingo,0,Nublado,17.5,0
M4538,L010,107,SAIDA_CONSUMO,11.86,,2,2026-08-30 21:30:00,Domingo,0,Nublado,17.5,0
M4539,L012,108,SAIDA_CONSUMO,8.34,,2,2026-08-30 21:30:00,Domingo,0,Nublado,17.5,0
M4540,L013,109,SAIDA_CONSUMO,66.56,,2,2026-08-30 21:30:00,Domingo,0,Nublado,17.5,0
M4541,L013,109,DESPERDICIO,0.28,Erro de Preparo,2,2026-08-30 22:00:00,Domingo,0,Nublado,17.5,0
M4542,L015,110,SAIDA_CONSUMO,2.85,,2,2026-08-30 21:30:00,Domingo,0,Nublado,17.5,0
M4543,L001,101,SAIDA_CONSUMO,12.62,,2,2026-08-31 21:30:00,Segunda,0,Chuvoso,14.1,0
M4544,L003,102,SAIDA_CONSUMO,14.91,,2,2026-08-31 21:30:00,Segunda,0,Chuvoso,14.1,0
M4545,L004,103,SAIDA_CONSUMO,5.65,,2,2026-08-31 21:30:00,Segunda,0,Chuvoso,14.1,0
M4546,L004,103,DESPERDICIO,1.25,Quebra de Embalagem,2,2026-08-31 22:00:00,Segunda,0,Chuvoso,14.1,0
M4547,L006,104,SAIDA_CONSUMO,4.02,,2,2026-08-31 21:30:00,Segunda,0,Chuvoso,14.1,0
M4548,L007,105,SAIDA_CONSUMO,12.96,,2,2026-08-31 21:30:00,Segunda,0,Chuvoso,14.1,0
M4549,L009,106,SAIDA_CONSUMO,7.64,,2,2026-08-31 21:30:00,Segunda,0,Chuvoso,14.1,0
M4550,L010,107,SAIDA_CONSUMO,10.44,,2,2026-08-31 21:30:00,Segunda,0,Chuvoso,14.1,0
M4551,L012,108,SAIDA_CONSUMO,12.89,,2,2026-08-31 21:30:00,Segunda,0,Chuvoso,14.1,0
M4552,L012,108,DESPERDICIO,1.23,Erro de Preparo,2,2026-08-31 22:00:00,Segunda,0,Chuvoso,14.1,0
M4553,L013,109,SAIDA_CONSUMO,6.01,,2,2026-08-31 21:30:00,Segunda,0,Chuvoso,14.1,0
M4554,L015,110,SAIDA_CONSUMO,1.48,,2,2026-08-31 21:30:00,Segunda,0,Chuvoso,14.1,0
M4555,L001,101,SAIDA_CONSUMO,23.96,,2,2026-09-01 21:30:00,Terça,1,Ensolarado,28.1,0
M4556,L003,102,SAIDA_CONSUMO,28.19,,2,2026-09-01 21:30:00,Terça,1,Ensolarado,28.1,0
M4557,L004,103,SAIDA_CONSUMO,9.12,,2,2026-09-01 21:30:00,Terça,1,Ensolarado,28.1,0
M4558,L006,104,SAIDA_CONSUMO,6.07,,2,2026-09-01 21:30:00,Terça,1,Ensolarado,28.1,0
M4559,L007,105,SAIDA_CONSUMO,22.94,,2,2026-09-01 21:30:00,Terça,1,Ensolarado,28.1,0
M4560,L009,106,SAIDA_CONSUMO,15.6,,2,2026-09-01 21:30:00,Terça,1,Ensolarado,28.1,0
M4561,L010,107,SAIDA_CONSUMO,16.09,,2,2026-09-01 21:30:00,Terça,1,Ensolarado,28.1,0
M4562,L012,108,SAIDA_CONSUMO,20.97,,2,2026-09-01 21:30:00,Terça,1,Ensolarado,28.1,0
M4563,L013,109,SAIDA_CONSUMO,27.2,,2,2026-09-01 21:30:00,Terça,1,Ensolarado,28.1,0
M4564,L015,110,SAIDA_CONSUMO,2.43,,2,2026-09-01 21:30:00,Terça,1,Ensolarado,28.1,0
M4565,L001,101,SAIDA_CONSUMO,17.41,,2,2026-09-02 21:30:00,Quarta,0,Ensolarado,26.1,0
M4566,L003,102,SAIDA_CONSUMO,22.24,,2,2026-09-02 21:30:00,Quarta,0,Ensolarado,26.1,0
M4567,L004,103,SAIDA_CONSUMO,7.0,,2,2026-09-02 21:30:00,Quarta,0,Ensolarado,26.1,0
M4568,L006,104,SAIDA_CONSUMO,5.11,,2,2026-09-02 21:30:00,Quarta,0,Ensolarado,26.1,0
M4569,L007,105,SAIDA_CONSUMO,13.9,,2,2026-09-02 21:30:00,Quarta,0,Ensolarado,26.1,0
M4570,L009,106,SAIDA_CONSUMO,9.38,,2,2026-09-02 21:30:00,Quarta,0,Ensolarado,26.1,0
M4571,L010,107,SAIDA_CONSUMO,10.9,,2,2026-09-02 21:30:00,Quarta,0,Ensolarado,26.1,0
M4572,L012,108,SAIDA_CONSUMO,16.18,,2,2026-09-02 21:30:00,Quarta,0,Ensolarado,26.1,0
M4573,L013,109,SAIDA_CONSUMO,15.42,,2,2026-09-02 21:30:00,Quarta,0,Ensolarado,26.1,0
M4574,L015,110,SAIDA_CONSUMO,1.92,,2,2026-09-02 21:30:00,Quarta,0,Ensolarado,26.1,0
M4575,L001,101,SAIDA_CONSUMO,17.11,,2,2026-09-03 21:30:00,Quinta,0,Ensolarado,28.7,0
M4576,L003,102,SAIDA_CONSUMO,21.61,,2,2026-09-03 21:30:00,Quinta,0,Ensolarado,28.7,0
M4577,L004,103,SAIDA_CONSUMO,7.27,,2,2026-09-03 21:30:00,Quinta,0,Ensolarado,28.7,0
M4578,L006,104,SAIDA_CONSUMO,4.63,,2,2026-09-03 21:30:00,Quinta,0,Ensolarado,28.7,0
M4579,L007,105,SAIDA_CONSUMO,17.75,,2,2026-09-03 21:30:00,Quinta,0,Ensolarado,28.7,0
M4580,L009,106,SAIDA_CONSUMO,12.22,,2,2026-09-03 21:30:00,Quinta,0,Ensolarado,28.7,0
M4581,L010,107,SAIDA_CONSUMO,11.8,,2,2026-09-03 21:30:00,Quinta,0,Ensolarado,28.7,0
M4582,L012,108,SAIDA_CONSUMO,16.8,,2,2026-09-03 21:30:00,Quinta,0,Ensolarado,28.7,0
M4583,L013,109,SAIDA_CONSUMO,21.22,,2,2026-09-03 21:30:00,Quinta,0,Ensolarado,28.7,0
M4584,L015,110,SAIDA_CONSUMO,1.84,,2,2026-09-03 21:30:00,Quinta,0,Ensolarado,28.7,0
M4585,L001,101,SAIDA_CONSUMO,43.78,,2,2026-09-04 21:30:00,Sexta,0,Ensolarado,25.3,0
M4586,L003,102,SAIDA_CONSUMO,31.67,,2,2026-09-04 21:30:00,Sexta,0,Ensolarado,25.3,0
M4587,L004,103,SAIDA_CONSUMO,20.98,,2,2026-09-04 21:30:00,Sexta,0,Ensolarado,25.3,0
M4588,L006,104,SAIDA_CONSUMO,12.58,,2,2026-09-04 21:30:00,Sexta,0,Ensolarado,25.3,0
M4589,L007,105,SAIDA_CONSUMO,18.8,,2,2026-09-04 21:30:00,Sexta,0,Ensolarado,25.3,0
M4590,L009,106,SAIDA_CONSUMO,15.9,,2,2026-09-04 21:30:00,Sexta,0,Ensolarado,25.3,0
M4591,L010,107,SAIDA_CONSUMO,15.45,,2,2026-09-04 21:30:00,Sexta,0,Ensolarado,25.3,0
M4592,L012,108,SAIDA_CONSUMO,9.59,,2,2026-09-04 21:30:00,Sexta,0,Ensolarado,25.3,0
M4593,L013,109,SAIDA_CONSUMO,79.41,,2,2026-09-04 21:30:00,Sexta,0,Ensolarado,25.3,0
M4594,L015,110,SAIDA_CONSUMO,3.49,,2,2026-09-04 21:30:00,Sexta,0,Ensolarado,25.3,0
M4595,L001,101,SAIDA_CONSUMO,51.18,,2,2026-09-05 21:30:00,Sábado,0,Ensolarado,28.6,0
M4596,L003,102,SAIDA_CONSUMO,29.82,,2,2026-09-05 21:30:00,Sábado,0,Ensolarado,28.6,0
M4597,L004,103,SAIDA_CONSUMO,21.34,,2,2026-09-05 21:30:00,Sábado,0,Ensolarado,28.6,0
M4598,L006,104,SAIDA_CONSUMO,12.58,,2,2026-09-05 21:30:00,Sábado,0,Ensolarado,28.6,0
M4599,L006,104,DESPERDICIO,0.36,Validade / Avaria,2,2026-09-05 22:00:00,Sábado,0,Ensolarado,28.6,0
M4600,L007,105,SAIDA_CONSUMO,21.92,,2,2026-09-05 21:30:00,Sábado,0,Ensolarado,28.6,0
M4601,L007,105,DESPERDICIO,1.01,Validade / Avaria,2,2026-09-05 22:00:00,Sábado,0,Ensolarado,28.6,0
M4602,L009,106,SAIDA_CONSUMO,21.14,,2,2026-09-05 21:30:00,Sábado,0,Ensolarado,28.6,0
M4603,L010,107,SAIDA_CONSUMO,13.32,,2,2026-09-05 21:30:00,Sábado,0,Ensolarado,28.6,0
M4604,L012,108,SAIDA_CONSUMO,10.03,,2,2026-09-05 21:30:00,Sábado,0,Ensolarado,28.6,0
M4605,L013,109,SAIDA_CONSUMO,111.9,,2,2026-09-05 21:30:00,Sábado,0,Ensolarado,28.6,0
M4606,L015,110,SAIDA_CONSUMO,3.71,,2,2026-09-05 21:30:00,Sábado,0,Ensolarado,28.6,0
M4607,L001,101,SAIDA_CONSUMO,46.0,,2,2026-09-06 21:30:00,Domingo,0,Ensolarado,25.4,0
M4608,L003,102,SAIDA_CONSUMO,27.81,,2,2026-09-06 21:30:00,Domingo,0,Ensolarado,25.4,0
M4609,L004,103,SAIDA_CONSUMO,24.0,,2,2026-09-06 21:30:00,Domingo,0,Ensolarado,25.4,0
M4610,L006,104,SAIDA_CONSUMO,12.05,,2,2026-09-06 21:30:00,Domingo,0,Ensolarado,25.4,0
M4611,L006,104,DESPERDICIO,0.95,Erro de Preparo,2,2026-09-06 22:00:00,Domingo,0,Ensolarado,25.4,0
M4612,L007,105,SAIDA_CONSUMO,17.85,,2,2026-09-06 21:30:00,Domingo,0,Ensolarado,25.4,0
M4613,L009,106,SAIDA_CONSUMO,16.82,,2,2026-09-06 21:30:00,Domingo,0,Ensolarado,25.4,0
M4614,L010,107,SAIDA_CONSUMO,14.43,,2,2026-09-06 21:30:00,Domingo,0,Ensolarado,25.4,0
M4615,L012,108,SAIDA_CONSUMO,9.06,,2,2026-09-06 21:30:00,Domingo,0,Ensolarado,25.4,0
M4616,L013,109,SAIDA_CONSUMO,78.14,,2,2026-09-06 21:30:00,Domingo,0,Ensolarado,25.4,0
M4617,L015,110,SAIDA_CONSUMO,3.49,,2,2026-09-06 21:30:00,Domingo,0,Ensolarado,25.4,0
M4618,L001,101,SAIDA_CONSUMO,22.75,,2,2026-09-07 21:30:00,Segunda,1,Frio,27.7,0
M4619,L003,102,SAIDA_CONSUMO,28.29,,2,2026-09-07 21:30:00,Segunda,1,Frio,27.7,0
M4620,L004,103,SAIDA_CONSUMO,9.5,,2,2026-09-07 21:30:00,Segunda,1,Frio,27.7,0
M4621,L006,104,SAIDA_CONSUMO,6.35,,2,2026-09-07 21:30:00,Segunda,1,Frio,27.7,0
M4622,L007,105,SAIDA_CONSUMO,11.9,,2,2026-09-07 21:30:00,Segunda,1,Frio,27.7,0
M4623,L009,106,SAIDA_CONSUMO,8.31,,2,2026-09-07 21:30:00,Segunda,1,Frio,27.7,0
M4624,L010,107,SAIDA_CONSUMO,16.29,,2,2026-09-07 21:30:00,Segunda,1,Frio,27.7,0
M4625,L012,108,SAIDA_CONSUMO,22.45,,2,2026-09-07 21:30:00,Segunda,1,Frio,27.7,0
M4626,L013,109,SAIDA_CONSUMO,9.43,,2,2026-09-07 21:30:00,Segunda,1,Frio,27.7,0
M4627,L015,110,SAIDA_CONSUMO,2.4,,2,2026-09-07 21:30:00,Segunda,1,Frio,27.7,0
M4628,L001,101,SAIDA_CONSUMO,16.44,,2,2026-09-08 21:30:00,Terça,0,Frio,24.2,0
M4629,L001,101,DESPERDICIO,0.28,Validade / Avaria,2,2026-09-08 22:00:00,Terça,0,Frio,24.2,0
M4630,L003,102,SAIDA_CONSUMO,22.2,,2,2026-09-08 21:30:00,Terça,0,Frio,24.2,0
M4631,L004,103,SAIDA_CONSUMO,7.11,,2,2026-09-08 21:30:00,Terça,0,Frio,24.2,0
M4632,L006,104,SAIDA_CONSUMO,4.7,,2,2026-09-08 21:30:00,Terça,0,Frio,24.2,0
M4633,L007,105,SAIDA_CONSUMO,9.19,,2,2026-09-08 21:30:00,Terça,0,Frio,24.2,0
M4634,L009,106,SAIDA_CONSUMO,6.24,,2,2026-09-08 21:30:00,Terça,0,Frio,24.2,0
M4635,L010,107,SAIDA_CONSUMO,11.62,,2,2026-09-08 21:30:00,Terça,0,Frio,24.2,0
M4636,L012,108,SAIDA_CONSUMO,16.9,,2,2026-09-08 21:30:00,Terça,0,Frio,24.2,0
M4637,L013,109,SAIDA_CONSUMO,7.23,,2,2026-09-08 21:30:00,Terça,0,Frio,24.2,0
M4638,L015,110,SAIDA_CONSUMO,1.81,,2,2026-09-08 21:30:00,Terça,0,Frio,24.2,0
M4639,L001,101,SAIDA_CONSUMO,15.95,,2,2026-09-09 21:30:00,Quarta,0,Chuvoso,30.3,0
M4640,L003,102,SAIDA_CONSUMO,20.24,,2,2026-09-09 21:30:00,Quarta,0,Chuvoso,30.3,0
M4641,L004,103,SAIDA_CONSUMO,7.33,,2,2026-09-09 21:30:00,Quarta,0,Chuvoso,30.3,0
M4642,L006,104,SAIDA_CONSUMO,4.87,,2,2026-09-09 21:30:00,Quarta,0,Chuvoso,30.3,0
M4643,L007,105,SAIDA_CONSUMO,19.35,,2,2026-09-09 21:30:00,Quarta,0,Chuvoso,30.3,0
M4644,L009,106,SAIDA_CONSUMO,10.91,,2,2026-09-09 21:30:00,Quarta,0,Chuvoso,30.3,0
M4645,L010,107,SAIDA_CONSUMO,12.49,,2,2026-09-09 21:30:00,Quarta,0,Chuvoso,30.3,0
M4646,L010,107,DESPERDICIO,1.0,Sobras de Prato,2,2026-09-09 22:00:00,Quarta,0,Chuvoso,30.3,0
M4647,L012,108,SAIDA_CONSUMO,18.6,,2,2026-09-09 21:30:00,Quarta,0,Chuvoso,30.3,0
M4648,L013,109,SAIDA_CONSUMO,11.11,,2,2026-09-09 21:30:00,Quarta,0,Chuvoso,30.3,0
M4649,L015,110,SAIDA_CONSUMO,1.82,,2,2026-09-09 21:30:00,Quarta,0,Chuvoso,30.3,0
M4650,L001,101,SAIDA_CONSUMO,17.88,,2,2026-09-10 21:30:00,Quinta,0,Ensolarado,31.5,0
M4651,L003,102,SAIDA_CONSUMO,21.4,,2,2026-09-10 21:30:00,Quinta,0,Ensolarado,31.5,0
M4652,L004,103,SAIDA_CONSUMO,7.25,,2,2026-09-10 21:30:00,Quinta,0,Ensolarado,31.5,0
M4653,L006,104,SAIDA_CONSUMO,4.72,,2,2026-09-10 21:30:00,Quinta,0,Ensolarado,31.5,0
M4654,L007,105,SAIDA_CONSUMO,18.59,,2,2026-09-10 21:30:00,Quinta,0,Ensolarado,31.5,0
M4655,L009,106,SAIDA_CONSUMO,11.77,,2,2026-09-10 21:30:00,Quinta,0,Ensolarado,31.5,0
M4656,L010,107,SAIDA_CONSUMO,11.14,,2,2026-09-10 21:30:00,Quinta,0,Ensolarado,31.5,0
M4657,L012,108,SAIDA_CONSUMO,17.11,,2,2026-09-10 21:30:00,Quinta,0,Ensolarado,31.5,0
M4658,L013,109,SAIDA_CONSUMO,21.34,,2,2026-09-10 21:30:00,Quinta,0,Ensolarado,31.5,0
M4659,L015,110,SAIDA_CONSUMO,1.85,,2,2026-09-10 21:30:00,Quinta,0,Ensolarado,31.5,0
M4660,L015,110,DESPERDICIO,0.93,Sobras de Prato,2,2026-09-10 22:00:00,Quinta,0,Ensolarado,31.5,0
M4661,L001,101,SAIDA_CONSUMO,28.43,,2,2026-09-11 21:30:00,Sexta,0,Chuvoso,33.1,0
M4662,L001,101,DESPERDICIO,0.92,Validade / Avaria,2,2026-09-11 22:00:00,Sexta,0,Chuvoso,33.1,0
M4663,L003,102,SAIDA_CONSUMO,22.62,,2,2026-09-11 21:30:00,Sexta,0,Chuvoso,33.1,0
M4664,L004,103,SAIDA_CONSUMO,16.78,,2,2026-09-11 21:30:00,Sexta,0,Chuvoso,33.1,0
M4665,L006,104,SAIDA_CONSUMO,10.07,,2,2026-09-11 21:30:00,Sexta,0,Chuvoso,33.1,0
M4666,L007,105,SAIDA_CONSUMO,19.48,,2,2026-09-11 21:30:00,Sexta,0,Chuvoso,33.1,0
M4667,L009,106,SAIDA_CONSUMO,18.62,,2,2026-09-11 21:30:00,Sexta,0,Chuvoso,33.1,0
M4668,L010,107,SAIDA_CONSUMO,12.31,,2,2026-09-11 21:30:00,Sexta,0,Chuvoso,33.1,0
M4669,L012,108,SAIDA_CONSUMO,7.65,,2,2026-09-11 21:30:00,Sexta,0,Chuvoso,33.1,0
M4670,L013,109,SAIDA_CONSUMO,42.62,,2,2026-09-11 21:30:00,Sexta,0,Chuvoso,33.1,0
M4671,L015,110,SAIDA_CONSUMO,2.89,,2,2026-09-11 21:30:00,Sexta,0,Chuvoso,33.1,0
M4672,L001,101,SAIDA_CONSUMO,53.69,,2,2026-09-12 21:30:00,Sábado,1,Ensolarado,30.0,0
M4673,L003,102,SAIDA_CONSUMO,33.14,,2,2026-09-12 21:30:00,Sábado,1,Ensolarado,30.0,0
M4674,L004,103,SAIDA_CONSUMO,25.31,,2,2026-09-12 21:30:00,Sábado,1,Ensolarado,30.0,0
M4675,L006,104,SAIDA_CONSUMO,12.69,,2,2026-09-12 21:30:00,Sábado,1,Ensolarado,30.0,0
M4676,L007,105,SAIDA_CONSUMO,23.79,,2,2026-09-12 21:30:00,Sábado,1,Ensolarado,30.0,0
M4677,L009,106,SAIDA_CONSUMO,22.92,,2,2026-09-12 21:30:00,Sábado,1,Ensolarado,30.0,0
M4678,L010,107,SAIDA_CONSUMO,16.2,,2,2026-09-12 21:30:00,Sábado,1,Ensolarado,30.0,0
M4679,L010,107,DESPERDICIO,0.25,Sobras de Prato,2,2026-09-12 22:00:00,Sábado,1,Ensolarado,30.0,0
M4680,L012,108,SAIDA_CONSUMO,9.59,,2,2026-09-12 21:30:00,Sábado,1,Ensolarado,30.0,0
M4681,L013,109,SAIDA_CONSUMO,129.02,,2,2026-09-12 21:30:00,Sábado,1,Ensolarado,30.0,0
M4682,L015,110,SAIDA_CONSUMO,3.75,,2,2026-09-12 21:30:00,Sábado,1,Ensolarado,30.0,0
M4683,L001,101,SAIDA_CONSUMO,36.68,,2,2026-09-13 21:30:00,Domingo,0,Ensolarado,28.5,0
M4684,L003,102,SAIDA_CONSUMO,25.77,,2,2026-09-13 21:30:00,Domingo,0,Ensolarado,28.5,0
M4685,L004,103,SAIDA_CONSUMO,16.87,,2,2026-09-13 21:30:00,Domingo,0,Ensolarado,28.5,0
M4686,L006,104,SAIDA_CONSUMO,10.44,,2,2026-09-13 21:30:00,Domingo,0,Ensolarado,28.5,0
M4687,L007,105,SAIDA_CONSUMO,18.88,,2,2026-09-13 21:30:00,Domingo,0,Ensolarado,28.5,0
M4688,L009,106,SAIDA_CONSUMO,16.15,,2,2026-09-13 21:30:00,Domingo,0,Ensolarado,28.5,0
M4689,L010,107,SAIDA_CONSUMO,10.88,,2,2026-09-13 21:30:00,Domingo,0,Ensolarado,28.5,0
M4690,L012,108,SAIDA_CONSUMO,7.63,,2,2026-09-13 21:30:00,Domingo,0,Ensolarado,28.5,0
M4691,L013,109,SAIDA_CONSUMO,93.69,,2,2026-09-13 21:30:00,Domingo,0,Ensolarado,28.5,0
M4692,L015,110,SAIDA_CONSUMO,3.19,,2,2026-09-13 21:30:00,Domingo,0,Ensolarado,28.5,0
M4693,L001,101,SAIDA_CONSUMO,14.65,,2,2026-09-14 21:30:00,Segunda,0,Nublado,31.6,0
M4694,L003,102,SAIDA_CONSUMO,17.66,,2,2026-09-14 21:30:00,Segunda,0,Nublado,31.6,0
M4695,L004,103,SAIDA_CONSUMO,5.91,,2,2026-09-14 21:30:00,Segunda,0,Nublado,31.6,0
M4696,L004,103,DESPERDICIO,0.72,Erro de Preparo,2,2026-09-14 22:00:00,Segunda,0,Nublado,31.6,0
M4697,L006,104,SAIDA_CONSUMO,3.67,,2,2026-09-14 21:30:00,Segunda,0,Nublado,31.6,0
M4698,L007,105,SAIDA_CONSUMO,14.59,,2,2026-09-14 21:30:00,Segunda,0,Nublado,31.6,0
M4699,L009,106,SAIDA_CONSUMO,9.87,,2,2026-09-14 21:30:00,Segunda,0,Nublado,31.6,0
M4700,L010,107,SAIDA_CONSUMO,9.53,,2,2026-09-14 21:30:00,Segunda,0,Nublado,31.6,0
M4701,L012,108,SAIDA_CONSUMO,13.04,,2,2026-09-14 21:30:00,Segunda,0,Nublado,31.6,0
M4702,L013,109,SAIDA_CONSUMO,17.8,,2,2026-09-14 21:30:00,Segunda,0,Nublado,31.6,0
M4703,L015,110,SAIDA_CONSUMO,1.37,,2,2026-09-14 21:30:00,Segunda,0,Nublado,31.6,0
M4704,L001,101,SAIDA_CONSUMO,13.07,,2,2026-09-15 21:30:00,Terça,0,Chuvoso,31.6,0
M4705,L003,102,SAIDA_CONSUMO,14.92,,2,2026-09-15 21:30:00,Terça,0,Chuvoso,31.6,0
M4706,L004,103,SAIDA_CONSUMO,6.29,,2,2026-09-15 21:30:00,Terça,0,Chuvoso,31.6,0
M4707,L006,104,SAIDA_CONSUMO,3.93,,2,2026-09-15 21:30:00,Terça,0,Chuvoso,31.6,0
M4708,L007,105,SAIDA_CONSUMO,15.18,,2,2026-09-15 21:30:00,Terça,0,Chuvoso,31.6,0
M4709,L009,106,SAIDA_CONSUMO,9.7,,2,2026-09-15 21:30:00,Terça,0,Chuvoso,31.6,0
M4710,L010,107,SAIDA_CONSUMO,9.7,,2,2026-09-15 21:30:00,Terça,0,Chuvoso,31.6,0
M4711,L012,108,SAIDA_CONSUMO,14.02,,2,2026-09-15 21:30:00,Terça,0,Chuvoso,31.6,0
M4712,L013,109,SAIDA_CONSUMO,9.17,,2,2026-09-15 21:30:00,Terça,0,Chuvoso,31.6,0
M4713,L015,110,SAIDA_CONSUMO,1.55,,2,2026-09-15 21:30:00,Terça,0,Chuvoso,31.6,0
M4714,L001,101,SAIDA_CONSUMO,13.01,,2,2026-09-16 21:30:00,Quarta,0,Chuvoso,30.1,0
M4715,L001,101,DESPERDICIO,0.69,Sobras de Prato,2,2026-09-16 22:00:00,Quarta,0,Chuvoso,30.1,0
M4716,L003,102,SAIDA_CONSUMO,15.67,,2,2026-09-16 21:30:00,Quarta,0,Chuvoso,30.1,0
M4717,L004,103,SAIDA_CONSUMO,6.57,,2,2026-09-16 21:30:00,Quarta,0,Chuvoso,30.1,0
M4718,L006,104,SAIDA_CONSUMO,3.98,,2,2026-09-16 21:30:00,Quarta,0,Chuvoso,30.1,0
M4719,L007,105,SAIDA_CONSUMO,14.71,,2,2026-09-16 21:30:00,Quarta,0,Chuvoso,30.1,0
M4720,L009,106,SAIDA_CONSUMO,9.9,,2,2026-09-16 21:30:00,Quarta,0,Chuvoso,30.1,0
M4721,L010,107,SAIDA_CONSUMO,10.69,,2,2026-09-16 21:30:00,Quarta,0,Chuvoso,30.1,0
M4722,L012,108,SAIDA_CONSUMO,14.25,,2,2026-09-16 21:30:00,Quarta,0,Chuvoso,30.1,0
M4723,L013,109,SAIDA_CONSUMO,8.45,,2,2026-09-16 21:30:00,Quarta,0,Chuvoso,30.1,0
M4724,L015,110,SAIDA_CONSUMO,1.45,,2,2026-09-16 21:30:00,Quarta,0,Chuvoso,30.1,0
M4725,L001,101,SAIDA_CONSUMO,15.03,,2,2026-09-17 21:30:00,Quinta,0,Ensolarado,31.3,0
M4726,L003,102,SAIDA_CONSUMO,18.62,,2,2026-09-17 21:30:00,Quinta,0,Ensolarado,31.3,0
M4727,L004,103,SAIDA_CONSUMO,5.92,,2,2026-09-17 21:30:00,Quinta,0,Ensolarado,31.3,0
M4728,L006,104,SAIDA_CONSUMO,3.59,,2,2026-09-17 21:30:00,Quinta,0,Ensolarado,31.3,0
M4729,L007,105,SAIDA_CONSUMO,14.95,,2,2026-09-17 21:30:00,Quinta,0,Ensolarado,31.3,0
M4730,L009,106,SAIDA_CONSUMO,10.4,,2,2026-09-17 21:30:00,Quinta,0,Ensolarado,31.3,0
M4731,L010,107,SAIDA_CONSUMO,10.23,,2,2026-09-17 21:30:00,Quinta,0,Ensolarado,31.3,0
M4732,L012,108,SAIDA_CONSUMO,13.93,,2,2026-09-17 21:30:00,Quinta,0,Ensolarado,31.3,0
M4733,L013,109,SAIDA_CONSUMO,17.48,,2,2026-09-17 21:30:00,Quinta,0,Ensolarado,31.3,0
M4734,L015,110,SAIDA_CONSUMO,1.5,,2,2026-09-17 21:30:00,Quinta,0,Ensolarado,31.3,0
M4735,L001,101,SAIDA_CONSUMO,51.96,,2,2026-09-18 21:30:00,Sexta,0,Ensolarado,25.5,1
M4736,L003,102,SAIDA_CONSUMO,30.8,,2,2026-09-18 21:30:00,Sexta,0,Ensolarado,25.5,1
M4737,L004,103,SAIDA_CONSUMO,20.36,,2,2026-09-18 21:30:00,Sexta,0,Ensolarado,25.5,1
M4738,L006,104,SAIDA_CONSUMO,12.85,,2,2026-09-18 21:30:00,Sexta,0,Ensolarado,25.5,1
M4739,L007,105,SAIDA_CONSUMO,19.3,,2,2026-09-18 21:30:00,Sexta,0,Ensolarado,25.5,1
M4740,L009,106,SAIDA_CONSUMO,16.86,,2,2026-09-18 21:30:00,Sexta,0,Ensolarado,25.5,1
M4741,L010,107,SAIDA_CONSUMO,13.43,,2,2026-09-18 21:30:00,Sexta,0,Ensolarado,25.5,1
M4742,L012,108,SAIDA_CONSUMO,8.94,,2,2026-09-18 21:30:00,Sexta,0,Ensolarado,25.5,1
M4743,L013,109,SAIDA_CONSUMO,74.36,,2,2026-09-18 21:30:00,Sexta,0,Ensolarado,25.5,1
M4744,L015,110,SAIDA_CONSUMO,3.6,,2,2026-09-18 21:30:00,Sexta,0,Ensolarado,25.5,1
M4745,L001,101,SAIDA_CONSUMO,45.92,,2,2026-09-19 21:30:00,Sábado,0,Ensolarado,34.1,1
M4746,L003,102,SAIDA_CONSUMO,32.11,,2,2026-09-19 21:30:00,Sábado,0,Ensolarado,34.1,1
M4747,L004,103,SAIDA_CONSUMO,21.03,,2,2026-09-19 21:30:00,Sábado,0,Ensolarado,34.1,1
M4748,L006,104,SAIDA_CONSUMO,12.64,,2,2026-09-19 21:30:00,Sábado,0,Ensolarado,34.1,1
M4749,L007,105,SAIDA_CONSUMO,22.31,,2,2026-09-19 21:30:00,Sábado,0,Ensolarado,34.1,1
M4750,L009,106,SAIDA_CONSUMO,21.19,,2,2026-09-19 21:30:00,Sábado,0,Ensolarado,34.1,1
M4751,L010,107,SAIDA_CONSUMO,14.81,,2,2026-09-19 21:30:00,Sábado,0,Ensolarado,34.1,1
M4752,L010,107,DESPERDICIO,0.3,Validade / Avaria,2,2026-09-19 22:00:00,Sábado,0,Ensolarado,34.1,1
M4753,L012,108,SAIDA_CONSUMO,9.42,,2,2026-09-19 21:30:00,Sábado,0,Ensolarado,34.1,1
M4754,L013,109,SAIDA_CONSUMO,120.42,,2,2026-09-19 21:30:00,Sábado,0,Ensolarado,34.1,1
M4755,L015,110,SAIDA_CONSUMO,3.77,,2,2026-09-19 21:30:00,Sábado,0,Ensolarado,34.1,1
M4756,L015,110,DESPERDICIO,0.26,Validade / Avaria,2,2026-09-19 22:00:00,Sábado,0,Ensolarado,34.1,1
M4757,L001,101,SAIDA_CONSUMO,42.38,,2,2026-09-20 21:30:00,Domingo,0,Ensolarado,23.5,0
M4758,L003,102,SAIDA_CONSUMO,26.3,,2,2026-09-20 21:30:00,Domingo,0,Ensolarado,23.5,0
M4759,L004,103,SAIDA_CONSUMO,18.39,,2,2026-09-20 21:30:00,Domingo,0,Ensolarado,23.5,0
M4760,L006,104,SAIDA_CONSUMO,10.2,,2,2026-09-20 21:30:00,Domingo,0,Ensolarado,23.5,0
M4761,L007,105,SAIDA_CONSUMO,15.06,,2,2026-09-20 21:30:00,Domingo,0,Ensolarado,23.5,0
M4762,L009,106,SAIDA_CONSUMO,14.15,,2,2026-09-20 21:30:00,Domingo,0,Ensolarado,23.5,0
M4763,L010,107,SAIDA_CONSUMO,13.26,,2,2026-09-20 21:30:00,Domingo,0,Ensolarado,23.5,0
M4764,L012,108,SAIDA_CONSUMO,7.52,,2,2026-09-20 21:30:00,Domingo,0,Ensolarado,23.5,0
M4765,L013,109,SAIDA_CONSUMO,65.01,,2,2026-09-20 21:30:00,Domingo,0,Ensolarado,23.5,0
M4766,L015,110,SAIDA_CONSUMO,2.88,,2,2026-09-20 21:30:00,Domingo,0,Ensolarado,23.5,0
M4767,L001,101,SAIDA_CONSUMO,14.76,,2,2026-09-21 21:30:00,Segunda,0,Ensolarado,33.8,0
M4768,L003,102,SAIDA_CONSUMO,17.94,,2,2026-09-21 21:30:00,Segunda,0,Ensolarado,33.8,0
M4769,L004,103,SAIDA_CONSUMO,6.26,,2,2026-09-21 21:30:00,Segunda,0,Ensolarado,33.8,0
M4770,L006,104,SAIDA_CONSUMO,4.49,,2,2026-09-21 21:30:00,Segunda,0,Ensolarado,33.8,0
M4771,L007,105,SAIDA_CONSUMO,14.9,,2,2026-09-21 21:30:00,Segunda,0,Ensolarado,33.8,0
M4772,L009,106,SAIDA_CONSUMO,10.28,,2,2026-09-21 21:30:00,Segunda,0,Ensolarado,33.8,0
M4773,L010,107,SAIDA_CONSUMO,9.91,,2,2026-09-21 21:30:00,Segunda,0,Ensolarado,33.8,0
M4774,L012,108,SAIDA_CONSUMO,15.2,,2,2026-09-21 21:30:00,Segunda,0,Ensolarado,33.8,0
M4775,L013,109,SAIDA_CONSUMO,18.41,,2,2026-09-21 21:30:00,Segunda,0,Ensolarado,33.8,0
M4776,L015,110,SAIDA_CONSUMO,1.48,,2,2026-09-21 21:30:00,Segunda,0,Ensolarado,33.8,0
M4777,L015,110,DESPERDICIO,0.33,Sobras de Prato,2,2026-09-21 22:00:00,Segunda,0,Ensolarado,33.8,0
M4778,L001,101,SAIDA_CONSUMO,14.14,,2,2026-09-22 21:30:00,Terça,0,Ensolarado,27.4,0
M4779,L003,102,SAIDA_CONSUMO,18.04,,2,2026-09-22 21:30:00,Terça,0,Ensolarado,27.4,0
M4780,L004,103,SAIDA_CONSUMO,5.82,,2,2026-09-22 21:30:00,Terça,0,Ensolarado,27.4,0
M4781,L006,104,SAIDA_CONSUMO,3.84,,2,2026-09-22 21:30:00,Terça,0,Ensolarado,27.4,0
M4782,L007,105,SAIDA_CONSUMO,12.94,,2,2026-09-22 21:30:00,Terça,0,Ensolarado,27.4,0
M4783,L009,106,SAIDA_CONSUMO,7.72,,2,2026-09-22 21:30:00,Terça,0,Ensolarado,27.4,0
M4784,L010,107,SAIDA_CONSUMO,10.3,,2,2026-09-22 21:30:00,Terça,0,Ensolarado,27.4,0
M4785,L012,108,SAIDA_CONSUMO,14.5,,2,2026-09-22 21:30:00,Terça,0,Ensolarado,27.4,0
M4786,L013,109,SAIDA_CONSUMO,11.47,,2,2026-09-22 21:30:00,Terça,0,Ensolarado,27.4,0
M4787,L015,110,SAIDA_CONSUMO,1.44,,2,2026-09-22 21:30:00,Terça,0,Ensolarado,27.4,0
M4788,L001,101,SAIDA_CONSUMO,15.55,,2,2026-09-23 21:30:00,Quarta,0,Ensolarado,24.3,0
M4789,L003,102,SAIDA_CONSUMO,18.61,,2,2026-09-23 21:30:00,Quarta,0,Ensolarado,24.3,0
M4790,L004,103,SAIDA_CONSUMO,5.68,,2,2026-09-23 21:30:00,Quarta,0,Ensolarado,24.3,0
M4791,L006,104,SAIDA_CONSUMO,3.86,,2,2026-09-23 21:30:00,Quarta,0,Ensolarado,24.3,0
M4792,L007,105,SAIDA_CONSUMO,11.2,,2,2026-09-23 21:30:00,Quarta,0,Ensolarado,24.3,0
M4793,L009,106,SAIDA_CONSUMO,8.35,,2,2026-09-23 21:30:00,Quarta,0,Ensolarado,24.3,0
M4794,L010,107,SAIDA_CONSUMO,10.65,,2,2026-09-23 21:30:00,Quarta,0,Ensolarado,24.3,0
M4795,L012,108,SAIDA_CONSUMO,14.04,,2,2026-09-23 21:30:00,Quarta,0,Ensolarado,24.3,0
M4796,L013,109,SAIDA_CONSUMO,12.26,,2,2026-09-23 21:30:00,Quarta,0,Ensolarado,24.3,0
M4797,L015,110,SAIDA_CONSUMO,1.58,,2,2026-09-23 21:30:00,Quarta,0,Ensolarado,24.3,0
M4798,L001,101,SAIDA_CONSUMO,12.72,,2,2026-09-24 21:30:00,Quinta,0,Chuvoso,32.3,0
M4799,L003,102,SAIDA_CONSUMO,15.75,,2,2026-09-24 21:30:00,Quinta,0,Chuvoso,32.3,0
M4800,L004,103,SAIDA_CONSUMO,6.34,,2,2026-09-24 21:30:00,Quinta,0,Chuvoso,32.3,0
M4801,L004,103,DESPERDICIO,0.9,Sobras de Prato,2,2026-09-24 22:00:00,Quinta,0,Chuvoso,32.3,0
M4802,L006,104,SAIDA_CONSUMO,4.29,,2,2026-09-24 21:30:00,Quinta,0,Chuvoso,32.3,0
M4803,L007,105,SAIDA_CONSUMO,14.98,,2,2026-09-24 21:30:00,Quinta,0,Chuvoso,32.3,0
M4804,L009,106,SAIDA_CONSUMO,9.3,,2,2026-09-24 21:30:00,Quinta,0,Chuvoso,32.3,0
M4805,L010,107,SAIDA_CONSUMO,9.7,,2,2026-09-24 21:30:00,Quinta,0,Chuvoso,32.3,0
M4806,L012,108,SAIDA_CONSUMO,14.29,,2,2026-09-24 21:30:00,Quinta,0,Chuvoso,32.3,0
M4807,L013,109,SAIDA_CONSUMO,8.43,,2,2026-09-24 21:30:00,Quinta,0,Chuvoso,32.3,0
M4808,L015,110,SAIDA_CONSUMO,1.42,,2,2026-09-24 21:30:00,Quinta,0,Chuvoso,32.3,0
M4809,L001,101,SAIDA_CONSUMO,47.1,,2,2026-09-25 21:30:00,Sexta,1,Chuvoso,26.8,0
M4810,L003,102,SAIDA_CONSUMO,26.04,,2,2026-09-25 21:30:00,Sexta,1,Chuvoso,26.8,0
M4811,L004,103,SAIDA_CONSUMO,23.64,,2,2026-09-25 21:30:00,Sexta,1,Chuvoso,26.8,0
M4812,L006,104,SAIDA_CONSUMO,13.45,,2,2026-09-25 21:30:00,Sexta,1,Chuvoso,26.8,0
M4813,L007,105,SAIDA_CONSUMO,19.04,,2,2026-09-25 21:30:00,Sexta,1,Chuvoso,26.8,0
M4814,L009,106,SAIDA_CONSUMO,17.42,,2,2026-09-25 21:30:00,Sexta,1,Chuvoso,26.8,0
M4815,L010,107,SAIDA_CONSUMO,15.4,,2,2026-09-25 21:30:00,Sexta,1,Chuvoso,26.8,0
M4816,L012,108,SAIDA_CONSUMO,11.01,,2,2026-09-25 21:30:00,Sexta,1,Chuvoso,26.8,0
M4817,L013,109,SAIDA_CONSUMO,44.08,,2,2026-09-25 21:30:00,Sexta,1,Chuvoso,26.8,0
M4818,L015,110,SAIDA_CONSUMO,3.72,,2,2026-09-25 21:30:00,Sexta,1,Chuvoso,26.8,0
M4819,L001,101,SAIDA_CONSUMO,40.93,,2,2026-09-26 21:30:00,Sábado,0,Ensolarado,30.8,0
M4820,L003,102,SAIDA_CONSUMO,25.76,,2,2026-09-26 21:30:00,Sábado,0,Ensolarado,30.8,0
M4821,L004,103,SAIDA_CONSUMO,18.52,,2,2026-09-26 21:30:00,Sábado,0,Ensolarado,30.8,0
M4822,L006,104,SAIDA_CONSUMO,10.2,,2,2026-09-26 21:30:00,Sábado,0,Ensolarado,30.8,0
M4823,L007,105,SAIDA_CONSUMO,18.52,,2,2026-09-26 21:30:00,Sábado,0,Ensolarado,30.8,0
M4824,L009,106,SAIDA_CONSUMO,16.94,,2,2026-09-26 21:30:00,Sábado,0,Ensolarado,30.8,0
M4825,L010,107,SAIDA_CONSUMO,11.81,,2,2026-09-26 21:30:00,Sábado,0,Ensolarado,30.8,0
M4826,L012,108,SAIDA_CONSUMO,8.13,,2,2026-09-26 21:30:00,Sábado,0,Ensolarado,30.8,0
M4827,L013,109,SAIDA_CONSUMO,98.42,,2,2026-09-26 21:30:00,Sábado,0,Ensolarado,30.8,0
M4828,L015,110,SAIDA_CONSUMO,3.01,,2,2026-09-26 21:30:00,Sábado,0,Ensolarado,30.8,0
M4829,L001,101,SAIDA_CONSUMO,42.78,,2,2026-09-27 21:30:00,Domingo,0,Ensolarado,28.6,0
M4830,L003,102,SAIDA_CONSUMO,25.18,,2,2026-09-27 21:30:00,Domingo,0,Ensolarado,28.6,0
M4831,L004,103,SAIDA_CONSUMO,17.43,,2,2026-09-27 21:30:00,Domingo,0,Ensolarado,28.6,0
M4832,L006,104,SAIDA_CONSUMO,10.29,,2,2026-09-27 21:30:00,Domingo,0,Ensolarado,28.6,0
M4833,L007,105,SAIDA_CONSUMO,18.67,,2,2026-09-27 21:30:00,Domingo,0,Ensolarado,28.6,0
M4834,L009,106,SAIDA_CONSUMO,17.37,,2,2026-09-27 21:30:00,Domingo,0,Ensolarado,28.6,0
M4835,L010,107,SAIDA_CONSUMO,11.77,,2,2026-09-27 21:30:00,Domingo,0,Ensolarado,28.6,0
M4836,L010,107,DESPERDICIO,0.59,Quebra de Embalagem,2,2026-09-27 22:00:00,Domingo,0,Ensolarado,28.6,0
M4837,L012,108,SAIDA_CONSUMO,8.28,,2,2026-09-27 21:30:00,Domingo,0,Ensolarado,28.6,0
M4838,L013,109,SAIDA_CONSUMO,92.61,,2,2026-09-27 21:30:00,Domingo,0,Ensolarado,28.6,0
M4839,L015,110,SAIDA_CONSUMO,3.02,,2,2026-09-27 21:30:00,Domingo,0,Ensolarado,28.6,0
M4840,L001,101,SAIDA_CONSUMO,12.85,,2,2026-09-28 21:30:00,Segunda,0,Chuvoso,26.4,0
M4841,L003,102,SAIDA_CONSUMO,14.65,,2,2026-09-28 21:30:00,Segunda,0,Chuvoso,26.4,0
M4842,L004,103,SAIDA_CONSUMO,5.58,,2,2026-09-28 21:30:00,Segunda,0,Chuvoso,26.4,0
M4843,L006,104,SAIDA_CONSUMO,4.18,,2,2026-09-28 21:30:00,Segunda,0,Chuvoso,26.4,0
M4844,L007,105,SAIDA_CONSUMO,12.05,,2,2026-09-28 21:30:00,Segunda,0,Chuvoso,26.4,0
M4845,L009,106,SAIDA_CONSUMO,7.57,,2,2026-09-28 21:30:00,Segunda,0,Chuvoso,26.4,0
M4846,L010,107,SAIDA_CONSUMO,9.86,,2,2026-09-28 21:30:00,Segunda,0,Chuvoso,26.4,0
M4847,L012,108,SAIDA_CONSUMO,13.6,,2,2026-09-28 21:30:00,Segunda,0,Chuvoso,26.4,0
M4848,L013,109,SAIDA_CONSUMO,6.15,,2,2026-09-28 21:30:00,Segunda,0,Chuvoso,26.4,0
M4849,L015,110,SAIDA_CONSUMO,1.46,,2,2026-09-28 21:30:00,Segunda,0,Chuvoso,26.4,0
M4850,L001,101,SAIDA_CONSUMO,15.93,,2,2026-09-29 21:30:00,Terça,0,Ensolarado,33.7,0
M4851,L003,102,SAIDA_CONSUMO,18.59,,2,2026-09-29 21:30:00,Terça,0,Ensolarado,33.7,0
M4852,L004,103,SAIDA_CONSUMO,5.54,,2,2026-09-29 21:30:00,Terça,0,Ensolarado,33.7,0
M4853,L006,104,SAIDA_CONSUMO,4.28,,2,2026-09-29 21:30:00,Terça,0,Ensolarado,33.7,0
M4854,L006,104,DESPERDICIO,1.5,Validade / Avaria,2,2026-09-29 22:00:00,Terça,0,Ensolarado,33.7,0
M4855,L007,105,SAIDA_CONSUMO,14.86,,2,2026-09-29 21:30:00,Terça,0,Ensolarado,33.7,0
M4856,L009,106,SAIDA_CONSUMO,10.47,,2,2026-09-29 21:30:00,Terça,0,Ensolarado,33.7,0
M4857,L010,107,SAIDA_CONSUMO,10.3,,2,2026-09-29 21:30:00,Terça,0,Ensolarado,33.7,0
M4858,L012,108,SAIDA_CONSUMO,13.36,,2,2026-09-29 21:30:00,Terça,0,Ensolarado,33.7,0
M4859,L013,109,SAIDA_CONSUMO,18.03,,2,2026-09-29 21:30:00,Terça,0,Ensolarado,33.7,0
M4860,L015,110,SAIDA_CONSUMO,1.43,,2,2026-09-29 21:30:00,Terça,0,Ensolarado,33.7,0
M4861,L015,110,DESPERDICIO,1.13,Erro de Preparo,2,2026-09-29 22:00:00,Terça,0,Ensolarado,33.7,0
M4862,L001,101,SAIDA_CONSUMO,15.03,,2,2026-09-30 21:30:00,Quarta,0,Ensolarado,31.3,0
M4863,L003,102,SAIDA_CONSUMO,17.85,,2,2026-09-30 21:30:00,Quarta,0,Ensolarado,31.3,0
M4864,L004,103,SAIDA_CONSUMO,6.12,,2,2026-09-30 21:30:00,Quarta,0,Ensolarado,31.3,0
M4865,L006,104,SAIDA_CONSUMO,3.91,,2,2026-09-30 21:30:00,Quarta,0,Ensolarado,31.3,0
M4866,L007,105,SAIDA_CONSUMO,13.81,,2,2026-09-30 21:30:00,Quarta,0,Ensolarado,31.3,0
M4867,L009,106,SAIDA_CONSUMO,9.66,,2,2026-09-30 21:30:00,Quarta,0,Ensolarado,31.3,0
M4868,L010,107,SAIDA_CONSUMO,9.73,,2,2026-09-30 21:30:00,Quarta,0,Ensolarado,31.3,0
M4869,L012,108,SAIDA_CONSUMO,14.63,,2,2026-09-30 21:30:00,Quarta,0,Ensolarado,31.3,0
M4870,L013,109,SAIDA_CONSUMO,17.02,,2,2026-09-30 21:30:00,Quarta,0,Ensolarado,31.3,0
M4871,L015,110,SAIDA_CONSUMO,1.65,,2,2026-09-30 21:30:00,Quarta,0,Ensolarado,31.3,0
